,class,cap-shape,cap-surface,cap-color,bruises,odor,gill-attachment,gill-spacing,gill-size,gill-color,stalk-shape,stalk-root,stalk-surface-above-ring,stalk-surface-below-ring,stalk-color-above-ring,stalk-color-below-ring,veil-type,veil-color,ring-number,ring-type,spore-print-color,population,habitat,label
0,1,5,2,4,1,6,1,0,1,4,0,3,2,2,7,7,0,2,1,4,2,3,5,2
1,0,5,2,9,1,0,1,0,0,4,0,2,2,2,7,7,0,2,1,4,3,2,1,2
2,0,0,2,8,1,3,1,0,0,5,0,2,2,2,7,7,0,2,1,4,3,2,3,2
3,1,5,3,8,1,6,1,0,1,5,0,3,2,2,7,7,0,2,1,4,2,3,5,2
4,0,5,2,3,0,5,1,1,0,4,1,3,2,2,7,7,0,2,1,0,3,0,1,2
5,0,5,3,9,1,0,1,0,0,5,0,2,2,2,7,7,0,2,1,4,2,2,1,2
6,0,0,2,8,1,0,1,0,0,2,0,2,2,2,7,7,0,2,1,4,2,2,3,2
7,0,0,3,8,1,3,1,0,0,5,0,2,2,2,7,7,0,2,1,4,3,3,3,2
8,1,5,3,8,1,6,1,0,1,7,0,3,2,2,7,7,0,2,1,4,2,4,1,0
9,0,0,2,9,1,0,1,0,0,2,0,2,2,2,7,7,0,2,1,4,2,3,3,2
10,0,5,3,9,1,3,1,0,0,2,0,2,2,2,7,7,0,2,1,4,3,2,1,2
11,0,5,3,9,1,0,1,0,0,5,0,2,2,2,7,7,0,2,1,4,2,3,3,2
12,0,0,2,9,1,0,1,0,0,10,0,2,2,2,7,7,0,2,1,4,3,3,1,0
13,1,5,3,8,1,6,1,0,1,4,0,3,2,2,7,7,0,2,1,4,3,4,5,2
14,0,5,0,4,0,5,1,1,0,5,1,3,2,0,7,7,0,2,1,0,2,0,1,2
15,0,4,0,3,0,5,1,0,1,4,0,3,2,2,7,7,0,2,1,4,3,5,5,2
16,0,2,0,8,0,5,1,1,0,4,1,3,2,2,7,7,0,2,1,0,3,0,1,2
17,1,5,2,4,1,6,1,0,1,5,0,3,2,2,7,7,0,2,1,4,2,3,1,0
18,1,5,3,8,1,6,1,0,1,5,0,3,2,2,7,7,0,2,1,4,3,3,5,2
19,1,5,2,4,1,6,1,0,1,4,0,3,2,2,7,7,0,2,1,4,3,3,5,2
20,0,0,2,9,1,0,1,0,0,4,0,2,2,2,7,7,0,2,1,4,3,3,3,2
21,1,5,3,4,1,6,1,0,1,5,0,3,2,2,7,7,0,2,1,4,3,4,1,0
22,0,0,3,9,1,3,1,0,0,4,0,2,2,2,7,7,0,2,1,4,3,3,3,2
23,0,0,3,8,1,0,1,0,0,10,0,2,2,2,7,7,0,2,1,4,3,2,3,0
24,0,0,2,8,1,3,1,0,0,2,0,2,2,2,7,7,0,2,1,4,2,3,3,2
25,1,2,2,8,1,6,1,0,1,5,0,3,2,2,7,7,0,2,1,4,3,4,1,2
26,0,5,3,9,1,0,1,0,0,5,0,2,2,2,7,7,0,2,1,4,3,2,3,2
27,0,5,3,8,1,3,1,0,0,10,0,2,2,2,7,7,0,2,1,4,3,2,3,0
28,0,2,0,4,0,5,1,0,1,4,0,3,2,2,7,7,0,2,1,4,2,5,5,2
29,0,5,2,9,1,0,1,1,1,5,1,1,2,2,7,7,0,2,1,4,3,4,0,2
30,0,0,2,9,1,3,1,0,0,2,0,2,2,2,7,7,0,2,1,4,3,2,3,2
31,1,5,3,8,1,6,1,0,1,4,0,3,2,2,7,7,0,2,1,4,3,3,5,2
32,0,5,3,9,1,3,1,0,0,5,0,2,2,2,7,7,0,2,1,4,3,2,3,2
33,0,5,3,4,1,3,1,0,0,7,0,4,2,3,7,7,0,2,1,4,3,5,4,0
34,0,0,3,9,1,3,1,0,0,5,0,2,2,2,7,7,0,2,1,4,3,3,3,2
35,0,5,0,9,1,3,1,1,1,10,1,1,2,2,7,7,0,2,1,4,3,4,0,0
36,0,4,0,3,0,5,1,0,1,4,0,3,2,2,7,7,0,2,1,4,2,4,5,2
37,1,5,3,4,1,6,1,0,1,10,0,3,2,2,7,7,0,2,1,4,3,3,5,0
38,0,5,0,9,1,0,1,1,1,7,1,1,2,2,7,7,0,2,1,4,3,4,0,2
39,0,0,2,9,1,3,1,0,0,4,0,2,2,2,7,7,0,2,1,4,2,3,3,2
40,0,0,3,9,1,0,1,0,0,5,0,2,2,2,7,7,0,2,1,4,3,3,1,2
41,0,5,3,9,1,3,1,0,0,5,0,4,2,3,7,7,0,2,1,4,2,5,4,2
42,0,5,0,4,0,5,1,0,1,2,0,3,2,2,7,7,0,2,1,4,2,5,5,2
43,1,5,3,8,1,6,1,0,1,7,0,3,2,2,7,7,0,2,1,4,3,4,1,0
44,0,5,2,9,1,0,1,0,0,10,0,2,2,2,7,7,0,2,1,4,2,2,3,0
45,0,5,3,8,1,0,1,0,0,5,0,2,2,2,7,7,0,2,1,4,3,2,1,2
46,0,5,3,9,1,3,1,0,0,4,0,2,2,2,7,7,0,2,1,4,2,3,3,2
47,0,5,2,8,1,3,1,0,0,10,0,2,2,2,7,7,0,2,1,4,3,2,3,0
48,0,5,3,9,1,3,1,0,0,5,0,4,2,3,7,7,0,2,1,4,3,3,4,2
49,0,2,3,9,1,3,1,0,0,10,0,4,2,3,7,7,0,2,1,4,2,3,4,0
50,0,5,3,4,1,0,1,0,0,10,0,4,2,3,7,7,0,2,1,4,2,3,1,0
51,0,5,2,8,1,3,1,0,0,4,0,2,2,2,7,7,0,2,1,4,2,3,1,2
52,0,0,2,8,1,3,1,0,0,4,0,2,2,2,7,7,0,2,1,4,3,2,3,2
53,1,5,3,4,1,6,1,0,1,4,0,3,2,2,7,7,0,2,1,4,3,4,5,2
54,1,5,2,8,1,6,1,0,1,4,0,3,2,2,7,7,0,2,1,4,2,4,5,2
55,0,0,3,9,1,0,1,0,0,10,0,2,2,2,7,7,0,2,1,4,2,3,3,0
56,0,2,0,3,0,5,1,1,0,5,1,3,2,2,7,7,0,2,1,0,3,0,1,2
57,0,0,2,8,1,0,1,0,0,10,0,2,2,2,7,7,0,2,1,4,3,2,1,0
58,0,5,2,9,1,3,1,0,0,4,0,2,2,2,7,7,0,2,1,4,2,2,1,2
59,0,5,3,4,1,0,1,0,0,7,0,4,2,3,7,7,0,2,1,4,2,5,4,0
60,0,4,0,3,0,5,1,0,1,4,0,3,2,2,7,7,0,2,1,4,3,4,5,2
61,0,0,3,9,1,0,1,0,0,4,0,2,2,2,7,7,0,2,1,4,3,3,3,2
62,0,0,2,9,1,3,1,0,0,2,0,2,2,2,7,7,0,2,1,4,3,3,3,2
63,0,0,3,9,1,3,1,0,0,2,0,2,2,2,7,7,0,2,1,4,3,2,3,2
64,0,0,3,8,1,3,1,0,0,5,0,2,2,2,7,7,0,2,1,4,3,3,1,2
65,0,2,2,4,0,5,1,1,0,4,1,3,2,2,7,7,0,2,1,0,2,0,1,2
66,0,5,2,8,1,3,1,0,0,5,0,2,2,2,7,7,0,2,1,4,2,3,1,2
67,0,2,3,9,1,0,1,0,0,10,0,4,2,3,7,7,0,2,1,4,3,3,1,0
68,0,5,3,9,1,0,1,0,0,10,0,2,2,2,7,7,0,2,1,4,2,2,1,0
69,0,5,0,3,0,5,1,0,1,7,0,3,2,2,7,7,0,2,1,4,3,4,5,0
70,0,2,0,9,1,3,1,1,1,7,1,1,2,2,7,7,0,2,1,4,3,4,0,2
71,0,0,3,8,1,3,1,0,0,2,0,2,2,2,7,7,0,2,1,4,3,3,3,2
72,0,2,0,9,1,3,1,1,1,10,1,1,2,2,7,7,0,2,1,4,3,4,0,0
73,0,5,3,4,1,0,1,0,0,7,0,4,2,3,7,7,0,2,1,4,2,3,4,0
74,0,0,2,9,1,0,1,0,0,4,0,2,2,2,7,7,0,2,1,4,2,3,1,2
75,0,2,2,9,1,3,1,1,1,7,1,1,2,2,7,7,0,2,1,4,3,4,0,2
76,0,5,2,8,1,3,1,1,1,5,1,1,2,2,7,7,0,2,1,4,6,4,0,2
77,0,2,3,4,1,3,1,0,0,7,0,4,2,3,7,7,0,2,1,4,3,5,4,0
78,1,5,3,4,1,6,1,0,1,10,0,3,2,2,7,7,0,2,1,4,3,4,5,0
79,0,2,3,4,1,0,1,0,0,5,0,4,2,3,7,7,0,2,1,4,3,5,1,2
80,0,5,2,4,0,5,1,1,0,4,1,3,0,2,7,7,0,2,1,0,3,3,1,2
81,1,5,3,8,1,6,1,0,1,10,0,3,2,2,7,7,0,2,1,4,2,3,1,0
82,0,2,0,3,0,5,1,0,1,5,0,3,2,2,7,7,0,2,1,4,3,5,5,0
83,0,5,0,3,0,5,1,1,0,5,1,3,2,2,7,7,0,2,1,0,3,3,1,0
84,0,5,3,9,1,3,1,0,0,10,0,4,2,3,7,7,0,2,1,4,2,3,1,0
85,0,5,2,4,0,5,1,1,0,4,1,3,2,2,7,7,0,2,1,0,2,3,1,2
86,0,0,2,8,1,0,1,0,0,10,0,2,2,2,7,7,0,2,1,4,2,3,1,0
87,0,5,2,8,1,3,1,0,0,5,0,2,2,2,7,7,0,2,1,4,3,3,1,2
88,0,2,3,4,1,3,1,0,0,10,0,4,2,3,7,7,0,2,1,4,2,5,1,0
89,0,4,0,4,0,5,1,0,1,5,0,3,2,2,7,7,0,2,1,4,3,4,5,0
90,0,5,0,4,0,5,1,0,1,5,0,3,2,2,7,7,0,2,1,4,3,5,5,0
91,0,0,2,8,1,3,1,0,0,4,0,2,2,2,7,7,0,2,1,4,2,3,1,2
92,0,5,3,9,1,0,1,0,0,2,0,2,2,2,7,7,0,2,1,4,2,3,1,2
93,0,5,3,9,1,3,1,0,0,2,0,2,2,2,7,7,0,2,1,4,2,2,3,2
94,0,5,2,4,0,5,1,1,0,5,1,3,2,2,7,7,0,2,1,0,3,0,1,2
95,0,5,2,8,1,0,1,0,0,2,0,2,2,2,7,7,0,2,1,4,3,3,1,2
96,0,2,3,4,1,3,1,0,0,7,0,4,2,3,7,7,0,2,1,4,3,3,1,0
97,0,5,2,9,1,0,1,0,0,5,0,2,2,2,7,7,0,2,1,4,2,2,1,2
98,0,0,2,8,1,0,1,0,0,2,0,2,2,2,7,7,0,2,1,4,3,3,1,2
99,0,5,3,8,1,0,1,0,0,2,0,2,2,2,7,7,0,2,1,4,2,3,1,2
100,0,5,0,4,0,5,1,1,0,7,1,3,0,2,7,7,0,2,1,0,2,3,1,0
101,0,0,2,9,1,3,1,0,0,5,0,2,2,2,7,7,0,2,1,4,2,2,1,2
102,0,2,3,9,1,3,1,0,0,10,0,4,2,3,7,7,0,2,1,4,3,3,1,0
103,0,5,3,9,1,0,1,0,0,5,0,4,2,3,7,7,0,2,1,4,2,5,4,2
104,0,0,3,8,1,3,1,0,0,2,0,2,2,2,7,7,0,2,1,4,3,2,1,2
105,0,5,3,9,1,0,1,0,0,5,0,2,2,2,7,7,0,2,1,4,2,2,3,2
106,0,5,3,9,1,0,1,0,0,10,0,4,2,3,7,7,0,2,1,4,3,5,1,0
107,0,0,3,8,1,3,1,0,0,5,0,2,2,2,7,7,0,2,1,4,2,3,3,2
108,0,0,3,8,1,0,1,0,0,2,0,2,2,2,7,7,0,2,1,4,3,3,3,2
109,0,5,2,9,1,0,1,0,0,4,0,2,2,2,7,7,0,2,1,4,2,2,3,2
110,0,5,2,9,1,3,1,0,0,10,0,2,2,2,7,7,0,2,1,4,2,2,1,0
111,0,4,0,3,0,5,1,0,1,2,0,3,2,2,7,7,0,2,1,4,2,5,5,2
112,0,5,0,8,1,0,1,1,1,10,1,1,2,2,7,7,0,2,1,4,6,4,0,0
113,0,5,2,9,1,0,1,0,0,5,0,2,2,2,7,7,0,2,1,4,2,2,3,2
114,1,5,3,8,1,6,1,0,1,5,0,3,2,2,7,7,0,2,1,4,3,4,5,2
115,0,5,3,9,1,3,1,0,0,7,0,4,2,3,7,7,0,2,1,4,3,3,1,2
116,0,4,0,3,0,5,1,0,1,7,0,3,2,2,7,7,0,2,1,4,3,5,5,0
117,0,5,3,9,1,3,1,0,0,10,0,4,2,3,7,7,0,2,1,4,2,5,1,0
118,0,5,2,9,1,3,1,1,1,7,1,1,2,2,7,7,0,2,1,4,6,4,0,0
119,0,4,0,4,0,5,1,0,1,4,0,3,2,2,7,7,0,2,1,4,3,5,5,2
120,1,5,2,8,1,6,1,0,1,4,0,3,2,2,7,7,0,2,1,4,2,4,1,2
121,0,5,3,8,1,0,1,0,0,2,0,2,2,2,7,7,0,2,1,4,3,2,3,2
122,1,2,3,4,1,6,1,0,1,7,0,3,2,2,7,7,0,2,1,4,2,4,1,0
123,0,2,2,3,0,5,1,1,0,4,1,3,2,2,7,7,0,2,1,0,3,0,1,2
124,0,5,2,9,1,3,1,0,0,2,0,2,2,2,7,7,0,2,1,4,3,3,3,2
125,0,5,2,8,0,5,1,1,0,5,1,3,2,0,7,7,0,2,1,0,2,3,1,2
126,0,0,2,9,1,0,1,0,0,10,0,2,2,2,7,7,0,2,1,4,3,2,1,0
127,0,2,0,3,0,5,1,1,0,3,1,3,2,2,7,7,0,2,1,0,3,0,1,2
128,0,5,2,8,1,3,1,0,0,5,0,2,2,2,7,7,0,2,1,4,2,2,1,2
129,0,0,2,8,1,3,1,0,0,5,0,2,2,2,7,7,0,2,1,4,3,3,3,2
130,0,0,2,8,1,3,1,0,0,10,0,2,2,2,7,7,0,2,1,4,3,3,1,0
131,0,0,3,8,1,3,1,0,0,10,0,2,2,2,7,7,0,2,1,4,3,3,3,0
132,0,2,2,8,1,3,1,1,1,10,1,1,2,2,7,7,0,2,1,4,6,4,0,0
133,0,5,3,9,1,3,1,0,0,2,0,2,2,2,7,7,0,2,1,4,2,3,3,2
134,0,2,2,8,1,0,1,1,1,7,1,1,2,2,7,7,0,2,1,4,3,4,0,2
135,1,5,3,8,1,6,1,0,1,10,0,3,2,2,7,7,0,2,1,4,3,4,5,0
136,0,2,0,8,1,3,1,1,1,10,1,1,2,2,7,7,0,2,1,4,3,4,0,0
137,0,5,3,9,1,0,1,0,0,5,0,2,2,2,7,7,0,2,1,4,3,3,1,2
138,1,5,2,4,1,6,1,0,1,7,0,3,2,2,7,7,0,2,1,4,3,4,1,0
139,0,0,2,9,1,3,1,0,0,10,0,2,2,2,7,7,0,2,1,4,3,2,1,0
140,0,5,3,4,1,0,1,0,0,10,0,4,2,3,7,7,0,2,1,4,2,5,4,0
141,0,0,3,9,1,3,1,0,0,2,0,2,2,2,7,7,0,2,1,4,2,2,3,2
142,0,4,0,4,0,5,1,0,1,4,0,3,2,2,7,7,0,2,1,4,3,4,5,2
143,0,2,3,4,1,0,1,0,0,10,0,4,2,3,7,7,0,2,1,4,2,5,4,0
144,0,5,3,9,1,0,1,0,0,4,0,2,2,2,7,7,0,2,1,4,2,2,1,2
145,0,5,0,3,0,5,1,1,0,4,1,3,0,0,7,7,0,2,1,0,2,3,1,2
146,0,2,0,8,0,5,1,1,0,4,1,3,2,0,7,7,0,2,1,0,3,0,1,2
147,0,5,3,9,1,3,1,0,0,10,0,2,2,2,7,7,0,2,1,4,3,2,3,0
148,0,0,2,9,1,3,1,0,0,4,0,2,2,2,7,7,0,2,1,4,2,2,1,2
149,0,0,3,8,1,0,1,0,0,2,0,2,2,2,7,7,0,2,1,4,2,2,3,2
150,0,5,3,8,1,0,1,0,0,10,0,2,2,2,7,7,0,2,1,4,3,3,1,0
151,0,5,2,4,0,5,1,1,0,7,1,3,0,2,7,7,0,2,1,0,3,0,1,0
152,0,5,3,8,1,3,1,0,0,2,0,2,2,2,7,7,0,2,1,4,3,3,1,2
153,0,4,0,4,0,5,1,0,1,4,0,3,2,2,7,7,0,2,1,4,2,4,5,2
154,0,5,2,8,1,0,1,1,1,10,1,1,2,2,7,7,0,2,1,4,6,4,0,0
155,0,5,3,4,1,3,1,0,0,10,0,4,2,3,7,7,0,2,1,4,2,3,1,0
156,0,0,3,9,1,0,1,0,0,4,0,2,2,2,7,7,0,2,1,4,3,2,1,2
157,0,5,3,8,1,0,1,0,0,4,0,2,2,2,7,7,0,2,1,4,3,2,1,2
158,0,0,3,8,1,0,1,0,0,5,0,2,2,2,7,7,0,2,1,4,2,3,3,2
159,0,0,2,9,1,0,1,0,0,2,0,2,2,2,7,7,0,2,1,4,2,3,1,2
160,0,0,2,9,1,3,1,0,0,2,0,2,2,2,7,7,0,2,1,4,2,3,3,2
161,0,0,3,9,1,0,1,0,0,5,0,2,2,2,7,7,0,2,1,4,2,2,1,2
162,0,5,0,4,0,5,1,0,1,4,0,3,2,2,7,7,0,2,1,4,3,5,5,2
163,0,2,3,4,1,3,1,0,0,5,0,4,2,3,7,7,0,2,1,4,3,5,1,0
164,0,5,3,8,1,0,1,0,0,4,0,2,2,2,7,7,0,2,1,4,3,3,1,2
165,0,2,3,9,1,3,1,0,0,10,0,4,2,3,7,7,0,2,1,4,3,5,4,0
166,0,0,2,8,1,0,1,0,0,10,0,2,2,2,7,7,0,2,1,4,3,3,1,0
167,0,0,2,8,1,0,1,0,0,10,0,2,2,2,7,7,0,2,1,4,2,3,3,0
168,0,5,3,4,1,3,1,0,0,10,0,4,2,3,7,7,0,2,1,4,2,5,1,0
169,0,0,2,8,1,0,1,0,0,4,0,2,2,2,7,7,0,2,1,4,2,3,1,2
170,0,5,0,3,0,5,1,0,1,2,0,3,2,2,7,7,0,2,1,4,3,5,5,2
171,0,0,2,9,1,3,1,0,0,4,0,2,2,2,7,7,0,2,1,4,3,3,1,2
172,0,5,0,9,1,3,1,1,1,5,1,1,2,2,7,7,0,2,1,4,6,4,0,2
173,0,0,3,9,1,0,1,0,0,10,0,2,2,2,7,7,0,2,1,4,2,3,1,0
174,0,2,3,9,1,3,1,0,0,7,0,4,2,3,7,7,0,2,1,4,3,3,1,2
175,0,0,3,8,1,3,1,0,0,10,0,2,2,2,7,7,0,2,1,4,2,2,3,0
176,0,0,3,8,1,0,1,0,0,4,0,2,2,2,7,7,0,2,1,4,2,2,3,2
177,0,0,3,9,1,0,1,0,0,2,0,2,2,2,7,7,0,2,1,4,3,3,1,2
178,0,5,3,9,1,3,1,0,0,2,0,2,2,2,7,7,0,2,1,4,3,2,3,2
179,0,0,2,9,1,3,1,0,0,2,0,2,2,2,7,7,0,2,1,4,3,2,1,2
180,1,5,3,8,1,6,1,0,1,7,0,3,2,2,7,7,0,2,1,4,3,4,5,2
181,0,4,0,4,0,5,1,0,1,2,0,3,2,2,7,7,0,2,1,4,3,5,5,2
182,0,2,0,4,0,5,1,0,1,2,0,3,2,2,7,7,0,2,1,4,2,4,5,2
183,0,5,2,9,1,0,1,0,0,2,0,2,2,2,7,7,0,2,1,4,3,3,3,2
184,0,2,3,4,1,0,1,0,0,7,0,4,2,3,7,7,0,2,1,4,2,3,4,0
185,1,5,3,8,1,6,1,0,1,4,0,3,2,2,7,7,0,2,1,4,2,3,1,2
186,0,0,2,8,1,3,1,0,0,2,0,2,2,2,7,7,0,2,1,4,3,3,3,2
187,0,2,0,3,0,5,1,0,1,7,0,3,2,2,7,7,0,2,1,4,2,4,5,0
188,0,0,3,9,1,3,1,0,0,2,0,2,2,2,7,7,0,2,1,4,3,2,1,2
189,0,5,3,4,1,0,1,0,0,10,0,4,2,3,7,7,0,2,1,4,3,5,4,0
190,0,5,0,8,0,5,1,1,0,7,1,3,2,0,7,7,0,2,1,0,2,3,1,2
191,0,5,2,8,1,3,1,1,1,10,1,1,2,2,7,7,0,2,1,4,3,4,0,0
192,0,0,2,8,1,3,1,0,0,10,0,2,2,2,7,7,0,2,1,4,3,3,3,0
193,0,2,2,9,1,0,1,1,1,10,1,1,2,2,7,7,0,2,1,4,3,4,0,0
194,0,5,2,9,1,0,1,0,0,4,0,2,2,2,7,7,0,2,1,4,3,2,3,2
195,0,2,0,3,0,5,1,0,1,2,0,3,2,2,7,7,0,2,1,4,3,5,5,2
196,0,0,2,9,1,0,1,0,0,5,0,2,2,2,7,7,0,2,1,4,2,3,1,2
197,0,5,2,8,1,3,1,0,0,2,0,2,2,2,7,7,0,2,1,4,3,2,3,2
198,0,5,3,8,1,3,1,0,0,5,0,2,2,2,7,7,0,2,1,4,3,3,3,2
199,0,2,2,8,1,0,1,1,1,5,1,1,2,2,7,7,0,2,1,4,3,4,0,2
200,0,5,3,9,1,3,1,0,0,10,0,2,2,2,7,7,0,2,1,4,3,3,1,0
201,0,0,2,8,1,3,1,0,0,10,0,2,2,2,7,7,0,2,1,4,2,3,1,0
202,0,5,2,8,1,0,1,0,0,2,0,2,2,2,7,7,0,2,1,4,2,2,1,2
203,0,5,0,8,0,5,1,1,0,3,1,3,0,2,7,7,0,2,1,0,2,3,1,2
204,0,2,3,4,1,3,1,0,0,5,0,4,2,3,7,7,0,2,1,4,2,5,4,2
205,1,5,2,8,1,6,1,0,1,4,0,3,2,2,7,7,0,2,1,4,3,4,5,2
206,0,0,2,8,1,0,1,0,0,5,0,2,2,2,7,7,0,2,1,4,3,2,1,2
207,0,0,2,8,1,0,1,0,0,4,0,2,2,2,7,7,0,2,1,4,2,3,3,2
208,0,0,3,8,1,3,1,0,0,5,0,2,2,2,7,7,0,2,1,4,3,2,1,2
209,0,0,3,8,1,0,1,0,0,10,0,2,2,2,7,7,0,2,1,4,2,2,1,0
210,0,5,2,9,1,0,1,0,0,10,0,2,2,2,7,7,0,2,1,4,2,3,1,0
211,0,0,2,8,1,3,1,0,0,10,0,2,2,2,7,7,0,2,1,4,2,2,3,0
212,0,5,0,9,1,0,1,1,1,5,1,1,2,2,7,7,0,2,1,4,3,4,0,2
213,0,5,0,3,0,5,1,0,1,5,0,3,2,2,7,7,0,2,1,4,3,5,5,0
214,0,2,3,9,1,0,1,0,0,5,0,4,2,3,7,7,0,2,1,4,3,3,1,2
215,0,0,2,8,1,3,1,0,0,5,0,2,2,2,7,7,0,2,1,4,2,2,3,2
216,0,5,2,9,1,0,1,0,0,2,0,2,2,2,7,7,0,2,1,4,2,3,1,2
217,0,5,3,9,1,0,1,0,0,4,0,2,2,2,7,7,0,2,1,4,2,3,1,2
218,0,5,3,8,1,3,1,0,0,10,0,2,2,2,7,7,0,2,1,4,3,3,1,0
219,0,4,0,3,0,5,1,0,1,7,0,3,2,2,7,7,0,2,1,4,3,4,5,0
220,0,5,2,8,1,0,1,0,0,5,0,2,2,2,7,7,0,2,1,4,3,2,3,2
221,1,5,2,8,1,6,1,0,1,4,0,3,2,2,7,7,0,2,1,4,2,3,1,2
222,0,5,3,9,1,0,1,0,0,5,0,4,2,3,7,7,0,2,1,4,3,3,1,2
223,0,2,0,8,1,0,1,1,1,7,1,1,2,2,7,7,0,2,1,4,3,4,0,2
224,0,5,3,8,1,3,1,0,0,2,0,2,2,2,7,7,0,2,1,4,2,2,3,2
225,0,0,3,8,1,3,1,0,0,5,0,2,2,2,7,7,0,2,1,4,2,3,1,2
226,0,5,2,8,1,0,1,0,0,2,0,2,2,2,7,7,0,2,1,4,3,2,1,2
227,0,5,2,9,1,0,1,0,0,2,0,2,2,2,7,7,0,2,1,4,3,3,1,2
228,1,5,3,4,1,6,1,0,1,7,0,3,2,2,7,7,0,2,1,4,2,4,5,0
229,0,0,2,9,1,0,1,0,0,5,0,2,2,2,7,7,0,2,1,4,3,2,1,2
230,0,5,0,3,0,5,1,0,1,5,0,3,2,2,7,7,0,2,1,4,2,5,5,0
231,1,5,3,8,1,6,1,0,1,4,0,3,2,2,7,7,0,2,1,4,2,3,5,2
232,0,5,3,9,1,3,1,0,0,5,0,4,2,3,7,7,0,2,1,4,3,5,4,2
233,0,2,0,4,0,5,1,0,1,4,0,3,2,2,7,7,0,2,1,4,2,4,5,2
234,0,0,2,8,1,3,1,0,0,4,0,2,2,2,7,7,0,2,1,4,3,2,1,2
235,0,5,0,8,1,3,1,1,1,10,1,1,2,2,7,7,0,2,1,4,3,4,0,0
236,0,5,3,8,1,3,1,0,0,10,0,2,2,2,7,7,0,2,1,4,2,3,1,0
237,0,0,3,9,1,3,1,0,0,5,0,2,2,2,7,7,0,2,1,4,3,3,1,2
238,0,5,3,9,1,3,1,0,0,5,0,4,2,3,7,7,0,2,1,4,2,3,1,2
239,0,2,3,9,1,0,1,0,0,7,0,4,2,3,7,7,0,2,1,4,2,3,4,2
240,0,2,3,9,1,0,1,0,0,10,0,4,2,3,7,7,0,2,1,4,2,5,4,0
241,0,5,2,8,1,3,1,0,0,10,0,2,2,2,7,7,0,2,1,4,2,3,1,0
242,0,5,2,8,1,0,1,0,0,10,0,2,2,2,7,7,0,2,1,4,3,2,3,0
243,1,5,2,8,1,6,1,0,1,5,0,3,2,2,7,7,0,2,1,4,2,4,5,2
244,0,2,0,8,1,0,1,1,1,7,1,1,2,2,7,7,0,2,1,4,6,4,0,2
245,0,5,2,8,1,3,1,0,0,10,0,2,2,2,7,7,0,2,1,4,3,3,1,0
246,0,5,2,8,1,3,1,1,1,7,1,1,2,2,7,7,0,2,1,4,6,4,0,0
247,0,5,3,8,1,0,1,0,0,5,0,2,2,2,7,7,0,2,1,4,2,3,3,2
248,0,2,3,9,1,3,1,0,0,10,0,4,2,3,7,7,0,2,1,4,2,5,4,0
249,0,5,2,4,0,5,1,1,0,7,1,3,0,2,7,7,0,2,1,0,2,3,1,0
250,0,2,3,9,1,0,1,0,0,10,0,4,2,3,7,7,0,2,1,4,3,5,1,0
251,1,5,2,4,1,6,1,0,1,7,0,3,2,2,7,7,0,2,1,4,3,3,1,0
252,0,4,0,4,0,5,1,0,1,2,0,3,2,2,7,7,0,2,1,4,3,4,5,2
253,0,0,3,9,1,3,1,0,0,10,0,2,2,2,7,7,0,2,1,4,3,3,3,0
254,0,0,2,8,1,3,1,0,0,5,0,2,2,2,7,7,0,2,1,4,3,3,1,2
255,0,0,3,8,1,3,1,0,0,4,0,2,2,2,7,7,0,2,1,4,3,2,3,2
256,0,2,0,4,0,5,1,0,1,4,0,3,2,2,7,7,0,2,1,4,3,4,5,2
257,0,5,2,8,1,0,1,0,0,10,0,2,2,2,7,7,0,2,1,4,2,2,3,0
258,0,0,3,8,1,3,1,0,0,2,0,2,2,2,7,7,0,2,1,4,2,2,1,2
259,0,0,3,8,1,0,1,0,0,2,0,2,2,2,7,7,0,2,1,4,3,2,3,2
260,0,2,3,4,1,3,1,0,0,10,0,4,2,3,7,7,0,2,1,4,3,3,1,0
261,1,5,3,8,1,6,1,0,1,4,0,3,2,2,7,7,0,2,1,4,2,4,1,2
262,0,5,2,8,1,0,1,0,0,5,0,2,2,2,7,7,0,2,1,4,3,2,1,2
263,0,5,3,8,1,0,1,0,0,5,0,2,2,2,7,7,0,2,1,4,3,3,3,2
264,0,2,0,8,1,3,1,1,1,10,1,1,2,2,7,7,0,2,1,4,6,4,0,0
265,0,2,0,3,0,5,1,0,1,2,0,3,2,2,7,7,0,2,1,4,2,4,5,2
266,0,2,2,3,0,5,1,1,0,7,1,3,2,2,7,7,0,2,1,0,2,0,1,0
267,0,5,3,9,1,0,1,0,0,2,0,2,2,2,7,7,0,2,1,4,3,3,3,2
268,0,0,2,8,1,0,1,0,0,4,0,2,2,2,7,7,0,2,1,4,3,3,3,2
269,1,2,3,4,1,6,1,0,1,10,0,3,2,2,7,7,0,2,1,4,2,3,5,0
270,0,5,2,8,1,3,1,0,0,5,0,2,2,2,7,7,0,2,1,4,2,2,3,2
271,1,2,2,4,1,6,1,0,1,10,0,3,2,2,7,7,0,2,1,4,2,4,5,0
272,0,5,3,8,1,3,1,0,0,4,0,2,2,2,7,7,0,2,1,4,3,3,1,2
273,0,5,3,9,1,0,1,0,0,4,0,2,2,2,7,7,0,2,1,4,3,2,3,2
274,0,2,3,9,1,0,1,0,0,5,0,4,2,3,7,7,0,2,1,4,3,3,4,2
275,0,5,3,4,1,0,1,0,0,10,0,4,2,3,7,7,0,2,1,4,3,3,4,0
276,0,2,3,4,1,0,1,0,0,10,0,4,2,3,7,7,0,2,1,4,3,5,1,0
277,0,5,3,8,1,0,1,0,0,10,0,2,2,2,7,7,0,2,1,4,3,2,3,0
278,0,2,0,4,0,5,1,1,0,3,1,3,2,2,7,7,0,2,1,0,2,3,1,2
279,0,5,2,9,1,3,1,0,0,4,0,2,2,2,7,7,0,2,1,4,3,2,3,2
280,1,5,3,8,1,6,1,0,1,10,0,3,2,2,7,7,0,2,1,4,3,3,1,0
281,0,0,3,9,1,0,1,0,0,5,0,2,2,2,7,7,0,2,1,4,3,2,3,2
282,0,4,0,4,0,5,1,0,1,7,0,3,2,2,7,7,0,2,1,4,3,4,5,0
283,0,5,2,9,1,3,1,0,0,4,0,2,2,2,7,7,0,2,1,4,2,3,3,2
284,0,0,3,8,1,3,1,0,0,5,0,2,2,2,7,7,0,2,1,4,2,2,3,2
285,0,2,3,4,1,0,1,0,0,5,0,4,2,3,7,7,0,2,1,4,2,3,1,2
286,0,0,3,9,1,0,1,0,0,2,0,2,2,2,7,7,0,2,1,4,2,3,3,2
287,0,0,3,8,1,0,1,0,0,2,0,2,2,2,7,7,0,2,1,4,2,3,1,2
288,0,5,3,4,1,3,1,0,0,5,0,4,2,3,7,7,0,2,1,4,3,5,4,2
289,0,2,0,3,0,5,1,0,1,7,0,3,2,2,7,7,0,2,1,4,3,5,5,0
290,0,5,0,3,0,5,1,0,1,2,0,3,2,2,7,7,0,2,1,4,2,5,5,2
291,0,0,3,9,1,3,1,0,0,5,0,2,2,2,7,7,0,2,1,4,2,3,1,2
292,0,5,2,9,1,3,1,0,0,5,0,2,2,2,7,7,0,2,1,4,2,3,3,2
293,0,0,3,8,1,3,1,0,0,4,0,2,2,2,7,7,0,2,1,4,3,3,1,2
294,0,5,2,8,1,0,1,0,0,2,0,2,2,2,7,7,0,2,1,4,2,3,3,2
295,0,0,2,9,1,0,1,0,0,2,0,2,2,2,7,7,0,2,1,4,3,2,3,2
296,0,5,2,9,1,0,1,0,0,4,0,2,2,2,7,7,0,2,1,4,2,3,3,2
297,0,5,0,3,0,5,1,1,0,7,1,3,0,0,7,7,0,2,1,0,2,3,1,0
298,0,2,2,9,1,0,1,1,1,7,1,1,2,2,7,7,0,2,1,4,3,4,0,2
299,1,5,3,8,1,6,1,0,1,7,0,3,2,2,7,7,0,2,1,4,2,3,1,0
300,0,5,0,8,0,5,1,1,0,4,1,3,0,2,7,7,0,2,1,0,2,0,1,2
301,0,0,3,8,1,0,1,0,0,10,0,2,2,2,7,7,0,2,1,4,2,3,1,0
302,0,5,2,9,1,3,1,1,1,10,1,1,2,2,7,7,0,2,1,4,3,4,0,0
303,0,0,3,8,1,0,1,0,0,5,0,2,2,2,7,7,0,2,1,4,2,3,1,2
304,0,5,3,8,1,3,1,0,0,2,0,2,2,2,7,7,0,2,1,4,2,3,1,2
305,0,5,0,4,1,5,1,0,0,7,1,1,2,2,3,6,0,2,1,4,3,5,0,0
306,0,0,3,8,1,3,1,0,0,4,0,2,2,2,7,7,0,2,1,4,3,3,3,2
307,0,5,2,9,1,3,1,0,0,2,0,2,2,2,7,7,0,2,1,4,3,2,3,2
308,0,2,3,4,1,0,1,0,0,7,0,4,2,3,7,7,0,2,1,4,2,5,1,0
309,0,5,0,8,0,5,1,1,0,5,1,3,2,2,7,7,0,2,1,0,3,3,1,2
310,0,5,2,9,1,3,1,0,0,10,0,2,2,2,7,7,0,2,1,4,2,3,1,0
311,1,5,3,8,1,6,1,0,1,5,0,3,2,2,7,7,0,2,1,4,3,4,1,2
312,0,5,3,9,1,3,1,0,0,5,0,2,2,2,7,7,0,2,1,4,2,3,1,2
313,0,5,0,8,1,0,1,1,1,7,1,1,2,2,7,7,0,2,1,4,3,4,0,2
314,0,0,2,9,1,0,1,0,0,2,0,2,2,2,7,7,0,2,1,4,3,2,1,2
315,1,5,3,8,1,6,1,0,1,4,0,3,2,2,7,7,0,2,1,4,2,4,5,2
316,0,5,2,9,1,0,1,1,1,10,1,1,2,2,7,7,0,2,1,4,3,4,0,0
317,0,5,3,8,1,0,1,0,0,4,0,2,2,2,7,7,0,2,1,4,2,2,3,2
318,0,5,0,8,1,3,1,1,1,5,1,1,2,2,7,7,0,2,1,4,3,4,0,2
319,0,2,2,8,1,3,1,1,1,10,1,1,2,2,7,7,0,2,1,4,3,4,0,0
320,0,5,3,9,1,3,1,0,0,4,0,2,2,2,7,7,0,2,1,4,3,3,3,2
321,0,2,0,9,1,0,1,1,1,10,1,1,2,2,7,7,0,2,1,4,6,4,0,0
322,0,5,2,8,1,0,1,0,0,10,0,2,2,2,7,7,0,2,1,4,2,3,1,0
323,0,0,3,9,1,0,1,0,0,5,0,2,2,2,7,7,0,2,1,4,2,3,3,2
324,0,5,3,4,1,3,1,0,0,7,0,4,2,3,7,7,0,2,1,4,3,3,4,0
325,0,0,3,8,1,3,1,0,0,4,0,2,2,2,7,7,0,2,1,4,2,2,1,2
326,0,5,2,9,1,0,1,0,0,5,0,2,2,2,7,7,0,2,1,4,3,3,3,2
327,1,5,3,4,1,6,1,0,1,5,0,3,2,2,7,7,0,2,1,4,3,4,5,0
328,0,0,2,9,1,3,1,0,0,10,0,2,2,2,7,7,0,2,1,4,2,2,1,0
329,0,0,3,8,1,0,1,0,0,2,0,2,2,2,7,7,0,2,1,4,2,2,1,2
330,1,5,3,4,1,6,1,0,1,10,0,3,2,2,7,7,0,2,1,4,2,4,5,0
331,0,0,2,8,1,3,1,0,0,5,0,2,2,2,7,7,0,2,1,4,2,3,3,2
332,0,0,3,9,1,3,1,0,0,10,0,2,2,2,7,7,0,2,1,4,3,2,3,0
333,0,0,3,9,1,0,1,0,0,5,0,2,2,2,7,7,0,2,1,4,2,3,1,2
334,0,5,3,8,1,3,1,0,0,2,0,2,2,2,7,7,0,2,1,4,3,2,1,2
335,0,5,0,4,1,5,1,0,0,7,1,1,2,2,6,7,0,2,1,4,2,5,0,0
336,0,5,3,4,1,0,1,0,0,10,0,4,2,3,7,7,0,2,1,4,2,5,1,0
337,0,0,2,9,1,3,1,0,0,5,0,2,2,2,7,7,0,2,1,4,3,3,1,2
338,0,5,0,3,0,5,1,0,1,2,0,3,2,2,7,7,0,2,1,4,3,4,5,2
339,0,5,3,4,1,3,1,0,0,5,0,4,2,3,7,7,0,2,1,4,2,5,1,0
340,0,5,2,8,1,0,1,0,0,4,0,2,2,2,7,7,0,2,1,4,3,3,1,2
341,0,0,3,8,1,0,1,0,0,5,0,2,2,2,7,7,0,2,1,4,2,2,1,2
342,0,5,2,9,1,0,1,0,0,2,0,2,2,2,7,7,0,2,1,4,2,3,3,2
343,0,2,0,9,1,0,1,1,1,7,1,1,2,2,7,7,0,2,1,4,3,4,0,2
344,0,0,3,9,1,3,1,0,0,2,0,2,2,2,7,7,0,2,1,4,3,3,1,2
345,0,5,0,4,0,5,1,1,0,5,1,3,2,0,7,7,0,2,1,0,3,0,1,2
346,0,5,0,9,1,3,1,1,1,5,1,1,2,2,7,7,0,2,1,4,3,4,0,2
347,0,5,2,9,1,0,1,0,0,5,0,2,2,2,7,7,0,2,1,4,3,2,3,2
348,0,2,2,3,0,5,1,1,0,5,1,3,2,0,7,7,0,2,1,0,2,3,1,2
349,0,5,0,4,0,5,1,0,1,2,0,3,2,2,7,7,0,2,1,4,3,5,5,2
350,0,2,2,3,0,5,1,1,0,3,1,3,0,0,7,7,0,2,1,0,3,0,1,2
351,0,2,3,4,1,0,1,0,0,7,0,4,2,3,7,7,0,2,1,4,3,3,4,0
352,0,0,3,8,1,0,1,0,0,4,0,2,2,2,7,7,0,2,1,4,3,3,1,2
353,0,0,2,9,1,0,1,0,0,4,0,2,2,2,7,7,0,2,1,4,2,3,3,2
354,0,5,3,9,1,3,1,0,0,10,0,4,2,3,7,7,0,2,1,4,2,3,4,0
355,0,4,0,3,0,5,1,0,1,2,0,3,2,2,7,7,0,2,1,4,3,4,5,2
356,0,2,3,4,1,0,1,0,0,7,0,4,2,3,7,7,0,2,1,4,3,5,4,0
357,1,5,3,4,1,6,1,0,1,4,0,3,2,2,7,7,0,2,1,4,2,3,5,2
358,0,5,3,9,1,0,1,0,0,7,0,4,2,3,7,7,0,2,1,4,3,5,4,2
359,0,5,3,9,1,0,1,0,0,10,0,2,2,2,7,7,0,2,1,4,3,3,1,0
360,0,5,0,4,0,5,1,1,0,3,1,3,2,0,7,7,0,2,1,0,3,3,1,2
361,0,5,0,4,0,5,1,1,0,7,1,3,0,0,7,7,0,2,1,0,2,0,1,0
362,0,2,2,4,0,5,1,1,0,4,1,3,0,2,7,7,0,2,1,0,2,0,1,2
363,0,2,3,4,1,0,1,0,0,5,0,4,2,3,7,7,0,2,1,4,3,3,4,2
364,0,5,2,9,1,0,1,0,0,10,0,2,2,2,7,7,0,2,1,4,2,2,1,0
365,0,2,0,4,0,5,1,0,1,7,0,3,2,2,7,7,0,2,1,4,2,4,5,0
366,0,5,3,9,1,0,1,0,0,10,0,4,2,3,7,7,0,2,1,4,3,3,4,0
367,0,5,0,9,1,0,1,1,1,7,1,1,2,2,7,7,0,2,1,4,6,4,0,2
368,0,0,3,9,1,0,1,0,0,2,0,2,2,2,7,7,0,2,1,4,3,2,1,2
369,0,5,0,3,0,5,1,1,0,5,1,3,2,2,7,7,0,2,1,0,2,3,1,2
370,0,5,3,9,1,0,1,0,0,10,0,4,2,3,7,7,0,2,1,4,3,3,1,0
371,0,2,3,4,1,3,1,0,0,5,0,4,2,3,7,7,0,2,1,4,2,5,1,0
372,0,5,2,9,1,0,1,0,0,10,0,2,2,2,7,7,0,2,1,4,2,3,3,0
373,0,4,0,4,0,5,1,0,1,5,0,3,2,2,7,7,0,2,1,4,3,5,5,0
374,0,5,2,8,1,0,1,0,0,4,0,2,2,2,7,7,0,2,1,4,2,3,3,2
375,0,0,2,8,1,3,1,0,0,5,0,2,2,2,7,7,0,2,1,4,2,2,1,2
376,0,4,0,4,0,5,1,0,1,4,0,3,2,2,7,7,0,2,1,4,2,5,5,2
377,0,0,3,9,1,3,1,0,0,5,0,2,2,2,7,7,0,2,1,4,3,2,3,2
378,0,5,3,9,1,3,1,0,0,4,0,2,2,2,7,7,0,2,1,4,3,2,1,2
379,0,0,3,9,1,0,1,0,0,4,0,2,2,2,7,7,0,2,1,4,3,3,1,2
380,1,5,3,4,1,6,1,0,1,7,0,3,2,2,7,7,0,2,1,4,2,3,5,0
381,0,5,2,8,0,5,1,1,0,4,1,3,0,2,7,7,0,2,1,0,3,3,1,2
382,0,5,3,8,1,0,1,0,0,10,0,2,2,2,7,7,0,2,1,4,2,3,3,0
383,0,0,2,8,1,0,1,0,0,2,0,2,2,2,7,7,0,2,1,4,3,2,1,2
384,0,5,0,4,1,5,1,0,0,5,1,1,2,2,3,7,0,2,1,4,3,5,0,0
385,1,5,2,4,1,6,1,0,1,10,0,3,2,2,7,7,0,2,1,4,3,3,5,0
386,0,5,3,4,1,3,1,0,0,10,0,4,2,3,7,7,0,2,1,4,2,5,4,0
387,0,5,2,4,0,5,1,1,0,5,1,3,2,2,7,7,0,2,1,0,2,0,1,2
388,0,0,3,9,1,3,1,0,0,5,0,2,2,2,7,7,0,2,1,4,2,2,3,2
389,0,5,2,9,1,0,1,0,0,10,0,2,2,2,7,7,0,2,1,4,3,2,3,0
390,0,0,2,9,1,0,1,0,0,5,0,2,2,2,7,7,0,2,1,4,3,3,3,2
391,0,5,2,9,1,3,1,0,0,2,0,2,2,2,7,7,0,2,1,4,2,2,3,2
392,0,0,3,8,1,0,1,0,0,5,0,2,2,2,7,7,0,2,1,4,3,2,1,2
393,0,5,0,3,0,5,1,0,1,4,0,3,2,2,7,7,0,2,1,4,3,4,5,2
394,0,2,3,4,1,0,1,0,0,10,0,4,2,3,7,7,0,2,1,4,2,3,1,0
395,0,5,0,3,0,5,1,1,0,3,1,3,0,0,7,7,0,2,1,0,3,0,1,2
396,0,5,2,8,1,3,1,0,0,4,0,2,2,2,7,7,0,2,1,4,3,2,3,2
397,0,5,3,9,1,3,1,0,0,10,0,2,2,2,7,7,0,2,1,4,3,3,3,0
398,0,5,0,3,0,5,1,0,1,5,0,3,2,2,7,7,0,2,1,4,2,4,5,0
399,1,5,2,4,1,6,1,0,1,7,0,3,2,2,7,7,0,2,1,4,3,3,5,0
400,0,0,3,8,1,3,1,0,0,10,0,2,2,2,7,7,0,2,1,4,3,2,1,0
401,0,0,3,8,1,0,1,0,0,5,0,2,2,2,7,7,0,2,1,4,2,2,3,2
402,1,5,3,4,1,6,1,0,1,7,0,3,2,2,7,7,0,2,1,4,3,4,5,0
403,0,0,2,9,1,3,1,0,0,10,0,2,2,2,7,7,0,2,1,4,3,3,3,0
404,0,5,2,8,1,3,1,0,0,4,0,2,2,2,7,7,0,2,1,4,3,3,3,2
405,0,5,3,9,1,3,1,0,0,5,0,2,2,2,7,7,0,2,1,4,2,3,3,2
406,0,0,3,9,1,3,1,0,0,5,0,2,2,2,7,7,0,2,1,4,3,2,1,2
407,0,5,2,8,1,0,1,0,0,2,0,2,2,2,7,7,0,2,1,4,3,3,3,2
408,0,5,2,8,1,0,1,0,0,2,0,2,2,2,7,7,0,2,1,4,2,3,1,2
409,0,5,3,4,1,3,1,0,0,10,0,4,2,3,7,7,0,2,1,4,3,5,4,0
410,0,5,2,8,1,0,1,0,0,10,0,2,2,2,7,7,0,2,1,4,3,3,3,0
411,0,5,2,4,0,5,1,1,0,5,1,3,0,0,7,7,0,2,1,0,2,3,1,2
412,0,5,3,4,1,3,1,0,0,5,0,4,2,3,7,7,0,2,1,4,3,3,4,2
413,0,5,3,9,1,3,1,0,0,5,0,4,2,3,7,7,0,2,1,4,2,5,1,2
414,1,5,3,4,1,6,1,0,1,4,0,3,2,2,7,7,0,2,1,4,2,4,1,2
415,0,0,3,9,1,0,1,0,0,10,0,2,2,2,7,7,0,2,1,4,3,2,1,0
416,0,5,0,8,1,3,1,1,1,7,1,1,2,2,7,7,0,2,1,4,6,4,0,0
417,1,5,2,4,1,6,1,0,1,10,0,3,2,2,7,7,0,2,1,4,2,3,5,0
418,0,5,3,9,1,3,1,0,0,4,0,2,2,2,7,7,0,2,1,4,2,2,1,2
419,0,2,0,3,0,5,1,1,0,3,1,3,0,0,7,7,0,2,1,0,3,0,1,2
420,0,5,3,8,1,3,1,0,0,5,0,2,2,2,7,7,0,2,1,4,2,3,1,2
421,0,0,3,8,1,0,1,0,0,10,0,2,2,2,7,7,0,2,1,4,3,3,3,0
422,1,5,3,4,1,6,1,0,1,7,0,3,2,2,7,7,0,2,1,4,3,3,5,0
423,0,2,3,4,1,3,1,0,0,10,0,4,2,3,7,7,0,2,1,4,2,3,1,0
424,0,5,2,8,1,3,1,0,0,5,0,2,2,2,7,7,0,2,1,4,3,2,3,2
425,0,5,2,8,1,0,1,1,1,5,1,1,2,2,7,7,0,2,1,4,3,4,0,2
426,0,2,3,4,1,0,1,0,0,5,0,4,2,3,7,7,0,2,1,4,3,5,4,2
427,0,0,2,8,1,0,1,0,0,4,0,2,2,2,7,7,0,2,1,4,3,2,3,2
428,0,5,2,8,0,5,1,1,0,7,1,3,0,0,7,7,0,2,1,0,2,0,1,2
429,0,2,0,3,0,5,1,0,1,5,0,3,2,2,7,7,0,2,1,4,3,4,5,0
430,0,5,3,8,1,0,1,0,0,2,0,2,2,2,7,7,0,2,1,4,3,3,1,2
431,0,5,3,9,1,3,1,0,0,5,0,4,2,3,7,7,0,2,1,4,3,5,1,2
432,0,0,2,9,1,3,1,0,0,2,0,2,2,2,7,7,0,2,1,4,3,3,1,2
433,0,0,2,9,1,3,1,0,0,10,0,2,2,2,7,7,0,2,1,4,2,3,1,0
434,0,2,2,8,1,3,1,1,1,5,1,1,2,2,7,7,0,2,1,4,3,4,0,2
435,0,0,2,8,1,0,1,0,0,10,0,2,2,2,7,7,0,2,1,4,2,2,3,0
436,0,5,0,9,1,0,1,1,1,5,1,1,2,2,7,7,0,2,1,4,6,4,0,2
437,0,5,3,8,1,3,1,0,0,2,0,2,2,2,7,7,0,2,1,4,3,2,3,2
438,0,0,3,9,1,3,1,0,0,4,0,2,2,2,7,7,0,2,1,4,3,2,3,2
439,0,5,3,4,1,0,1,0,0,7,0,4,2,3,7,7,0,2,1,4,3,5,4,0
440,0,5,3,8,1,3,1,0,0,5,0,2,2,2,7,7,0,2,1,4,2,3,3,2
441,0,5,3,8,1,3,1,0,0,2,0,2,2,2,7,7,0,2,1,4,2,3,3,2
442,0,5,3,9,1,0,1,0,0,7,0,4,2,3,7,7,0,2,1,4,2,5,4,2
443,0,5,3,8,1,3,1,0,0,5,0,2,2,2,7,7,0,2,1,4,2,2,3,2
444,0,5,2,9,1,3,1,0,0,10,0,2,2,2,7,7,0,2,1,4,2,2,3,0
445,0,5,3,4,1,3,1,0,0,7,0,4,2,3,7,7,0,2,1,4,2,3,1,0
446,0,5,2,8,1,3,1,0,0,5,0,2,2,2,7,7,0,2,1,4,3,2,1,2
447,0,2,3,4,1,3,1,0,0,5,0,4,2,3,7,7,0,2,1,4,2,3,1,2
448,0,0,2,8,1,3,1,0,0,10,0,2,2,2,7,7,0,2,1,4,2,3,3,0
449,0,5,0,4,1,5,1,0,0,5,1,1,2,2,3,6,0,2,1,4,3,5,0,0
450,0,5,3,8,1,3,1,0,0,4,0,2,2,2,7,7,0,2,1,4,3,3,3,2
451,0,0,2,8,1,3,1,0,0,2,0,2,2,2,7,7,0,2,1,4,2,2,1,2
452,0,0,2,9,1,3,1,0,0,2,0,2,2,2,7,7,0,2,1,4,2,2,3,2
453,0,5,0,9,1,3,1,1,1,7,1,1,2,2,7,7,0,2,1,4,3,4,0,2
454,0,0,2,8,1,3,1,0,0,2,0,2,2,2,7,7,0,2,1,4,3,2,3,2
455,0,5,2,3,0,5,1,1,0,3,1,3,2,0,7,7,0,2,1,0,2,0,1,2
456,0,0,2,8,1,0,1,0,0,4,0,2,2,2,7,7,0,2,1,4,3,2,1,2
457,0,0,2,9,1,3,1,0,0,10,0,2,2,2,7,7,0,2,1,4,2,3,3,0
458,0,2,3,9,1,0,1,0,0,5,0,4,2,3,7,7,0,2,1,4,2,5,4,2
459,0,2,3,4,1,0,1,0,0,10,0,4,2,3,7,7,0,2,1,4,3,5,4,0
460,0,5,2,8,1,0,1,0,0,4,0,2,2,2,7,7,0,2,1,4,3,3,3,2
461,0,2,3,9,1,3,1,0,0,5,0,4,2,3,7,7,0,2,1,4,3,3,1,2
462,0,0,2,8,1,0,1,0,0,2,0,2,2,2,7,7,0,2,1,4,2,3,1,2
463,0,5,3,9,1,0,1,0,0,10,0,2,2,2,7,7,0,2,1,4,3,2,3,0
464,0,5,0,4,0,5,1,0,1,4,0,3,2,2,7,7,0,2,1,4,2,4,5,2
465,0,2,3,4,1,0,1,0,0,7,0,4,2,3,7,7,0,2,1,4,3,5,1,0
466,0,5,2,8,1,0,1,0,0,2,0,2,2,2,7,7,0,2,1,4,2,2,3,2
467,0,5,2,9,1,3,1,0,0,2,0,2,2,2,7,7,0,2,1,4,2,2,1,2
468,0,0,3,9,1,3,1,0,0,2,0,2,2,2,7,7,0,2,1,4,2,2,1,2
469,0,2,3,9,1,0,1,0,0,10,0,4,2,3,7,7,0,2,1,4,3,3,4,0
470,0,5,3,9,1,3,1,0,0,2,0,2,2,2,7,7,0,2,1,4,2,2,1,2
471,0,5,3,8,1,0,1,0,0,10,0,2,2,2,7,7,0,2,1,4,2,2,3,0
472,0,2,0,8,1,0,1,1,1,5,1,1,2,2,7,7,0,2,1,4,6,4,0,2
473,0,4,0,3,0,5,1,0,1,4,0,3,2,2,7,7,0,2,1,4,2,5,5,2
474,0,2,2,9,1,3,1,1,1,5,1,1,2,2,7,7,0,2,1,4,3,4,0,2
475,0,2,0,3,0,5,1,0,1,4,0,3,2,2,7,7,0,2,1,4,2,5,5,2
476,0,5,0,4,0,5,1,0,1,7,0,3,2,2,7,7,0,2,1,4,3,5,5,0
477,0,0,3,8,1,0,1,0,0,10,0,2,2,2,7,7,0,2,1,4,3,2,1,0
478,0,5,2,8,1,0,1,1,1,7,1,1,2,2,7,7,0,2,1,4,3,4,0,2
479,0,0,3,9,1,3,1,0,0,5,0,2,2,2,7,7,0,2,1,4,2,3,3,2
480,0,0,3,9,1,0,1,0,0,4,0,2,2,2,7,7,0,2,1,4,2,3,3,2
481,0,0,3,9,1,3,1,0,0,2,0,2,2,2,7,7,0,2,1,4,2,3,1,2
482,0,2,2,8,1,3,1,1,1,7,1,1,2,2,7,7,0,2,1,4,6,4,0,0
483,0,2,0,3,0,5,1,0,1,2,0,3,2,2,7,7,0,2,1,4,2,5,5,2
484,0,2,2,8,1,0,1,1,1,10,1,1,2,2,7,7,0,2,1,4,3,4,0,0
485,0,2,3,9,1,0,1,0,0,7,0,4,2,3,7,7,0,2,1,4,2,5,1,2
486,0,5,3,8,1,3,1,0,0,10,0,2,2,2,7,7,0,2,1,4,3,3,3,0
487,0,4,0,4,0,5,1,0,1,7,0,3,2,2,7,7,0,2,1,4,3,5,5,0
488,0,5,3,4,1,3,1,0,0,5,0,4,2,3,7,7,0,2,1,4,2,3,4,2
489,0,5,3,4,1,0,1,0,0,5,0,4,2,3,7,7,0,2,1,4,2,3,4,2
490,0,2,0,9,1,0,1,1,1,5,1,1,2,2,7,7,0,2,1,4,6,4,0,2
491,1,2,2,4,1,6,1,0,1,7,0,3,2,2,7,7,0,2,1,4,3,3,1,0
492,1,5,2,4,1,6,1,0,1,4,0,3,2,2,7,7,0,2,1,4,3,4,5,2
493,0,2,3,4,1,3,1,0,0,10,0,4,2,3,7,7,0,2,1,4,3,3,4,0
494,0,5,3,9,1,0,1,0,0,10,0,4,2,3,7,7,0,2,1,4,2,3,1,0
495,0,0,2,9,1,0,1,0,0,4,0,2,2,2,7,7,0,2,1,4,3,2,3,2
496,0,2,0,8,0,5,1,1,0,3,1,3,0,2,7,7,0,2,1,0,3,0,1,2
497,0,2,3,4,1,0,1,0,0,7,0,4,2,3,7,7,0,2,1,4,3,3,1,0
498,0,5,3,8,1,0,1,0,0,5,0,2,2,2,7,7,0,2,1,4,3,3,1,2
499,0,0,2,9,1,3,1,0,0,10,0,2,2,2,7,7,0,2,1,4,2,2,3,0
500,0,5,2,9,1,0,1,0,0,10,0,2,2,2,7,7,0,2,1,4,3,2,1,0
501,0,0,3,9,1,0,1,0,0,2,0,2,2,2,7,7,0,2,1,4,2,2,1,2
502,0,5,2,8,1,3,1,0,0,2,0,2,2,2,7,7,0,2,1,4,2,2,3,2
503,0,0,2,9,1,0,1,0,0,10,0,2,2,2,7,7,0,2,1,4,2,3,3,0
504,0,0,3,9,1,0,1,0,0,10,0,2,2,2,7,7,0,2,1,4,3,3,1,0
505,1,5,2,4,1,6,1,0,1,5,0,3,2,2,7,7,0,2,1,4,3,4,1,0
506,0,5,2,3,0,5,1,1,0,7,1,3,2,2,7,7,0,2,1,0,3,3,1,0
507,0,2,2,4,0,5,1,1,0,7,1,3,0,2,7,7,0,2,1,0,3,0,1,0
508,0,5,0,8,1,0,1,1,1,5,1,1,2,2,7,7,0,2,1,4,3,4,0,2
509,0,2,0,3,0,5,1,0,1,7,0,3,2,2,7,7,0,2,1,4,3,4,5,0
510,0,2,0,4,0,5,1,0,1,4,0,3,2,2,7,7,0,2,1,4,3,5,5,2
511,0,0,3,9,1,0,1,0,0,4,0,2,2,2,7,7,0,2,1,4,2,3,1,2
512,0,5,0,8,1,0,1,1,1,5,1,1,2,2,7,7,0,2,1,4,6,4,0,2
513,0,4,0,3,0,5,1,0,1,5,0,3,2,2,7,7,0,2,1,4,3,4,5,0
514,0,5,0,4,0,5,1,0,1,4,0,3,2,2,7,7,0,2,1,4,3,4,5,2
515,0,5,0,8,0,5,1,1,0,3,1,3,0,2,7,7,0,2,1,0,3,0,1,2
516,0,5,3,4,1,3,1,0,0,5,0,4,2,3,7,7,0,2,1,4,2,5,4,2
517,0,0,2,9,1,0,1,0,0,4,0,2,2,2,7,7,0,2,1,4,2,2,1,2
518,0,5,3,8,1,3,1,0,0,4,0,2,2,2,7,7,0,2,1,4,2,3,1,2
519,0,5,3,9,1,0,1,0,0,4,0,2,2,2,7,7,0,2,1,4,3,2,1,2
520,0,5,2,8,1,3,1,0,0,10,0,2,2,2,7,7,0,2,1,4,2,2,3,0
521,0,0,2,8,1,3,1,0,0,5,0,2,2,2,7,7,0,2,1,4,2,3,1,2
522,0,2,3,9,1,0,1,0,0,7,0,4,2,3,7,7,0,2,1,4,3,5,4,2
523,1,5,2,4,1,6,1,0,1,5,0,3,2,2,7,7,0,2,1,4,3,3,5,0
524,0,2,0,3,0,5,1,0,1,5,0,3,2,2,7,7,0,2,1,4,2,5,5,0
525,0,0,2,9,1,3,1,0,0,10,0,2,2,2,7,7,0,2,1,4,3,3,1,0
526,0,2,3,4,1,0,1,0,0,10,0,4,2,3,7,7,0,2,1,4,3,3,4,0
527,0,5,2,9,1,0,1,0,0,4,0,2,2,2,7,7,0,2,1,4,3,3,3,2
528,0,5,0,4,0,5,1,0,1,4,0,3,2,2,7,7,0,2,1,4,2,5,5,2
529,0,2,3,9,1,0,1,0,0,10,0,4,2,3,7,7,0,2,1,4,3,5,4,0
530,0,5,3,4,1,0,1,0,0,5,0,4,2,3,7,7,0,2,1,4,3,5,4,2
531,0,5,2,8,1,0,1,0,0,5,0,2,2,2,7,7,0,2,1,4,2,3,1,2
532,1,5,3,8,1,6,1,0,1,5,0,3,2,2,7,7,0,2,1,4,2,3,1,2
533,0,2,3,4,1,3,1,0,0,10,0,4,2,3,7,7,0,2,1,4,2,5,4,0
534,1,2,2,4,1,6,1,0,1,4,0,3,2,2,7,7,0,2,1,4,2,3,1,2
535,0,5,0,8,0,5,1,1,0,4,1,3,0,2,7,7,0,2,1,0,2,3,1,2
536,0,0,3,8,1,0,1,0,0,4,0,2,2,2,7,7,0,2,1,4,2,3,3,2
537,0,4,0,4,0,5,1,0,1,7,0,3,2,2,7,7,0,2,1,4,2,4,5,0
538,0,5,3,9,1,3,1,0,0,2,0,2,2,2,7,7,0,2,1,4,3,3,3,2
539,0,2,2,8,1,0,1,1,1,7,1,1,2,2,7,7,0,2,1,4,6,4,0,2
540,0,5,2,9,1,0,1,0,0,5,0,2,2,2,7,7,0,2,1,4,2,3,3,2
541,0,2,0,3,0,5,1,1,0,7,1,3,2,0,7,7,0,2,1,0,2,3,1,0
542,1,5,3,8,1,6,1,0,1,5,0,3,2,2,7,7,0,2,1,4,3,3,1,2
543,0,5,3,9,1,0,1,0,0,7,0,4,2,3,7,7,0,2,1,4,2,3,1,2
544,0,2,0,4,0,5,1,1,0,5,1,3,2,2,7,7,0,2,1,0,2,0,1,2
545,0,5,2,8,1,0,1,0,0,10,0,2,2,2,7,7,0,2,1,4,2,3,3,0
546,0,0,3,9,1,3,1,0,0,2,0,2,2,2,7,7,0,2,1,4,3,3,3,2
547,0,2,0,3,0,5,1,0,1,2,0,3,2,2,7,7,0,2,1,4,3,4,5,2
548,0,5,0,9,1,3,1,1,1,7,1,1,2,2,7,7,0,2,1,4,6,4,0,0
549,0,5,2,9,1,0,1,0,0,2,0,2,2,2,7,7,0,2,1,4,3,2,3,2
550,0,2,0,4,0,5,1,0,1,5,0,3,2,2,7,7,0,2,1,4,3,5,5,0
551,0,5,0,3,0,5,1,1,0,3,1,3,0,2,7,7,0,2,1,0,3,3,1,2
552,0,5,3,9,1,3,1,0,0,7,0,4,2,3,7,7,0,2,1,4,2,3,4,2
553,0,2,2,8,1,3,1,1,1,7,1,1,2,2,7,7,0,2,1,4,3,4,0,0
554,0,5,2,9,1,3,1,0,0,4,0,2,2,2,7,7,0,2,1,4,2,3,1,2
555,0,2,3,9,1,0,1,0,0,7,0,4,2,3,7,7,0,2,1,4,2,5,4,2
556,1,5,3,4,1,6,1,0,1,4,0,3,2,2,7,7,0,2,1,4,2,4,5,2
557,0,5,0,8,1,3,1,1,1,10,1,1,2,2,7,7,0,2,1,4,6,4,0,0
558,0,5,2,8,1,3,1,0,0,10,0,2,2,2,7,7,0,2,1,4,2,2,1,0
559,0,5,3,9,1,0,1,0,0,2,0,2,2,2,7,7,0,2,1,4,3,2,3,2
560,0,0,2,9,1,0,1,0,0,2,0,2,2,2,7,7,0,2,1,4,3,3,1,2
561,0,5,2,9,1,0,1,1,1,10,1,1,2,2,7,7,0,2,1,4,6,4,0,0
562,0,5,2,9,1,0,1,1,1,5,1,1,2,2,7,7,0,2,1,4,6,4,0,2
563,0,5,0,8,0,5,1,1,0,5,1,3,0,2,7,7,0,2,1,0,2,3,1,2
564,0,0,2,8,1,0,1,0,0,10,0,2,2,2,7,7,0,2,1,4,3,3,3,0
565,1,5,3,8,1,6,1,0,1,10,0,3,2,2,7,7,0,2,1,4,2,4,1,0
566,0,5,3,9,1,0,1,0,0,2,0,2,2,2,7,7,0,2,1,4,3,2,1,2
567,0,2,2,3,0,5,1,1,0,4,1,3,2,0,7,7,0,2,1,0,2,3,1,2
568,1,5,2,4,1,6,1,0,1,5,0,3,2,2,7,7,0,2,1,4,3,3,1,0
569,0,0,3,8,1,0,1,0,0,10,0,2,2,2,7,7,0,2,1,4,2,2,3,0
570,0,5,2,8,1,0,1,0,0,4,0,2,2,2,7,7,0,2,1,4,2,2,3,2
571,0,2,0,9,1,3,1,1,1,5,1,1,2,2,7,7,0,2,1,4,3,4,0,2
572,0,5,2,9,1,0,1,0,0,4,0,2,2,2,7,7,0,2,1,4,2,2,1,2
573,0,0,3,8,1,3,1,0,0,10,0,2,2,2,7,7,0,2,1,4,2,2,1,0
574,0,5,3,4,1,0,1,0,0,10,0,4,2,3,7,7,0,2,1,4,3,5,1,0
575,0,5,2,9,1,3,1,0,0,10,0,2,2,2,7,7,0,2,1,4,3,3,1,0
576,0,5,0,4,0,5,1,0,1,7,0,3,2,2,7,7,0,2,1,4,3,4,5,0
577,0,5,2,9,1,3,1,0,0,5,0,2,2,2,7,7,0,2,1,4,3,3,1,2
578,0,5,3,9,1,3,1,0,0,10,0,4,2,3,7,7,0,2,1,4,3,5,1,0
579,1,5,2,4,1,6,1,0,1,10,0,3,2,2,7,7,0,2,1,4,3,3,1,0
580,0,5,2,8,1,0,1,0,0,2,0,2,2,2,7,7,0,2,1,4,3,2,3,2
581,0,5,2,9,1,0,1,0,0,10,0,2,2,2,7,7,0,2,1,4,3,3,3,0
582,0,5,3,8,1,3,1,0,0,4,0,2,2,2,7,7,0,2,1,4,2,2,1,2
583,0,5,3,9,1,0,1,0,0,5,0,4,2,3,7,7,0,2,1,4,3,5,1,2
584,0,2,3,9,1,0,1,0,0,10,0,4,2,3,7,7,0,2,1,4,2,3,1,0
585,0,5,3,8,1,0,1,0,0,4,0,2,2,2,7,7,0,2,1,4,3,3,3,2
586,0,4,0,3,0,5,1,0,1,2,0,3,2,2,7,7,0,2,1,4,2,4,5,2
587,0,2,0,4,0,5,1,0,1,5,0,3,2,2,7,7,0,2,1,4,2,5,5,0
588,0,4,0,3,0,5,1,0,1,5,0,3,2,2,7,7,0,2,1,4,2,4,5,0
589,0,5,3,8,1,0,1,0,0,5,0,2,2,2,7,7,0,2,1,4,2,2,3,2
590,1,5,2,8,1,6,1,0,1,4,0,3,2,2,7,7,0,2,1,4,2,3,5,2
591,0,5,2,3,0,5,1,1,0,3,1,3,2,0,7,7,0,2,1,0,2,3,1,2
592,0,5,3,9,1,3,1,0,0,2,0,2,2,2,7,7,0,2,1,4,2,3,1,2
593,1,5,3,8,1,6,1,0,1,4,0,3,2,2,7,7,0,2,1,4,3,3,1,2
594,0,5,2,9,1,0,1,0,0,2,0,2,2,2,7,7,0,2,1,4,2,2,3,2
595,1,5,2,4,1,6,1,0,1,7,0,3,2,2,7,7,0,2,1,4,2,4,5,0
596,0,0,2,9,1,3,1,0,0,5,0,2,2,2,7,7,0,2,1,4,2,2,3,2
597,0,0,3,8,1,3,1,0,0,2,0,2,2,2,7,7,0,2,1,4,2,3,3,2
598,1,5,3,8,1,6,1,0,1,7,0,3,2,2,7,7,0,2,1,4,3,3,1,0
599,1,5,2,4,1,6,1,0,1,5,0,3,2,2,7,7,0,2,1,4,2,3,5,0
600,0,5,2,3,0,5,1,1,0,5,1,3,2,0,7,7,0,2,1,0,3,0,1,2
601,0,5,3,4,1,3,1,0,0,10,0,4,2,3,7,7,0,2,1,4,3,5,1,0
602,0,2,0,8,0,5,1,1,0,4,1,3,0,0,7,7,0,2,1,0,3,0,1,2
603,0,2,3,4,1,3,1,0,0,5,0,4,2,3,7,7,0,2,1,4,3,3,4,2
604,0,0,3,8,1,3,1,0,0,10,0,2,2,2,7,7,0,2,1,4,2,3,3,0
605,0,0,2,8,1,0,1,0,0,5,0,2,2,2,7,7,0,2,1,4,2,2,1,2
606,0,5,2,3,0,5,1,1,0,5,1,3,2,0,7,7,0,2,1,0,3,3,1,2
607,0,2,3,4,1,0,1,0,0,5,0,4,2,3,7,7,0,2,1,4,2,5,1,2
608,0,5,2,8,1,3,1,0,0,10,0,2,2,2,7,7,0,2,1,4,2,3,3,0
609,0,2,0,3,0,5,1,0,1,5,0,3,2,2,7,7,0,2,1,4,2,4,5,0
610,0,2,2,4,0,5,1,1,0,3,1,3,0,2,7,7,0,2,1,0,3,0,1,2
611,0,5,0,3,0,5,1,1,0,5,1,3,2,0,7,7,0,2,1,0,3,3,1,2
612,0,2,2,8,0,5,1,1,0,7,1,3,2,0,7,7,0,2,1,0,2,0,1,2
613,1,5,2,8,1,6,1,0,1,4,0,3,2,2,7,7,0,2,1,4,3,3,5,2
614,0,5,3,9,1,3,1,0,0,7,0,4,2,3,7,7,0,2,1,4,2,3,1,2
615,0,0,2,8,1,3,1,0,0,2,0,2,2,2,7,7,0,2,1,4,2,3,1,2
616,0,2,0,3,0,5,1,1,0,7,1,3,2,2,7,7,0,2,1,0,2,0,1,0
617,0,0,3,8,1,3,1,0,0,2,0,2,2,2,7,7,0,2,1,4,2,3,1,2
618,0,0,2,9,1,0,1,0,0,5,0,2,2,2,7,7,0,2,1,4,3,2,3,2
619,0,4,0,3,0,5,1,0,1,5,0,3,2,2,7,7,0,2,1,4,3,5,5,0
620,0,2,3,9,1,3,1,0,0,7,0,4,2,3,7,7,0,2,1,4,2,3,1,2
621,0,0,2,8,1,3,1,0,0,10,0,2,2,2,7,7,0,2,1,4,3,2,1,0
622,0,5,0,8,1,3,1,1,1,5,1,1,2,2,7,7,0,2,1,4,6,4,0,2
623,0,2,3,9,1,0,1,0,0,5,0,4,2,3,7,7,0,2,1,4,2,3,4,2
624,0,2,0,3,0,5,1,0,1,7,0,3,2,2,7,7,0,2,1,4,2,5,5,0
625,0,5,2,8,1,3,1,0,0,2,0,2,2,2,7,7,0,2,1,4,2,3,3,2
626,0,2,0,9,1,3,1,1,1,10,1,1,2,2,7,7,0,2,1,4,6,4,0,0
627,0,4,0,3,0,5,1,0,1,7,0,3,2,2,7,7,0,2,1,4,2,5,5,0
628,0,0,3,8,1,0,1,0,0,2,0,2,2,2,7,7,0,2,1,4,3,3,1,2
629,0,0,2,8,1,0,1,0,0,4,0,2,2,2,7,7,0,2,1,4,2,2,1,2
630,0,2,0,4,0,5,1,1,0,5,1,3,2,2,7,7,0,2,1,0,3,3,1,2
631,0,0,3,9,1,0,1,0,0,4,0,2,2,2,7,7,0,2,1,4,2,2,3,2
632,0,5,0,4,1,5,1,0,0,5,1,1,2,2,7,3,0,2,1,4,2,4,0,0
633,0,5,3,4,1,3,1,0,0,5,0,4,2,3,7,7,0,2,1,4,2,3,1,2
634,0,5,3,4,1,0,1,0,0,7,0,4,2,3,7,7,0,2,1,4,3,3,1,0
635,0,0,3,9,1,0,1,0,0,10,0,2,2,2,7,7,0,2,1,4,3,3,3,0
636,0,2,3,9,1,0,1,0,0,7,0,4,2,3,7,7,0,2,1,4,2,3,1,2
637,0,5,3,9,1,3,1,0,0,5,0,2,2,2,7,7,0,2,1,4,2,2,3,2
638,0,5,2,4,0,5,1,1,0,3,1,3,2,2,7,7,0,2,1,0,2,3,1,2
639,0,5,3,8,1,0,1,0,0,2,0,2,2,2,7,7,0,2,1,4,2,3,3,2
640,0,0,3,9,1,3,1,0,0,10,0,2,2,2,7,7,0,2,1,4,2,2,3,0
641,0,5,3,4,1,0,1,0,0,5,0,4,2,3,7,7,0,2,1,4,3,5,1,2
642,0,2,3,4,1,3,1,0,0,10,0,4,2,3,7,7,0,2,1,4,2,3,4,0
643,0,2,3,4,1,0,1,0,0,10,0,4,2,3,7,7,0,2,1,4,2,5,1,0
644,0,2,3,9,1,3,1,0,0,5,0,4,2,3,7,7,0,2,1,4,2,3,4,2
645,0,5,2,9,1,3,1,1,1,5,1,1,2,2,7,7,0,2,1,4,6,4,0,2
646,0,0,3,8,1,0,1,0,0,2,0,2,2,2,7,7,0,2,1,4,2,3,3,2
647,0,0,2,8,1,3,1,0,0,4,0,2,2,2,7,7,0,2,1,4,2,2,3,2
648,0,5,3,9,1,0,1,0,0,5,0,2,2,2,7,7,0,2,1,4,2,3,1,2
649,0,2,0,8,1,3,1,1,1,7,1,1,2,2,7,7,0,2,1,4,6,4,0,0
650,0,5,2,9,1,0,1,0,0,5,0,2,2,2,7,7,0,2,1,4,2,3,1,2
651,0,0,2,9,1,3,1,0,0,5,0,2,2,2,7,7,0,2,1,4,3,2,3,2
652,0,2,3,9,1,0,1,0,0,10,0,4,2,3,7,7,0,2,1,4,2,5,1,0
653,1,5,3,4,1,6,1,0,1,10,0,3,2,2,7,7,0,2,1,4,2,3,1,0
654,1,5,3,8,1,6,1,0,1,10,0,3,2,2,7,7,0,2,1,4,2,4,5,0
655,0,5,2,9,1,3,1,0,0,2,0,2,2,2,7,7,0,2,1,4,3,3,1,2
656,0,2,0,8,0,5,1,1,0,4,1,3,2,2,7,7,0,2,1,0,3,3,1,2
657,0,0,2,9,1,0,1,0,0,2,0,2,2,2,7,7,0,2,1,4,2,2,1,2
658,0,5,3,9,1,3,1,0,0,10,0,4,2,3,7,7,0,2,1,4,2,5,4,0
659,0,2,0,3,0,5,1,0,1,4,0,3,2,2,7,7,0,2,1,4,3,5,5,2
660,0,0,2,8,1,0,1,0,0,5,0,2,2,2,7,7,0,2,1,4,2,3,1,2
661,0,5,2,8,1,3,1,0,0,4,0,2,2,2,7,7,0,2,1,4,2,3,3,2
662,1,5,3,4,1,6,1,0,1,5,0,3,2,2,7,7,0,2,1,4,2,3,1,0
663,1,5,2,4,1,6,1,0,1,4,0,3,2,2,7,7,0,2,1,4,3,3,1,0
664,0,0,2,8,1,3,1,0,0,2,0,2,2,2,7,7,0,2,1,4,3,3,1,2
665,0,0,2,9,1,0,1,0,0,10,0,2,2,2,7,7,0,2,1,4,3,2,3,0
666,0,2,3,4,1,0,1,0,0,10,0,4,2,3,7,7,0,2,1,4,3,3,1,0
667,0,5,3,9,1,3,1,0,0,7,0,4,2,3,7,7,0,2,1,4,3,5,1,2
668,0,2,3,9,1,3,1,0,0,5,0,4,2,3,7,7,0,2,1,4,3,5,4,2
669,0,5,3,8,1,0,1,0,0,10,0,2,2,2,7,7,0,2,1,4,3,2,1,0
670,0,5,2,9,1,0,1,0,0,4,0,2,2,2,7,7,0,2,1,4,2,3,1,2
671,0,2,0,4,0,5,1,0,1,7,0,3,2,2,7,7,0,2,1,4,3,4,5,0
672,0,2,0,4,0,5,1,1,0,7,1,3,2,2,7,7,0,2,1,0,2,0,1,0
673,0,5,0,9,1,3,1,1,1,10,1,1,2,2,7,7,0,2,1,4,6,4,0,0
674,0,2,3,9,1,3,1,0,0,10,0,4,2,3,7,7,0,2,1,4,3,3,4,0
675,0,2,0,4,0,5,1,0,1,2,0,3,2,2,7,7,0,2,1,4,2,5,5,2
676,0,2,0,3,0,5,1,0,1,4,0,3,2,2,7,7,0,2,1,4,3,4,5,2
677,0,5,3,4,1,3,1,0,0,5,0,4,2,3,7,7,0,2,1,4,3,5,1,0
678,0,5,3,9,1,3,1,0,0,10,0,4,2,3,7,7,0,2,1,4,3,5,4,0
679,0,0,2,8,1,0,1,0,0,2,0,2,2,2,7,7,0,2,1,4,2,3,3,2
680,0,5,2,8,1,3,1,1,1,5,1,1,2,2,7,7,0,2,1,4,3,4,0,2
681,0,5,3,8,1,0,1,0,0,5,0,2,2,2,7,7,0,2,1,4,3,2,3,2
682,0,5,0,9,1,0,1,1,1,10,1,1,2,2,7,7,0,2,1,4,6,4,0,0
683,0,0,2,9,1,0,1,0,0,10,0,2,2,2,7,7,0,2,1,4,2,2,1,0
684,0,5,0,4,1,5,1,0,0,7,1,1,2,2,6,7,0,2,1,4,3,4,0,0
685,0,5,3,8,1,0,1,0,0,2,0,2,2,2,7,7,0,2,1,4,2,2,3,2
686,0,2,0,3,0,5,1,0,1,4,0,3,2,2,7,7,0,2,1,4,2,4,5,2
687,0,0,3,8,1,0,1,0,0,5,0,2,2,2,7,7,0,2,1,4,3,3,3,2
688,0,5,3,9,1,3,1,0,0,10,0,2,2,2,7,7,0,2,1,4,2,2,3,0
689,0,5,2,8,1,0,1,0,0,4,0,2,2,2,7,7,0,2,1,4,2,3,1,2
690,0,0,2,9,1,0,1,0,0,10,0,2,2,2,7,7,0,2,1,4,2,3,1,0
691,0,0,3,8,1,3,1,0,0,4,0,2,2,2,7,7,0,2,1,4,2,3,1,2
692,0,5,3,4,1,0,1,0,0,7,0,4,2,3,7,7,0,2,1,4,3,3,4,0
693,0,2,2,3,0,5,1,1,0,4,1,3,0,2,7,7,0,2,1,0,3,0,1,2
694,1,5,3,4,1,6,1,0,1,7,0,3,2,2,7,7,0,2,1,4,3,3,1,0
695,0,0,3,8,1,0,1,0,0,5,0,2,2,2,7,7,0,2,1,4,3,3,1,2
696,0,0,2,9,1,0,1,0,0,10,0,2,2,2,7,7,0,2,1,4,3,3,3,0
697,1,5,3,4,1,6,1,0,1,10,0,3,2,2,7,7,0,2,1,4,2,4,1,0
698,1,5,2,4,1,6,1,0,1,7,0,3,2,2,7,7,0,2,1,4,3,4,5,0
699,0,2,2,4,0,5,1,1,0,5,1,3,0,2,7,7,0,2,1,0,3,0,1,2
700,1,5,2,4,1,6,1,0,1,10,0,3,2,2,7,7,0,2,1,4,2,3,1,0
701,0,2,0,3,0,5,1,1,0,3,1,3,2,0,7,7,0,2,1,0,3,0,1,2
702,0,5,3,9,1,3,1,0,0,5,0,4,2,3,7,7,0,2,1,4,2,3,4,2
703,0,0,3,8,1,3,1,0,0,4,0,2,2,2,7,7,0,2,1,4,2,2,3,2
704,0,2,3,9,1,3,1,0,0,7,0,4,2,3,7,7,0,2,1,4,3,3,4,2
705,0,2,3,9,1,3,1,0,0,7,0,4,2,3,7,7,0,2,1,4,2,5,4,2
706,0,0,3,9,1,3,1,0,0,4,0,2,2,2,7,7,0,2,1,4,2,2,3,2
707,0,4,0,4,0,5,1,0,1,7,0,3,2,2,7,7,0,2,1,4,2,5,5,0
708,0,5,2,8,1,0,1,0,0,4,0,2,2,2,7,7,0,2,1,4,3,2,3,2
709,0,0,3,9,1,0,1,0,0,2,0,2,2,2,7,7,0,2,1,4,2,2,3,2
710,0,2,3,9,1,0,1,0,0,10,0,4,2,3,7,7,0,2,1,4,2,3,4,0
711,0,2,2,4,0,5,1,1,0,7,1,3,0,0,7,7,0,2,1,0,3,0,1,0
712,0,5,2,8,1,3,1,0,0,10,0,2,2,2,7,7,0,2,1,4,3,3,3,0
713,0,0,3,9,1,3,1,0,0,10,0,2,2,2,7,7,0,2,1,4,3,2,1,0
714,0,0,3,9,1,3,1,0,0,4,0,2,2,2,7,7,0,2,1,4,2,3,1,2
715,0,0,3,9,1,0,1,0,0,5,0,2,2,2,7,7,0,2,1,4,3,3,3,2
716,0,0,2,8,1,3,1,0,0,4,0,2,2,2,7,7,0,2,1,4,3,3,3,2
717,0,5,3,9,1,0,1,0,0,5,0,4,2,3,7,7,0,2,1,4,2,3,4,2
718,0,5,3,4,1,0,1,0,0,5,0,4,2,3,7,7,0,2,1,4,3,3,1,2
719,0,4,0,4,0,5,1,0,1,2,0,3,2,2,7,7,0,2,1,4,2,4,5,2
720,0,2,3,4,1,0,1,0,0,5,0,4,2,3,7,7,0,2,1,4,3,3,1,2
721,0,5,2,8,1,0,1,0,0,4,0,2,2,2,7,7,0,2,1,4,2,2,1,2
722,0,2,2,9,1,3,1,1,1,10,1,1,2,2,7,7,0,2,1,4,3,4,0,0
723,0,5,2,4,0,5,1,1,0,7,1,3,2,2,7,7,0,2,1,0,3,0,1,0
724,0,2,3,9,1,0,1,0,0,5,0,4,2,3,7,7,0,2,1,4,2,3,1,2
725,1,5,3,4,1,6,1,0,1,4,0,3,2,2,7,7,0,2,1,4,3,4,1,0
726,0,5,2,8,1,3,1,0,0,10,0,2,2,2,7,7,0,2,1,4,3,2,1,0
727,0,5,0,8,0,5,1,1,0,3,1,3,0,2,7,7,0,2,1,0,3,3,1,2
728,0,0,2,8,1,0,1,0,0,5,0,2,2,2,7,7,0,2,1,4,3,3,3,2
729,0,5,3,8,1,3,1,0,0,10,0,2,2,2,7,7,0,2,1,4,2,3,3,0
730,0,2,3,9,1,3,1,0,0,10,0,4,2,3,7,7,0,2,1,4,2,5,1,0
731,0,5,0,4,0,5,1,1,0,5,1,3,0,2,7,7,0,2,1,0,3,3,1,2
732,1,5,2,8,1,6,1,0,1,4,0,3,2,2,7,7,0,2,1,4,3,3,1,2
733,1,5,3,8,1,6,1,0,1,7,0,3,2,2,7,7,0,2,1,4,2,3,5,2
734,0,5,3,8,1,3,1,0,0,2,0,2,2,2,7,7,0,2,1,4,2,2,1,2
735,0,0,3,8,1,0,1,0,0,10,0,2,2,2,7,7,0,2,1,4,3,3,1,0
736,0,5,0,8,1,0,1,1,1,10,1,1,2,2,7,7,0,2,1,4,3,4,0,0
737,1,5,3,8,1,6,1,0,1,10,0,3,2,2,7,7,0,2,1,4,2,3,5,0
738,0,5,2,8,1,3,1,0,0,2,0,2,2,2,7,7,0,2,1,4,2,3,1,2
739,0,5,0,3,0,5,1,0,1,7,0,3,2,2,7,7,0,2,1,4,2,4,5,0
740,0,5,0,4,0,5,1,0,1,7,0,3,2,2,7,7,0,2,1,4,2,4,5,0
741,0,0,2,8,1,0,1,0,0,5,0,2,2,2,7,7,0,2,1,4,2,3,3,2
742,0,5,3,4,1,0,1,0,0,7,0,4,2,3,7,7,0,2,1,4,2,3,1,0
743,0,0,3,8,1,0,1,0,0,4,0,2,2,2,7,7,0,2,1,4,3,2,3,2
744,0,2,3,9,1,3,1,0,0,5,0,4,2,3,7,7,0,2,1,4,3,3,4,2
745,0,5,3,8,1,3,1,0,0,5,0,2,2,2,7,7,0,2,1,4,3,2,1,2
746,0,0,3,8,1,3,1,0,0,10,0,2,2,2,7,7,0,2,1,4,3,3,1,0
747,0,0,3,8,1,0,1,0,0,10,0,2,2,2,7,7,0,2,1,4,2,3,3,0
748,1,5,2,4,1,6,1,0,1,10,0,3,2,2,7,7,0,2,1,4,3,4,5,0
749,0,2,2,9,1,0,1,1,1,5,1,1,2,2,7,7,0,2,1,4,6,4,0,2
750,0,5,3,4,1,0,1,0,0,5,0,4,2,3,7,7,0,2,1,4,3,3,4,2
751,0,0,2,9,1,3,1,0,0,4,0,2,2,2,7,7,0,2,1,4,3,2,1,2
752,0,2,2,8,1,0,1,1,1,5,1,1,2,2,7,7,0,2,1,4,6,4,0,2
753,0,0,3,9,1,3,1,0,0,10,0,2,2,2,7,7,0,2,1,4,2,3,1,0
754,0,0,3,9,1,0,1,0,0,4,0,2,2,2,7,7,0,2,1,4,3,2,3,2
755,0,0,2,9,1,0,1,0,0,5,0,2,2,2,7,7,0,2,1,4,2,2,1,2
756,0,2,3,9,1,3,1,0,0,5,0,4,2,3,7,7,0,2,1,4,3,5,1,2
757,0,5,2,8,0,5,1,1,0,5,1,3,0,0,7,7,0,2,1,0,3,0,1,2
758,0,0,3,9,1,0,1,0,0,10,0,2,2,2,7,7,0,2,1,4,3,2,3,0
759,0,5,3,4,1,0,1,0,0,5,0,4,2,3,7,7,0,2,1,4,2,5,4,2
760,0,0,2,8,1,3,1,0,0,2,0,2,2,2,7,7,0,2,1,4,3,2,1,2
761,0,2,3,4,1,3,1,0,0,7,0,4,2,3,7,7,0,2,1,4,2,5,1,0
762,0,5,2,8,1,3,1,0,0,2,0,2,2,2,7,7,0,2,1,4,3,2,1,2
763,0,5,0,4,0,5,1,0,1,2,0,3,2,2,7,7,0,2,1,4,3,4,5,2
764,0,5,3,4,1,3,1,0,0,10,0,4,2,3,7,7,0,2,1,4,2,3,4,0
765,0,2,0,3,0,5,1,1,0,4,1,3,2,0,7,7,0,2,1,0,2,0,1,2
766,0,5,2,8,1,3,1,1,1,7,1,1,2,2,7,7,0,2,1,4,3,4,0,0
767,0,2,0,4,0,5,1,0,1,2,0,3,2,2,7,7,0,2,1,4,3,5,5,2
768,0,0,3,9,1,0,1,0,0,2,0,2,2,2,7,7,0,2,1,4,3,3,3,2
769,0,0,2,8,1,0,1,0,0,4,0,2,2,2,7,7,0,2,1,4,2,2,3,2
770,0,5,2,8,1,0,1,0,0,10,0,2,2,2,7,7,0,2,1,4,3,2,1,0
771,0,0,2,9,1,3,1,0,0,4,0,2,2,2,7,7,0,2,1,4,3,3,3,2
772,0,5,3,9,1,0,1,0,0,4,0,2,2,2,7,7,0,2,1,4,2,2,3,2
773,0,5,2,9,1,0,1,1,1,7,1,1,2,2,7,7,0,2,1,4,3,4,0,2
774,0,2,0,3,0,5,1,1,0,3,1,3,0,2,7,7,0,2,1,0,2,0,1,2
775,0,5,3,9,1,0,1,0,0,7,0,4,2,3,7,7,0,2,1,4,3,3,1,2
776,1,5,3,4,1,6,1,0,1,4,0,3,2,2,7,7,0,2,1,4,3,3,5,2
777,0,5,3,4,1,0,1,0,0,7,0,4,2,3,7,7,0,2,1,4,3,5,1,0
778,0,5,2,9,1,3,1,0,0,5,0,2,2,2,7,7,0,2,1,4,3,2,1,2
779,0,0,3,8,1,3,1,0,0,10,0,2,2,2,7,7,0,2,1,4,3,2,3,0
780,0,5,3,9,1,0,1,0,0,10,0,2,2,2,7,7,0,2,1,4,2,3,3,0
781,0,4,0,4,0,5,1,0,1,2,0,3,2,2,7,7,0,2,1,4,2,5,5,2
782,0,0,3,9,1,3,1,0,0,10,0,2,2,2,7,7,0,2,1,4,2,3,3,0
783,0,5,2,8,1,3,1,0,0,5,0,2,2,2,7,7,0,2,1,4,2,3,3,2
784,0,5,2,8,1,0,1,0,0,10,0,2,2,2,7,7,0,2,1,4,2,2,1,0
785,1,5,2,4,1,6,1,0,1,10,0,3,2,2,7,7,0,2,1,4,2,4,1,0
786,0,5,0,4,0,5,1,0,1,5,0,3,2,2,7,7,0,2,1,4,2,4,5,2
787,0,5,3,9,1,3,1,0,0,10,0,2,2,2,7,7,0,2,1,4,3,2,1,0
788,1,5,3,4,1,6,1,0,1,4,0,3,2,2,7,7,0,2,1,4,3,3,1,0
789,0,5,3,9,1,3,1,0,0,7,0,4,2,3,7,7,0,2,1,4,2,5,4,2
790,0,0,3,9,1,3,1,0,0,4,0,2,2,2,7,7,0,2,1,4,3,3,1,2
791,0,2,3,4,1,3,1,0,0,7,0,4,2,3,7,7,0,2,1,4,2,5,4,0
792,0,5,3,8,1,0,1,0,0,4,0,2,2,2,7,7,0,2,1,4,2,2,1,2
793,0,5,2,9,1,0,1,0,0,5,0,2,2,2,7,7,0,2,1,4,3,2,1,2
794,1,5,3,4,1,6,1,0,1,7,0,3,2,2,7,7,0,2,1,4,3,4,1,0
795,1,5,3,4,1,6,1,0,1,5,0,3,2,2,7,7,0,2,1,4,3,3,5,0
796,0,0,3,9,1,3,1,0,0,5,0,2,2,2,7,7,0,2,1,4,2,2,1,2
797,0,5,2,8,0,5,1,1,0,3,1,3,0,2,7,7,0,2,1,0,2,3,1,2
798,1,5,2,8,1,6,1,0,1,4,0,3,2,2,7,7,0,2,1,4,3,4,1,2
799,0,5,3,4,1,3,1,0,0,10,0,4,2,3,7,7,0,2,1,4,3,3,4,0
800,0,0,2,8,1,0,1,0,0,5,0,2,2,2,7,7,0,2,1,4,2,2,3,2
801,0,5,3,9,1,0,1,0,0,10,0,2,2,2,7,7,0,2,1,4,3,2,1,0
802,1,5,2,4,1,6,1,0,1,5,0,3,2,2,7,7,0,2,1,4,3,4,5,0
803,0,0,3,9,1,3,1,0,0,10,0,2,2,2,7,7,0,2,1,4,2,2,1,0
804,0,0,3,8,1,0,1,0,0,4,0,2,2,2,7,7,0,2,1,4,3,2,1,2
805,0,2,3,9,1,3,1,0,0,10,0,4,2,3,7,7,0,2,1,4,2,3,1,0
806,0,0,3,8,1,0,1,0,0,4,0,2,2,2,7,7,0,2,1,4,2,3,1,2
807,0,5,3,9,1,0,1,0,0,7,0,4,2,3,7,7,0,2,1,4,2,5,1,2
808,0,0,2,9,1,3,1,0,0,5,0,2,2,2,7,7,0,2,1,4,3,3,3,2
809,0,5,2,9,1,3,1,1,1,7,1,1,2,2,7,7,0,2,1,4,3,4,0,2
810,0,0,2,9,1,0,1,0,0,2,0,2,2,2,7,7,0,2,1,4,2,2,3,2
811,0,0,2,9,1,0,1,0,0,5,0,2,2,2,7,7,0,2,1,4,2,2,3,2
812,1,5,3,8,1,6,1,0,1,7,0,3,2,2,7,7,0,2,1,4,2,4,5,2
813,1,5,3,8,1,6,1,0,1,10,0,3,2,2,7,7,0,2,1,4,3,4,1,0
814,1,5,2,4,1,6,1,0,1,4,0,3,2,2,7,7,0,2,1,4,2,4,5,2
815,0,5,2,8,1,0,1,0,0,5,0,2,2,2,7,7,0,2,1,4,2,3,3,2
816,0,5,3,4,1,0,1,0,0,7,0,4,2,3,7,7,0,2,1,4,2,5,1,0
817,0,5,3,9,1,0,1,0,0,5,0,4,2,3,7,7,0,2,1,4,2,5,1,2
818,0,5,2,8,1,0,1,1,1,10,1,1,2,2,7,7,0,2,1,4,3,4,0,0
819,0,0,3,8,1,3,1,0,0,4,0,2,2,2,7,7,0,2,1,4,3,2,1,2
820,0,0,2,9,1,3,1,0,0,10,0,2,2,2,7,7,0,2,1,4,3,2,3,0
821,0,5,0,3,0,5,1,0,1,4,0,3,2,2,7,7,0,2,1,4,2,4,5,2
822,0,0,2,9,1,0,1,0,0,5,0,2,2,2,7,7,0,2,1,4,2,3,3,2
823,0,5,2,8,1,3,1,0,0,2,0,2,2,2,7,7,0,2,1,4,3,3,1,2
824,0,5,3,4,1,0,1,0,0,10,0,4,2,3,7,7,0,2,1,4,2,3,4,0
825,0,5,3,9,1,3,1,0,0,10,0,2,2,2,7,7,0,2,1,4,2,3,3,0
826,0,2,0,8,1,3,1,1,1,5,1,1,2,2,7,7,0,2,1,4,3,4,0,2
827,0,2,0,8,1,0,1,1,1,10,1,1,2,2,7,7,0,2,1,4,6,4,0,0
828,0,5,2,8,1,3,1,0,0,2,0,2,2,2,7,7,0,2,1,4,3,3,3,2
829,0,2,2,9,1,3,1,1,1,7,1,1,2,2,7,7,0,2,1,4,6,4,0,0
830,0,4,0,3,0,5,1,0,1,7,0,3,2,2,7,7,0,2,1,4,2,4,5,0
831,0,2,0,9,1,0,1,1,1,10,1,1,2,2,7,7,0,2,1,4,3,4,0,0
832,0,5,3,4,1,3,1,0,0,7,0,4,2,3,7,7,0,2,1,4,2,5,1,0
833,0,5,3,9,1,3,1,0,0,10,0,4,2,3,7,7,0,2,1,4,3,3,1,0
834,0,5,3,9,1,3,1,0,0,7,0,4,2,3,7,7,0,2,1,4,3,5,4,2
835,1,5,2,4,1,6,1,0,1,4,0,3,2,2,7,7,0,2,1,4,3,4,1,0
836,0,5,2,9,1,3,1,0,0,5,0,2,2,2,7,7,0,2,1,4,3,3,3,2
837,1,5,3,8,1,6,1,0,1,7,0,3,2,2,7,7,0,2,1,4,3,3,5,2
838,0,5,3,9,1,0,1,0,0,10,0,2,2,2,7,7,0,2,1,4,2,3,1,0
839,0,5,3,8,1,0,1,0,0,10,0,2,2,2,7,7,0,2,1,4,2,3,1,0
840,0,2,2,9,1,0,1,1,1,10,1,1,2,2,7,7,0,2,1,4,6,4,0,0
841,1,5,3,4,1,6,1,0,1,10,0,3,2,2,7,7,0,2,1,4,3,4,1,0
842,0,0,2,8,1,0,1,0,0,5,0,2,2,2,7,7,0,2,1,4,3,3,1,2
843,0,4,0,3,0,5,1,0,1,5,0,3,2,2,7,7,0,2,1,4,2,5,5,0
844,0,5,2,9,1,0,1,0,0,2,0,2,2,2,7,7,0,2,1,4,2,2,1,2
845,0,5,0,3,0,5,1,1,0,4,1,3,2,0,7,7,0,2,1,0,3,3,1,2
846,0,5,3,9,1,0,1,0,0,5,0,2,2,2,7,7,0,2,1,4,3,3,3,2
847,0,0,3,8,1,3,1,0,0,2,0,2,2,2,7,7,0,2,1,4,3,3,1,2
848,0,0,2,9,1,3,1,0,0,4,0,2,2,2,7,7,0,2,1,4,3,2,3,2
849,0,5,2,8,1,3,1,1,1,10,1,1,2,2,7,7,0,2,1,4,6,4,0,0
850,0,0,2,8,1,3,1,0,0,4,0,2,2,2,7,7,0,2,1,4,3,3,1,2
851,0,2,3,4,1,0,1,0,0,7,0,4,2,3,7,7,0,2,1,4,2,3,1,0
852,0,4,0,3,0,5,1,0,1,2,0,3,2,2,7,7,0,2,1,4,3,5,5,2
853,0,5,0,8,0,5,1,1,0,7,1,3,0,2,7,7,0,2,1,0,3,0,1,2
854,0,4,0,4,0,5,1,0,1,5,0,3,2,2,7,7,0,2,1,4,2,4,5,2
855,0,2,3,4,1,3,1,0,0,7,0,4,2,3,7,7,0,2,1,4,2,3,4,0
856,0,2,2,9,1,3,1,1,1,5,1,1,2,2,7,7,0,2,1,4,6,4,0,2
857,0,0,2,9,1,0,1,0,0,5,0,2,2,2,7,7,0,2,1,4,3,3,1,2
858,0,0,2,9,1,0,1,0,0,4,0,2,2,2,7,7,0,2,1,4,2,2,3,2
859,1,5,2,4,1,6,1,0,1,7,0,3,2,2,7,7,0,2,1,4,2,4,1,0
860,0,2,3,4,1,3,1,0,0,10,0,4,2,3,7,7,0,2,1,4,3,5,4,0
861,0,5,2,9,1,0,1,0,0,10,0,2,2,2,7,7,0,2,1,4,3,3,1,0
862,0,2,3,9,1,0,1,0,0,7,0,4,2,3,7,7,0,2,1,4,3,3,1,2
863,0,5,3,8,1,0,1,0,0,2,0,2,2,2,7,7,0,2,1,4,3,2,1,2
864,0,5,3,9,1,0,1,0,0,10,0,2,2,2,7,7,0,2,1,4,3,3,3,0
865,0,5,3,9,1,3,1,0,0,4,0,2,2,2,7,7,0,2,1,4,2,3,1,2
866,0,2,0,4,0,5,1,0,1,5,0,3,2,2,7,7,0,2,1,4,3,4,5,0
867,0,2,3,9,1,3,1,0,0,7,0,4,2,3,7,7,0,2,1,4,3,5,4,2
868,0,5,0,3,0,5,1,0,1,7,0,3,2,2,7,7,0,2,1,4,3,5,5,0
869,0,5,2,9,1,3,1,0,0,4,0,2,2,2,7,7,0,2,1,4,3,2,1,2
870,0,2,3,4,1,0,1,0,0,7,0,4,2,3,7,7,0,2,1,4,2,5,4,0
871,0,5,2,9,1,3,1,0,0,10,0,2,2,2,7,7,0,2,1,4,3,2,1,0
872,0,5,3,9,1,0,1,0,0,4,0,2,2,2,7,7,0,2,1,4,3,3,3,2
873,0,5,0,4,1,5,1,0,0,5,1,1,2,2,3,7,0,2,1,4,2,4,0,0
874,0,5,2,8,1,0,1,0,0,5,0,2,2,2,7,7,0,2,1,4,3,3,3,2
875,0,5,3,9,1,3,1,0,0,7,0,4,2,3,7,7,0,2,1,4,3,3,4,2
876,0,5,3,8,1,0,1,0,0,4,0,2,2,2,7,7,0,2,1,4,3,2,3,2
877,0,5,2,8,1,3,1,0,0,4,0,2,2,2,7,7,0,2,1,4,2,2,1,2
878,0,2,3,9,1,3,1,0,0,10,0,4,2,3,7,7,0,2,1,4,3,5,1,0
879,0,0,2,9,1,3,1,0,0,5,0,2,2,2,7,7,0,2,1,4,3,2,1,2
880,0,2,0,8,1,0,1,1,1,10,1,1,2,2,7,7,0,2,1,4,3,4,0,0
881,0,2,2,3,0,5,1,1,0,5,1,3,2,0,7,7,0,2,1,0,3,3,1,2
882,0,5,3,8,1,0,1,0,0,10,0,2,2,2,7,7,0,2,1,4,2,2,1,0
883,0,5,3,8,1,3,1,0,0,5,0,2,2,2,7,7,0,2,1,4,2,2,1,2
884,0,2,3,9,1,3,1,0,0,5,0,4,2,3,7,7,0,2,1,4,2,3,1,2
885,0,5,2,8,1,0,1,1,1,7,1,1,2,2,7,7,0,2,1,4,6,4,0,2
886,0,5,2,9,1,0,1,0,0,5,0,2,2,2,7,7,0,2,1,4,3,3,1,2
887,0,2,3,9,1,0,1,0,0,5,0,4,2,3,7,7,0,2,1,4,3,5,1,2
888,0,5,3,9,1,0,1,0,0,10,0,4,2,3,7,7,0,2,1,4,2,5,4,0
889,0,5,2,9,1,3,1,0,0,2,0,2,2,2,7,7,0,2,1,4,3,2,1,2
890,0,5,0,4,1,5,1,0,0,9,1,1,2,2,3,6,0,2,1,4,3,5,0,0
891,0,2,3,9,1,3,1,0,0,7,0,4,2,3,7,7,0,2,1,4,2,5,1,2
892,0,5,2,8,1,0,1,0,0,5,0,2,2,2,7,7,0,2,1,4,2,2,1,2
893,0,0,2,9,1,0,1,0,0,2,0,2,2,2,7,7,0,2,1,4,3,3,3,2
894,0,5,2,9,1,3,1,0,0,4,0,2,2,2,7,7,0,2,1,4,3,3,3,2
895,0,5,3,4,1,3,1,0,0,7,0,4,2,3,7,7,0,2,1,4,3,3,1,0
896,0,0,3,9,1,0,1,0,0,4,0,2,2,2,7,7,0,2,1,4,2,2,1,2
897,0,5,2,8,1,3,1,0,0,4,0,2,2,2,7,7,0,2,1,4,2,2,3,2
898,0,5,3,8,1,3,1,0,0,4,0,2,2,2,7,7,0,2,1,4,2,3,3,2
899,0,5,2,9,1,3,1,0,0,5,0,2,2,2,7,7,0,2,1,4,2,3,1,2
900,0,2,3,9,1,3,1,0,0,5,0,4,2,3,7,7,0,2,1,4,2,5,4,2
901,0,5,0,8,0,5,1,1,0,5,1,3,0,0,7,7,0,2,1,0,3,0,1,2
902,0,5,2,4,0,5,1,1,0,7,1,3,0,0,7,7,0,2,1,0,2,3,1,0
903,0,5,2,8,0,5,1,1,0,3,1,3,0,2,7,7,0,2,1,0,3,3,1,2
904,0,5,2,9,1,3,1,0,0,10,0,2,2,2,7,7,0,2,1,4,3,2,3,0
905,0,2,0,8,0,5,1,1,0,7,1,3,0,2,7,7,0,2,1,0,2,3,1,2
906,1,2,2,4,1,6,1,0,1,5,0,3,2,2,7,7,0,2,1,4,2,3,1,0
907,0,5,0,3,0,5,1,1,0,7,1,3,0,0,7,7,0,2,1,0,3,3,1,0
908,1,2,3,4,1,6,1,0,1,7,0,3,2,2,7,7,0,2,1,4,3,4,5,0
909,1,5,2,4,1,6,1,0,1,10,0,3,2,2,7,7,0,2,1,4,3,4,1,0
910,0,0,2,8,1,3,1,0,0,4,0,2,2,2,7,7,0,2,1,4,2,2,1,2
911,0,5,0,3,0,5,1,1,0,7,1,3,0,0,7,7,0,2,1,0,2,0,1,0
912,0,5,2,8,1,3,1,0,0,2,0,2,2,2,7,7,0,2,1,4,2,2,1,2
913,0,2,0,3,0,5,1,1,0,5,1,3,2,2,7,7,0,2,1,0,2,0,1,2
914,0,5,2,3,0,5,1,1,0,4,1,3,2,2,7,7,0,2,1,0,2,3,1,2
915,0,5,2,8,1,0,1,0,0,4,0,2,2,2,7,7,0,2,1,4,3,2,1,2
916,0,5,2,8,1,3,1,0,0,5,0,2,2,2,7,7,0,2,1,4,3,3,3,2
917,0,5,3,3,1,5,1,0,0,5,1,1,2,2,3,7,0,2,1,4,3,5,0,0
918,0,2,0,4,0,5,1,1,0,4,1,3,0,0,7,7,0,2,1,0,3,0,1,2
919,0,5,2,8,0,5,1,1,0,3,1,3,2,0,7,7,0,2,1,0,2,3,1,2
920,0,2,0,4,0,5,1,1,0,7,1,3,0,2,7,7,0,2,1,0,2,0,1,0
921,0,5,2,4,0,5,1,1,0,7,1,3,0,0,7,7,0,2,1,0,3,0,1,0
922,0,5,3,9,1,3,1,0,0,5,0,2,2,2,7,7,0,2,1,4,2,2,1,2
923,0,5,2,9,1,3,1,1,1,10,1,1,2,2,7,7,0,2,1,4,6,4,0,0
924,0,2,0,8,0,5,1,1,0,4,1,3,0,2,7,7,0,2,1,0,3,3,1,2
925,0,5,2,4,0,5,1,1,0,3,1,3,0,2,7,7,0,2,1,0,3,0,1,2
926,0,5,2,3,0,5,1,1,0,4,1,3,0,2,7,7,0,2,1,0,2,0,1,2
927,1,5,3,4,1,6,1,0,1,10,0,3,2,2,7,7,0,2,1,4,2,3,5,0
928,0,5,0,3,0,5,1,0,1,4,0,3,2,2,7,7,0,2,1,4,3,5,5,2
929,0,0,2,8,1,0,1,0,0,5,0,2,2,2,7,7,0,2,1,4,3,2,3,2
930,0,5,2,3,0,5,1,1,0,3,1,3,2,2,7,7,0,2,1,0,2,0,1,2
931,0,2,0,3,0,5,1,1,0,5,1,3,2,0,7,7,0,2,1,0,3,3,1,2
932,1,2,2,4,1,6,1,0,1,5,0,3,2,2,7,7,0,2,1,4,3,4,1,0
933,0,5,2,9,1,3,1,0,0,4,0,2,2,2,7,7,0,2,1,4,3,3,1,2
934,0,5,0,4,0,5,1,0,1,5,0,3,2,2,7,7,0,2,1,4,2,5,5,2
935,0,2,2,8,0,5,1,1,0,7,1,3,2,0,7,7,0,2,1,0,2,3,1,2
936,0,5,3,9,1,0,1,0,0,10,0,2,2,2,7,7,0,2,1,4,2,2,3,0
937,0,5,0,4,0,5,1,1,0,7,1,3,2,2,7,7,0,2,1,0,2,3,1,0
938,0,2,2,3,0,5,1,1,0,5,1,3,0,2,7,7,0,2,1,0,2,0,1,2
939,0,5,3,2,1,5,1,0,0,9,1,1,2,2,3,6,0,2,1,4,3,5,0,0
940,0,0,3,9,1,0,1,0,0,5,0,2,2,2,7,7,0,2,1,4,3,2,1,2
941,0,5,0,8,0,5,1,1,0,5,1,3,0,0,7,7,0,2,1,0,2,3,1,2
942,1,5,2,8,1,6,1,0,1,10,0,3,2,2,7,7,0,2,1,4,3,3,1,0
943,0,5,0,3,0,5,1,1,0,7,1,3,2,2,7,7,0,2,1,0,3,3,1,0
944,0,2,0,3,1,5,1,0,0,5,1,1,2,2,7,3,0,2,1,4,3,4,0,0
945,0,2,0,4,0,5,1,1,0,3,1,3,0,0,7,7,0,2,1,0,3,0,1,2
946,0,2,0,8,0,5,1,1,0,5,1,3,0,0,7,7,0,2,1,0,2,3,1,2
947,0,0,3,8,1,3,1,0,0,10,0,2,2,2,7,7,0,2,1,4,2,3,1,0
948,0,2,0,4,0,5,1,1,0,5,1,3,0,2,7,7,0,2,1,0,2,0,1,2
949,1,2,3,4,1,6,1,0,1,10,0,3,2,2,7,7,0,2,1,4,3,4,5,0
950,1,5,3,8,1,6,1,0,1,10,0,3,2,2,7,7,0,2,1,4,3,3,5,0
951,0,0,2,9,1,3,1,0,0,5,0,2,2,2,7,7,0,2,1,4,2,3,1,2
952,0,2,2,3,0,5,1,1,0,3,1,3,2,0,7,7,0,2,1,0,3,0,1,2
953,0,5,0,3,0,5,1,1,0,5,1,3,2,0,7,7,0,2,1,0,3,0,1,2
954,0,2,0,4,0,5,1,1,0,3,1,3,0,2,7,7,0,2,1,0,3,3,1,2
955,0,0,2,8,1,3,1,0,0,4,0,2,2,2,7,7,0,2,1,4,2,3,3,2
956,1,5,2,8,1,6,1,0,1,10,0,3,2,2,7,7,0,2,1,4,2,4,5,0
957,0,5,3,4,1,5,1,0,0,5,1,1,2,2,6,6,0,2,1,4,2,4,0,0
958,0,2,0,8,1,3,1,1,1,5,1,1,2,2,7,7,0,2,1,4,6,4,0,2
959,0,5,3,9,1,3,1,0,0,4,0,2,2,2,7,7,0,2,1,4,3,2,3,2
960,0,5,0,4,0,5,1,1,0,5,1,3,0,0,7,7,0,2,1,0,2,0,1,2
961,0,2,0,8,0,5,1,1,0,3,1,3,0,2,7,7,0,2,1,0,2,0,1,2
962,0,5,0,4,1,5,1,0,0,5,1,1,2,2,3,6,0,2,1,4,2,4,0,0
963,0,5,0,4,1,5,1,0,0,5,1,1,2,2,6,3,0,2,1,4,3,5,0,0
964,0,2,2,3,0,5,1,1,0,4,1,3,0,0,7,7,0,2,1,0,2,3,1,2
965,0,2,2,3,0,5,1,1,0,5,1,3,2,2,7,7,0,2,1,0,2,3,1,2
966,1,2,2,4,1,6,1,0,1,10,0,3,2,2,7,7,0,2,1,4,2,3,1,0
967,0,5,0,4,1,5,1,0,0,5,1,1,2,2,7,6,0,2,1,4,2,5,0,0
968,0,5,2,4,0,5,1,1,0,4,1,3,0,0,7,7,0,2,1,0,2,3,1,2
969,0,5,0,8,0,5,1,1,0,4,1,3,2,0,7,7,0,2,1,0,2,3,1,2
970,0,2,0,4,0,5,1,1,0,5,1,3,0,2,7,7,0,2,1,0,3,3,1,2
971,0,5,0,4,1,5,1,0,0,5,1,1,2,2,6,7,0,2,1,4,2,4,0,0
972,0,2,0,4,1,5,1,0,0,5,1,1,2,2,6,7,0,2,1,4,2,4,0,0
973,0,5,0,3,0,5,1,1,0,5,1,3,2,0,7,7,0,2,1,0,2,3,1,2
974,0,2,0,4,1,5,1,0,0,9,1,1,2,2,6,7,0,2,1,4,2,5,0,0
975,0,5,2,3,0,5,1,1,0,7,1,3,0,0,7,7,0,2,1,0,2,3,1,0
976,0,0,3,8,1,3,1,0,0,5,0,2,2,2,7,7,0,2,1,4,2,2,1,2
977,0,5,0,4,1,5,1,0,0,5,1,1,2,2,6,6,0,2,1,4,2,5,0,0
978,0,5,3,9,1,3,1,0,0,4,0,2,2,2,7,7,0,2,1,4,3,3,1,2
979,0,2,0,3,0,5,1,1,0,7,1,3,0,0,7,7,0,2,1,0,2,0,1,0
980,0,2,0,4,1,5,1,0,0,9,1,1,2,2,6,6,0,2,1,4,3,5,0,0
981,0,5,2,9,1,3,1,0,0,2,0,2,2,2,7,7,0,2,1,4,2,3,3,2
982,0,2,0,3,0,5,1,1,0,3,1,3,2,2,7,7,0,2,1,0,2,3,1,2
983,0,5,0,4,0,5,1,1,0,4,1,3,2,2,7,7,0,2,1,0,3,3,1,2
984,1,5,2,8,1,6,1,0,1,5,0,3,2,2,7,7,0,2,1,4,2,3,5,2
985,0,5,0,8,0,5,1,1,0,5,1,3,0,0,7,7,0,2,1,0,3,3,1,2
986,0,2,0,8,0,5,1,1,0,5,1,3,0,2,7,7,0,2,1,0,2,0,1,2
987,0,5,2,8,0,5,1,1,0,5,1,3,2,0,7,7,0,2,1,0,3,0,1,2
988,0,5,2,3,0,5,1,1,0,4,1,3,2,0,7,7,0,2,1,0,2,0,1,2
989,0,5,3,9,1,3,1,0,0,5,0,2,2,2,7,7,0,2,1,4,3,2,1,2
990,0,5,2,9,1,3,1,0,0,5,0,2,2,2,7,7,0,2,1,4,2,2,3,2
991,0,5,2,3,0,5,1,1,0,7,1,3,2,0,7,7,0,2,1,0,2,0,1,0
992,0,5,2,4,0,5,1,1,0,7,1,3,0,2,7,7,0,2,1,0,3,3,1,0
993,0,2,0,4,0,5,1,0,1,5,0,3,2,2,7,7,0,2,1,4,2,4,5,2
994,0,2,2,8,0,5,1,1,0,4,1,3,2,0,7,7,0,2,1,0,2,3,1,2
995,0,2,2,8,0,5,1,1,0,5,1,3,0,0,7,7,0,2,1,0,2,0,1,2
996,0,5,3,9,1,3,1,0,0,5,0,2,2,2,7,7,0,2,1,4,3,3,3,2
997,0,2,2,8,1,0,1,1,1,10,1,1,2,2,7,7,0,2,1,4,6,4,0,0
998,0,0,2,8,1,3,1,0,0,10,0,2,2,2,7,7,0,2,1,4,3,2,3,0
999,1,2,3,8,1,6,1,0,1,7,0,3,2,2,7,7,0,2,1,4,2,4,5,2
1000,0,5,0,3,1,5,1,0,0,5,1,1,2,2,6,6,0,2,1,4,2,5,0,0
1001,0,2,3,4,1,3,1,0,0,7,0,4,2,3,7,7,0,2,1,4,3,5,1,0
1002,0,2,2,4,0,5,1,1,0,4,1,3,2,2,7,7,0,2,1,0,3,3,1,2
1003,1,5,2,8,1,6,1,0,1,10,0,3,2,2,7,7,0,2,1,4,2,4,1,0
1004,0,5,3,4,1,3,1,0,0,7,0,4,2,3,7,7,0,2,1,4,3,5,1,0
1005,0,5,2,3,0,5,1,1,0,7,1,3,2,0,7,7,0,2,1,0,3,0,1,0
1006,0,5,2,8,0,5,1,1,0,4,1,3,0,2,7,7,0,2,1,0,3,0,1,2
1007,0,2,0,8,0,5,1,1,0,7,1,3,0,2,7,7,0,2,1,0,3,3,1,2
1008,0,5,0,4,0,5,1,1,0,4,1,3,2,2,7,7,0,2,1,0,3,0,1,2
1009,0,5,2,8,1,3,1,0,0,4,0,2,2,2,7,7,0,2,1,4,3,3,1,2
1010,0,5,3,8,1,0,1,0,0,2,0,2,2,2,7,7,0,2,1,4,3,3,3,2
1011,0,5,2,8,0,5,1,1,0,4,1,3,2,2,7,7,0,2,1,0,2,3,1,2
1012,0,2,3,9,1,0,1,0,0,7,0,4,2,3,7,7,0,2,1,4,3,3,4,2
1013,0,2,2,4,0,5,1,1,0,5,1,3,2,0,7,7,0,2,1,0,2,3,1,2
1014,0,2,0,3,0,5,1,1,0,3,1,3,0,0,7,7,0,2,1,0,2,3,1,2
1015,0,2,0,9,1,0,1,1,1,7,1,1,2,2,7,7,0,2,1,4,6,4,0,2
1016,0,2,3,4,1,3,1,0,0,5,0,4,2,3,7,7,0,2,1,4,3,3,1,0
1017,0,5,0,4,1,5,1,0,0,7,1,1,2,2,6,7,0,2,1,4,3,5,0,0
1018,1,2,2,4,1,6,1,0,1,10,0,3,2,2,7,7,0,2,1,4,3,3,1,0
1019,0,5,0,4,1,5,1,0,0,5,1,1,2,2,7,6,0,2,1,4,2,4,0,0
1020,0,2,0,4,0,5,1,1,0,5,1,3,0,0,7,7,0,2,1,0,3,0,1,2
1021,0,0,2,9,1,0,1,0,0,10,0,2,2,2,7,7,0,2,1,4,2,2,3,0
1022,0,0,3,8,1,0,1,0,0,4,0,2,2,2,7,7,0,2,1,4,2,2,1,2
1023,0,5,3,8,1,0,1,0,0,10,0,2,2,2,7,7,0,2,1,4,3,3,3,0
1024,1,2,3,8,1,6,1,0,1,5,0,3,2,2,7,7,0,2,1,4,2,4,5,2
1025,1,2,3,8,1,6,1,0,1,7,0,3,2,2,7,7,0,2,1,4,3,3,1,0
1026,0,5,0,4,0,5,1,0,1,5,0,3,2,2,7,7,0,2,1,4,3,4,5,0
1027,0,2,2,9,1,3,1,1,1,10,1,1,2,2,7,7,0,2,1,4,6,4,0,0
1028,0,5,3,9,1,3,1,0,0,4,0,2,2,2,7,7,0,2,1,4,2,2,3,2
1029,0,5,2,8,0,5,1,1,0,4,1,3,2,2,7,7,0,2,1,0,2,0,1,2
1030,0,5,0,3,1,5,1,0,0,9,1,1,2,2,3,3,0,2,1,4,3,5,0,0
1031,1,5,3,4,1,6,1,0,1,5,0,3,2,2,7,7,0,2,1,4,2,4,1,0
1032,0,5,0,3,0,5,1,1,0,7,1,3,2,0,7,7,0,2,1,0,3,3,1,0
1033,0,2,0,4,0,5,1,1,0,7,1,3,2,0,7,7,0,2,1,0,3,3,1,0
1034,0,5,2,8,0,5,1,1,0,7,1,3,2,2,7,7,0,2,1,0,3,3,1,2
1035,0,2,0,8,0,5,1,1,0,7,1,3,0,0,7,7,0,2,1,0,2,0,1,2
1036,0,5,3,9,1,0,1,0,0,4,0,2,2,2,7,7,0,2,1,4,2,3,3,2
1037,0,2,0,9,1,0,1,1,1,5,1,1,2,2,7,7,0,2,1,4,3,4,0,2
1038,0,5,0,3,0,5,1,0,1,4,0,3,2,2,7,7,0,2,1,4,2,5,5,2
1039,1,5,2,4,1,6,1,0,1,7,0,3,2,2,7,7,0,2,1,4,2,3,5,0
1040,0,5,3,9,1,0,1,0,0,10,0,4,2,3,7,7,0,2,1,4,3,5,4,0
1041,0,2,3,4,1,0,1,0,0,5,0,4,2,3,7,7,0,2,1,4,2,3,4,2
1042,0,5,0,8,0,5,1,1,0,3,1,3,2,2,7,7,0,2,1,0,2,0,1,2
1043,0,5,3,4,1,5,1,0,0,9,1,1,2,2,3,3,0,2,1,4,3,4,0,0
1044,0,5,2,3,0,5,1,1,0,3,1,3,0,0,7,7,0,2,1,0,3,0,1,2
1045,0,5,2,8,1,0,1,0,0,10,0,2,2,2,7,7,0,2,1,4,3,3,1,0
1046,0,5,0,3,0,5,1,1,0,3,1,3,2,0,7,7,0,2,1,0,3,3,1,2
1047,1,2,3,4,1,6,1,0,1,5,0,3,2,2,7,7,0,2,1,4,3,3,5,0
1048,0,5,0,4,1,5,1,0,0,7,1,1,2,2,3,7,0,2,1,4,2,4,0,0
1049,0,5,0,3,0,5,1,1,0,4,1,3,0,0,7,7,0,2,1,0,2,0,1,2
1050,0,5,0,2,1,5,1,0,0,10,1,1,2,2,7,7,0,2,1,4,2,4,0,0
1051,0,5,0,4,1,5,1,0,0,9,1,1,2,2,3,3,0,2,1,4,2,5,0,0
1052,0,5,0,3,0,5,1,1,0,7,1,3,2,0,7,7,0,2,1,0,3,0,1,0
1053,0,5,3,9,1,3,1,0,0,10,0,4,2,3,7,7,0,2,1,4,3,3,4,0
1054,0,5,0,4,0,5,1,1,0,4,1,3,0,2,7,7,0,2,1,0,2,3,1,2
1055,0,0,2,9,1,3,1,0,0,4,0,2,2,2,7,7,0,2,1,4,2,3,1,2
1056,0,5,0,8,1,3,1,1,1,7,1,1,2,2,7,7,0,2,1,4,3,4,0,0
1057,0,2,2,3,0,5,1,1,0,4,1,3,2,0,7,7,0,2,1,0,3,3,1,2
1058,0,5,3,9,1,3,1,0,0,10,0,2,2,2,7,7,0,2,1,4,2,2,1,0
1059,0,5,0,4,0,5,1,1,0,3,1,3,2,2,7,7,0,2,1,0,3,3,1,2
1060,0,2,2,8,0,5,1,1,0,3,1,3,2,0,7,7,0,2,1,0,3,0,1,2
1061,0,5,2,9,1,3,1,1,1,5,1,1,2,2,7,7,0,2,1,4,3,4,0,2
1062,0,5,2,3,0,5,1,1,0,4,1,3,0,2,7,7,0,2,1,0,3,3,1,2
1063,0,5,0,3,0,5,1,1,0,5,1,3,0,0,7,7,0,2,1,0,3,3,1,2
1064,1,2,3,8,1,6,1,0,1,4,0,3,2,2,7,7,0,2,1,4,2,3,5,2
1065,0,2,0,9,1,3,1,1,1,7,1,1,2,2,7,7,0,2,1,4,6,4,0,0
1066,0,5,3,8,1,0,1,0,0,4,0,2,2,2,7,7,0,2,1,4,2,3,1,2
1067,0,2,0,8,0,5,1,1,0,7,1,3,0,2,7,7,0,2,1,0,3,0,1,2
1068,0,5,0,4,1,5,1,0,0,9,1,1,2,2,3,3,0,2,1,4,2,4,0,0
1069,0,5,3,4,1,3,1,0,0,5,0,4,2,3,7,7,0,2,1,4,3,3,1,0
1070,0,5,2,8,0,5,1,1,0,3,1,3,2,0,7,7,0,2,1,0,3,0,1,2
1071,1,2,3,8,1,6,1,0,1,4,0,3,2,2,7,7,0,2,1,4,3,4,1,2
1072,0,5,2,9,1,0,1,0,0,4,0,2,2,2,7,7,0,2,1,4,3,3,1,2
1073,0,5,0,3,1,5,1,0,0,7,1,1,2,2,6,7,0,2,1,4,2,5,0,0
1074,0,2,3,9,1,3,1,0,0,7,0,4,2,3,7,7,0,2,1,4,2,3,4,2
1075,0,2,2,3,0,5,1,1,0,4,1,3,0,2,7,7,0,2,1,0,2,0,1,2
1076,0,2,0,4,0,5,1,0,1,7,0,3,2,2,7,7,0,2,1,4,3,5,5,0
1077,1,2,3,8,1,6,1,0,1,5,0,3,2,2,7,7,0,2,1,4,3,4,1,2
1078,0,2,0,3,0,5,1,1,0,4,1,3,0,2,7,7,0,2,1,0,3,3,1,2
1079,0,5,3,4,1,3,1,0,0,7,0,4,2,3,7,7,0,2,1,4,2,3,4,0
1080,0,2,0,8,0,5,1,1,0,3,1,3,2,2,7,7,0,2,1,0,2,0,1,2
1081,1,2,3,4,1,6,1,0,1,4,0,3,2,2,7,7,0,2,1,4,3,4,5,2
1082,0,0,2,9,1,3,1,0,0,4,0,2,2,2,7,7,0,2,1,4,2,2,3,2
1083,0,2,0,3,0,5,1,1,0,5,1,3,0,0,7,7,0,2,1,0,2,3,1,2
1084,0,0,2,8,1,3,1,0,0,10,0,2,2,2,7,7,0,2,1,4,2,2,1,0
1085,0,2,0,3,0,5,1,1,0,7,1,3,2,0,7,7,0,2,1,0,3,3,1,0
1086,0,0,3,8,1,3,1,0,0,5,0,2,2,2,7,7,0,2,1,4,3,2,3,2
1087,0,5,3,8,1,3,1,0,0,10,0,2,2,2,7,7,0,2,1,4,2,2,3,0
1088,1,2,3,4,1,6,1,0,1,5,0,3,2,2,7,7,0,2,1,4,2,4,1,0
1089,0,5,3,9,1,3,1,0,0,10,0,2,2,2,7,7,0,2,1,4,2,3,1,0
1090,0,4,0,4,0,5,1,0,1,5,0,3,2,2,7,7,0,2,1,4,2,5,5,0
1091,0,5,3,4,1,0,1,0,0,5,0,4,2,3,7,7,0,2,1,4,2,5,1,2
1092,0,2,0,3,0,5,1,1,0,5,1,3,2,0,7,7,0,2,1,0,3,0,1,2
1093,0,2,0,9,1,3,1,1,1,5,1,1,2,2,7,7,0,2,1,4,6,4,0,2
1094,0,5,2,3,0,5,1,1,0,7,1,3,0,0,7,7,0,2,1,0,3,0,1,0
1095,1,2,3,4,1,6,1,0,1,5,0,3,2,2,7,7,0,2,1,4,2,4,5,0
1096,0,5,0,3,0,5,1,1,0,7,1,3,2,2,7,7,0,2,1,0,2,0,1,0
1097,0,5,2,3,0,5,1,1,0,3,1,3,0,2,7,7,0,2,1,0,2,0,1,2
1098,0,5,0,3,0,5,1,1,0,3,1,3,0,2,7,7,0,2,1,0,2,3,1,2
1099,1,5,3,4,1,6,1,0,1,5,0,3,2,2,7,7,0,2,1,4,3,3,1,0
1100,0,5,0,4,0,5,1,1,0,4,1,3,0,0,7,7,0,2,1,0,3,0,1,2
1101,0,2,2,8,0,5,1,1,0,4,1,3,0,2,7,7,0,2,1,0,3,3,1,2
1102,0,5,0,3,0,5,1,1,0,3,1,3,2,2,7,7,0,2,1,0,3,3,1,2
1103,1,5,3,4,1,6,1,0,1,10,0,3,2,2,7,7,0,2,1,4,3,3,1,0
1104,0,2,0,4,0,5,1,1,0,5,1,3,2,0,7,7,0,2,1,0,3,0,1,2
1105,0,2,2,8,0,5,1,1,0,5,1,3,0,2,7,7,0,2,1,0,2,0,1,2
1106,1,5,3,8,1,6,1,0,1,5,0,3,2,2,7,7,0,2,1,4,2,4,5,2
1107,0,2,0,3,0,5,1,1,0,4,1,3,2,0,7,7,0,2,1,0,3,0,1,2
1108,0,0,3,9,1,3,1,0,0,4,0,2,2,2,7,7,0,2,1,4,3,2,1,2
1109,0,5,2,4,0,5,1,1,0,3,1,3,0,0,7,7,0,2,1,0,3,0,1,2
1110,0,2,0,4,0,5,1,1,0,4,1,3,0,2,7,7,0,2,1,0,2,0,1,2
1111,1,2,2,8,1,6,1,0,1,5,0,3,2,2,7,7,0,2,1,4,2,3,1,2
1112,0,5,3,4,1,0,1,0,0,10,0,4,2,3,7,7,0,2,1,4,3,3,1,0
1113,0,2,0,8,0,5,1,1,0,4,1,3,0,2,7,7,0,2,1,0,2,0,1,2
1114,0,2,3,4,1,3,1,0,0,7,0,4,2,3,7,7,0,2,1,4,2,3,1,0
1115,0,2,0,3,0,5,1,1,0,7,1,3,2,2,7,7,0,2,1,0,2,3,1,0
1116,0,2,0,3,0,5,1,1,0,5,1,3,0,0,7,7,0,2,1,0,3,3,1,2
1117,0,2,2,3,0,5,1,1,0,3,1,3,0,0,7,7,0,2,1,0,3,3,1,2
1118,0,2,0,4,0,5,1,1,0,4,1,3,0,2,7,7,0,2,1,0,2,3,1,2
1119,0,5,2,3,0,5,1,1,0,3,1,3,2,2,7,7,0,2,1,0,3,3,1,2
1120,0,5,0,8,0,5,1,1,0,7,1,3,0,2,7,7,0,2,1,0,2,3,1,2
1121,0,2,0,8,0,5,1,1,0,4,1,3,2,0,7,7,0,2,1,0,2,0,1,2
1122,0,5,2,4,0,5,1,1,0,7,1,3,0,0,7,7,0,2,1,0,3,3,1,0
1123,0,5,0,4,1,5,1,0,0,7,1,1,2,2,6,6,0,2,1,4,2,4,0,0
1124,0,2,2,9,1,0,1,1,1,7,1,1,2,2,7,7,0,2,1,4,6,4,0,2
1125,0,5,0,8,0,5,1,1,0,7,1,3,2,2,7,7,0,2,1,0,2,3,1,2
1126,0,2,2,8,0,5,1,1,0,7,1,3,2,2,7,7,0,2,1,0,2,0,1,2
1127,0,0,2,9,1,0,1,0,0,4,0,2,2,2,7,7,0,2,1,4,3,2,1,2
1128,0,5,0,8,0,5,1,1,0,3,1,3,2,0,7,7,0,2,1,0,3,0,1,2
1129,0,5,0,3,0,5,1,1,0,4,1,3,2,0,7,7,0,2,1,0,2,0,1,2
1130,1,2,2,4,1,6,1,0,1,7,0,3,2,2,7,7,0,2,1,4,3,4,5,0
1131,0,5,0,3,0,5,1,1,0,5,1,3,0,2,7,7,0,2,1,0,2,0,1,2
1132,1,5,2,4,1,6,1,0,1,7,0,3,2,2,7,7,0,2,1,4,2,3,1,0
1133,0,2,2,8,0,5,1,1,0,4,1,3,0,0,7,7,0,2,1,0,3,3,1,2
1134,0,5,3,8,1,0,1,0,0,2,0,2,2,2,7,7,0,2,1,4,2,2,1,2
1135,0,5,0,4,0,5,1,1,0,3,1,3,2,2,7,7,0,2,1,0,2,3,1,2
1136,0,5,0,4,1,5,1,0,0,5,1,1,2,2,7,6,0,2,1,4,3,5,0,0
1137,0,0,3,9,1,3,1,0,0,10,0,2,2,2,7,7,0,2,1,4,3,3,1,0
1138,0,2,0,8,0,5,1,1,0,3,1,3,2,2,7,7,0,2,1,0,3,0,1,2
1139,0,5,2,4,0,5,1,1,0,5,1,3,0,2,7,7,0,2,1,0,3,0,1,2
1140,0,2,0,8,0,5,1,1,0,5,1,3,2,2,7,7,0,2,1,0,3,0,1,2
1141,0,5,0,4,1,5,1,0,0,7,1,1,2,2,7,6,0,2,1,4,3,4,0,0
1142,0,2,0,8,0,5,1,1,0,3,1,3,2,0,7,7,0,2,1,0,3,3,1,2
1143,0,5,2,8,0,5,1,1,0,4,1,3,2,0,7,7,0,2,1,0,2,0,1,2
1144,0,5,2,4,0,5,1,1,0,5,1,3,0,0,7,7,0,2,1,0,3,0,1,2
1145,0,5,0,8,0,5,1,1,0,5,1,3,0,2,7,7,0,2,1,0,3,3,1,2
1146,0,2,2,3,0,5,1,1,0,4,1,3,0,2,7,7,0,2,1,0,2,3,1,2
1147,0,5,0,3,0,5,1,1,0,5,1,3,2,2,7,7,0,2,1,0,3,0,1,2
1148,0,5,0,3,0,5,1,1,0,3,1,3,0,0,7,7,0,2,1,0,2,0,1,2
1149,0,2,2,4,0,5,1,1,0,3,1,3,0,2,7,7,0,2,1,0,2,0,1,2
1150,0,2,2,8,0,5,1,1,0,7,1,3,0,0,7,7,0,2,1,0,2,0,1,2
1151,0,2,3,4,1,0,1,0,0,5,0,4,2,3,7,7,0,2,1,4,2,5,4,2
1152,1,5,3,8,1,6,1,0,1,4,0,3,2,2,7,7,0,2,1,4,3,4,1,2
1153,0,2,2,3,0,5,1,1,0,3,1,3,0,2,7,7,0,2,1,0,2,0,1,2
1154,1,5,3,8,1,6,1,0,1,5,0,3,2,2,7,7,0,2,1,4,2,4,1,2
1155,0,0,3,8,1,0,1,0,0,4,0,2,2,2,7,7,0,2,1,4,3,3,3,2
1156,0,5,2,3,0,5,1,1,0,5,1,3,2,2,7,7,0,2,1,0,2,3,1,2
1157,0,2,0,3,0,5,1,1,0,3,1,3,2,0,7,7,0,2,1,0,2,0,1,2
1158,0,2,0,8,0,5,1,1,0,5,1,3,2,0,7,7,0,2,1,0,3,3,1,2
1159,0,2,2,3,0,5,1,1,0,3,1,3,0,0,7,7,0,2,1,0,2,3,1,2
1160,0,0,3,8,1,0,1,0,0,2,0,2,2,2,7,7,0,2,1,4,3,2,1,2
1161,0,5,0,3,0,5,1,1,0,5,1,3,0,2,7,7,0,2,1,0,2,3,1,2
1162,0,5,0,2,1,5,1,0,0,7,1,1,2,2,7,7,0,2,1,4,3,4,0,0
1163,0,5,3,9,1,0,1,0,0,7,0,4,2,3,7,7,0,2,1,4,2,3,4,2
1164,0,5,2,8,0,5,1,1,0,4,1,3,0,0,7,7,0,2,1,0,2,3,1,2
1165,0,0,2,8,1,0,1,0,0,10,0,2,2,2,7,7,0,2,1,4,3,2,3,0
1166,1,5,2,4,1,6,1,0,1,4,0,3,2,2,7,7,0,2,1,4,2,4,1,2
1167,0,5,0,4,1,5,1,0,0,7,1,1,2,2,6,6,0,2,1,4,2,5,0,0
1168,0,2,2,4,0,5,1,1,0,5,1,3,2,2,7,7,0,2,1,0,2,3,1,2
1169,0,0,2,8,1,0,1,0,0,2,0,2,2,2,7,7,0,2,1,4,3,2,3,2
1170,0,5,2,3,0,5,1,1,0,5,1,3,0,2,7,7,0,2,1,0,2,3,1,2
1171,0,5,0,4,1,5,1,0,0,9,1,1,2,2,6,3,0,2,1,4,2,4,0,0
1172,0,2,0,8,0,5,1,1,0,7,1,3,0,0,7,7,0,2,1,0,3,0,1,2
1173,0,5,0,4,0,5,1,0,1,2,0,3,2,2,7,7,0,2,1,4,2,4,5,2
1174,0,5,0,3,0,5,1,0,1,2,0,3,2,2,7,7,0,2,1,4,2,4,5,2
1175,0,5,0,3,0,5,1,0,1,7,0,3,2,2,7,7,0,2,1,4,2,5,5,0
1176,0,0,3,9,1,3,1,0,0,2,0,2,2,2,7,7,0,2,1,4,2,3,3,2
1177,0,2,0,4,0,5,1,0,1,2,0,3,2,2,7,7,0,2,1,4,3,4,5,2
1178,0,5,0,8,0,5,1,1,0,4,1,3,2,0,7,7,0,2,1,0,3,0,1,2
1179,0,2,3,4,1,0,1,0,0,10,0,4,2,3,7,7,0,2,1,4,2,3,4,0
1180,0,5,3,4,1,3,1,0,0,7,0,4,2,3,7,7,0,2,1,4,2,5,4,0
1181,0,5,3,9,1,3,1,0,0,7,0,4,2,3,7,7,0,2,1,4,2,5,1,2
1182,0,2,0,3,0,5,1,1,0,3,1,3,0,2,7,7,0,2,1,0,3,0,1,2
1183,0,5,3,8,1,0,1,0,0,5,0,2,2,2,7,7,0,2,1,4,2,2,1,2
1184,0,5,3,8,1,0,1,0,0,5,0,2,2,2,7,7,0,2,1,4,2,3,1,2
1185,0,2,2,8,0,5,1,1,0,5,1,3,0,0,7,7,0,2,1,0,3,0,1,2
1186,0,2,2,3,0,5,1,1,0,3,1,3,2,2,7,7,0,2,1,0,2,0,1,2
1187,1,2,2,4,1,6,1,0,1,7,0,3,2,2,7,7,0,2,1,4,2,4,5,0
1188,0,5,3,9,1,3,1,0,0,5,0,2,2,2,7,7,0,2,1,4,3,3,1,2
1189,0,5,0,4,0,5,1,1,0,7,1,3,2,2,7,7,0,2,1,0,3,3,1,0
1190,0,5,0,8,0,5,1,1,0,7,1,3,0,0,7,7,0,2,1,0,2,3,1,2
1191,0,5,2,9,1,3,1,0,0,10,0,2,2,2,7,7,0,2,1,4,3,3,3,0
1192,0,5,0,2,1,5,1,0,0,7,1,1,2,2,3,6,0,2,1,4,3,4,0,0
1193,0,2,3,4,1,3,1,0,0,7,0,4,2,3,7,7,0,2,1,4,3,3,4,0
1194,0,0,2,8,1,0,1,0,0,2,0,2,2,2,7,7,0,2,1,4,2,2,1,2
1195,1,5,2,4,1,6,1,0,1,4,0,3,2,2,7,7,0,2,1,4,2,3,1,2
1196,0,5,0,3,0,5,1,1,0,4,1,3,0,2,7,7,0,2,1,0,2,3,1,2
1197,0,0,3,8,1,0,1,0,0,5,0,2,2,2,7,7,0,2,1,4,3,2,3,2
1198,0,5,2,8,1,3,1,0,0,4,0,2,2,2,7,7,0,2,1,4,3,2,1,2
1199,0,0,3,9,1,3,1,0,0,4,0,2,2,2,7,7,0,2,1,4,2,3,3,2
1200,0,5,3,8,1,3,1,0,0,10,0,2,2,2,7,7,0,2,1,4,3,2,1,0
1201,0,5,2,9,1,0,1,0,0,2,0,2,2,2,7,7,0,2,1,4,3,2,1,2
1202,0,0,2,8,1,0,1,0,0,10,0,2,2,2,7,7,0,2,1,4,2,2,1,0
1203,0,2,2,4,0,5,1,1,0,4,1,3,2,2,7,7,0,2,1,0,2,3,1,2
1204,1,2,2,8,1,6,1,0,1,5,0,3,2,2,7,7,0,2,1,4,3,3,1,2
1205,0,2,2,4,0,5,1,1,0,3,1,3,2,2,7,7,0,2,1,0,3,0,1,2
1206,0,2,0,4,0,5,1,1,0,3,1,3,2,2,7,7,0,2,1,0,2,0,1,2
1207,1,2,3,8,1,6,1,0,1,7,0,3,2,2,7,7,0,2,1,4,2,3,5,2
1208,0,2,2,8,0,5,1,1,0,3,1,3,0,2,7,7,0,2,1,0,2,0,1,2
1209,0,5,0,8,0,5,1,1,0,7,1,3,2,2,7,7,0,2,1,0,3,3,1,2
1210,0,5,2,4,0,5,1,1,0,7,1,3,2,0,7,7,0,2,1,0,2,0,1,0
1211,0,2,2,4,0,5,1,1,0,7,1,3,2,2,7,7,0,2,1,0,2,0,1,0
1212,0,2,3,9,1,0,1,0,0,5,0,4,2,3,7,7,0,2,1,4,2,5,1,2
1213,0,5,0,3,0,5,1,1,0,5,1,3,0,0,7,7,0,2,1,0,2,0,1,2
1214,0,5,0,4,0,5,1,1,0,5,1,3,2,2,7,7,0,2,1,0,2,0,1,2
1215,1,2,2,4,1,6,1,0,1,4,0,3,2,2,7,7,0,2,1,4,3,4,1,0
1216,0,5,2,8,0,5,1,1,0,7,1,3,0,0,7,7,0,2,1,0,3,0,1,2
1217,0,2,0,4,0,5,1,1,0,7,1,3,0,2,7,7,0,2,1,0,2,3,1,0
1218,0,2,0,8,0,5,1,1,0,3,1,3,0,0,7,7,0,2,1,0,3,0,1,2
1219,0,2,0,8,0,5,1,1,0,4,1,3,0,0,7,7,0,2,1,0,3,3,1,2
1220,0,5,3,9,1,0,1,0,0,5,0,4,2,3,7,7,0,2,1,4,2,3,1,2
1221,0,5,2,3,0,5,1,1,0,4,1,3,0,0,7,7,0,2,1,0,3,3,1,2
1222,0,5,0,3,0,5,1,1,0,4,1,3,0,0,7,7,0,2,1,0,3,0,1,2
1223,0,2,0,4,0,5,1,1,0,3,1,3,0,0,7,7,0,2,1,0,2,3,1,2
1224,0,2,2,4,0,5,1,1,0,7,1,3,0,2,7,7,0,2,1,0,2,0,1,0
1225,0,5,0,8,0,5,1,1,0,4,1,3,2,2,7,7,0,2,1,0,2,3,1,2
1226,0,5,3,2,1,5,1,0,0,10,1,1,2,2,3,6,0,2,1,4,3,4,0,0
1227,0,5,0,4,0,5,1,1,0,7,1,3,2,2,7,7,0,2,1,0,2,0,1,0
1228,1,5,2,8,1,6,1,0,1,7,0,3,2,2,7,7,0,2,1,4,3,4,1,0
1229,0,5,3,4,1,5,1,0,0,10,1,1,2,2,6,3,0,2,1,4,2,5,0,0
1230,0,5,0,4,0,5,1,1,0,5,1,3,2,0,7,7,0,2,1,0,3,3,1,2
1231,1,2,3,8,1,6,1,0,1,10,0,3,2,2,7,7,0,2,1,4,3,3,1,0
1232,0,2,0,3,0,5,1,1,0,4,1,3,0,2,7,7,0,2,1,0,2,0,1,2
1233,0,5,0,8,0,5,1,1,0,7,1,3,0,0,7,7,0,2,1,0,3,0,1,2
1234,0,2,2,4,0,5,1,1,0,3,1,3,2,0,7,7,0,2,1,0,2,0,1,2
1235,0,2,0,3,0,5,1,1,0,7,1,3,2,0,7,7,0,2,1,0,2,0,1,0
1236,0,2,2,3,0,5,1,1,0,7,1,3,0,2,7,7,0,2,1,0,2,0,1,0
1237,0,2,0,3,0,5,1,1,0,3,1,3,2,0,7,7,0,2,1,0,3,3,1,2
1238,0,5,2,3,0,5,1,1,0,3,1,3,2,0,7,7,0,2,1,0,3,3,1,2
1239,0,5,2,4,0,5,1,1,0,3,1,3,2,0,7,7,0,2,1,0,2,3,1,2
1240,1,2,2,8,1,6,1,0,1,7,0,3,2,2,7,7,0,2,1,4,2,4,5,2
1241,0,5,2,3,0,5,1,1,0,4,1,3,0,0,7,7,0,2,1,0,3,0,1,2
1242,1,5,2,8,1,6,1,0,1,7,0,3,2,2,7,7,0,2,1,4,2,3,1,0
1243,1,2,2,8,1,6,1,0,1,10,0,3,2,2,7,7,0,2,1,4,3,3,5,0
1244,0,2,2,4,0,5,1,1,0,4,1,3,2,0,7,7,0,2,1,0,3,3,1,2
1245,0,5,0,3,0,5,1,1,0,4,1,3,2,2,7,7,0,2,1,0,2,0,1,2
1246,0,2,2,3,0,5,1,1,0,3,1,3,2,2,7,7,0,2,1,0,3,0,1,2
1247,0,5,2,3,0,5,1,1,0,4,1,3,2,2,7,7,0,2,1,0,2,0,1,2
1248,0,2,0,3,0,5,1,1,0,5,1,3,0,2,7,7,0,2,1,0,2,0,1,2
1249,0,2,0,3,0,5,1,1,0,4,1,3,0,2,7,7,0,2,1,0,3,0,1,2
1250,0,5,3,3,1,5,1,0,0,5,1,1,2,2,3,6,0,2,1,4,3,5,0,0
1251,0,5,0,4,1,5,1,0,0,5,1,1,2,2,7,7,0,2,1,4,3,4,0,0
1252,0,2,2,8,0,5,1,1,0,4,1,3,2,0,7,7,0,2,1,0,3,0,1,2
1253,1,2,3,8,1,6,1,0,1,7,0,3,2,2,7,7,0,2,1,4,3,4,1,0
1254,1,2,3,4,1,6,1,0,1,4,0,3,2,2,7,7,0,2,1,4,3,3,1,0
1255,0,5,2,8,0,5,1,1,0,7,1,3,0,2,7,7,0,2,1,0,3,0,1,2
1256,1,2,2,4,1,6,1,0,1,4,0,3,2,2,7,7,0,2,1,4,3,3,1,0
1257,0,2,0,4,0,5,1,1,0,3,1,3,2,0,7,7,0,2,1,0,2,3,1,2
1258,0,2,2,8,0,5,1,1,0,3,1,3,0,2,7,7,0,2,1,0,3,0,1,2
1259,1,2,2,4,1,6,1,0,1,10,0,3,2,2,7,7,0,2,1,4,2,4,1,0
1260,1,2,3,8,1,6,1,0,1,7,0,3,2,2,7,7,0,2,1,4,2,4,1,0
1261,1,2,3,4,1,6,1,0,1,10,0,3,2,2,7,7,0,2,1,4,2,4,1,0
1262,1,2,2,8,1,6,1,0,1,4,0,3,2,2,7,7,0,2,1,4,2,3,1,2
1263,0,5,2,8,0,5,1,1,0,4,1,3,0,0,7,7,0,2,1,0,2,0,1,2
1264,0,5,0,4,1,5,1,0,0,7,1,1,2,2,3,6,0,2,1,4,3,4,0,0
1265,0,2,2,8,0,5,1,1,0,4,1,3,0,0,7,7,0,2,1,0,3,0,1,2
1266,0,2,0,3,0,5,1,1,0,7,1,3,0,2,7,7,0,2,1,0,2,0,1,0
1267,1,2,3,4,1,6,1,0,1,4,0,3,2,2,7,7,0,2,1,4,2,4,5,2
1268,0,5,2,8,0,5,1,1,0,4,1,3,0,0,7,7,0,2,1,0,3,3,1,2
1269,0,5,3,2,1,5,1,0,0,5,1,1,2,2,6,7,0,2,1,4,3,5,0,0
1270,0,2,2,3,0,5,1,1,0,5,1,3,0,2,7,7,0,2,1,0,2,3,1,2
1271,0,5,2,8,0,5,1,1,0,5,1,3,0,0,7,7,0,2,1,0,3,3,1,2
1272,1,2,2,8,1,6,1,0,1,7,0,3,2,2,7,7,0,2,1,4,3,3,1,0
1273,0,2,0,4,0,5,1,1,0,4,1,3,0,2,7,7,0,2,1,0,3,0,1,2
1274,0,5,0,8,0,5,1,1,0,3,1,3,2,2,7,7,0,2,1,0,2,3,1,2
1275,1,2,2,8,1,6,1,0,1,4,0,3,2,2,7,7,0,2,1,4,2,3,5,2
1276,0,5,0,4,0,5,1,1,0,7,1,3,2,0,7,7,0,2,1,0,3,0,1,0
1277,0,2,0,8,0,5,1,1,0,5,1,3,2,2,7,7,0,2,1,0,3,3,1,2
1278,0,5,2,8,0,5,1,1,0,3,1,3,2,2,7,7,0,2,1,0,2,3,1,2
1279,0,2,2,8,0,5,1,1,0,3,1,3,0,2,7,7,0,2,1,0,3,3,1,2
1280,0,0,3,9,1,0,1,0,0,10,0,2,2,2,7,7,0,2,1,4,2,2,3,0
1281,0,5,2,3,0,5,1,1,0,5,1,3,2,2,7,7,0,2,1,0,3,0,1,2
1282,0,5,0,8,0,5,1,1,0,5,1,3,2,0,7,7,0,2,1,0,2,3,1,2
1283,0,5,2,4,0,5,1,1,0,5,1,3,0,2,7,7,0,2,1,0,3,3,1,2
1284,0,5,0,4,0,5,1,1,0,5,1,3,0,2,7,7,0,2,1,0,2,0,1,2
1285,0,2,0,3,0,5,1,1,0,3,1,3,0,0,7,7,0,2,1,0,2,0,1,2
1286,1,5,3,4,1,6,1,0,1,5,0,3,2,2,7,7,0,2,1,4,2,3,5,0
1287,0,2,2,3,0,5,1,1,0,3,1,3,0,2,7,7,0,2,1,0,2,3,1,2
1288,0,5,0,4,1,5,1,0,0,7,1,1,2,2,7,3,0,2,1,4,2,5,0,0
1289,0,2,2,8,0,5,1,1,0,5,1,3,2,0,7,7,0,2,1,0,2,0,1,2
1290,0,5,0,4,1,5,1,0,0,5,1,1,2,2,3,3,0,2,1,4,2,4,0,0
1291,0,5,0,3,0,5,1,1,0,7,1,3,0,2,7,7,0,2,1,0,3,0,1,0
1292,0,5,0,8,0,5,1,1,0,5,1,3,2,0,7,7,0,2,1,0,2,0,1,2
1293,1,2,2,8,1,6,1,0,1,4,0,3,2,2,7,7,0,2,1,4,3,4,1,2
1294,1,2,2,8,1,6,1,0,1,7,0,3,2,2,7,7,0,2,1,4,2,4,1,0
1295,0,5,2,3,0,5,1,1,0,4,1,3,0,2,7,7,0,2,1,0,3,0,1,2
1296,0,5,0,4,1,5,1,0,0,9,1,1,2,2,3,6,0,2,1,4,3,4,0,0
1297,0,5,2,3,0,5,1,1,0,4,1,3,2,0,7,7,0,2,1,0,2,3,1,2
1298,0,5,3,9,1,0,1,0,0,10,0,4,2,3,7,7,0,2,1,4,2,3,4,0
1299,0,2,2,8,0,5,1,1,0,5,1,3,2,2,7,7,0,2,1,0,3,0,1,2
1300,0,5,2,8,0,5,1,1,0,7,1,3,2,2,7,7,0,2,1,0,3,0,1,2
1301,0,5,0,3,0,5,1,1,0,4,1,3,0,2,7,7,0,2,1,0,2,0,1,2
1302,0,2,2,8,0,5,1,1,0,3,1,3,2,0,7,7,0,2,1,0,3,3,1,2
1303,0,5,0,4,1,5,1,0,0,5,1,1,2,2,7,7,0,2,1,4,3,5,0,0
1304,0,2,2,3,0,5,1,1,0,4,1,3,2,0,7,7,0,2,1,0,3,0,1,2
1305,0,2,2,3,0,5,1,1,0,3,1,3,2,2,7,7,0,2,1,0,3,3,1,2
1306,0,2,0,4,0,5,1,1,0,7,1,3,0,2,7,7,0,2,1,0,3,3,1,0
1307,0,2,2,8,0,5,1,1,0,4,1,3,2,0,7,7,0,2,1,0,3,3,1,2
1308,0,2,2,8,0,5,1,1,0,3,1,3,2,2,7,7,0,2,1,0,3,0,1,2
1309,0,2,2,3,0,5,1,1,0,7,1,3,2,2,7,7,0,2,1,0,3,3,1,0
1310,0,2,0,8,0,5,1,1,0,5,1,3,0,0,7,7,0,2,1,0,3,3,1,2
1311,0,2,2,4,0,5,1,1,0,7,1,3,2,0,7,7,0,2,1,0,3,0,1,0
1312,1,2,2,8,1,6,1,0,1,4,0,3,2,2,7,7,0,2,1,4,3,3,1,2
1313,0,5,0,3,0,5,1,1,0,5,1,3,0,2,7,7,0,2,1,0,3,0,1,2
1314,0,0,3,9,1,3,1,0,0,4,0,2,2,2,7,7,0,2,1,4,2,2,1,2
1315,0,2,0,4,0,5,1,1,0,4,1,3,0,0,7,7,0,2,1,0,3,3,1,2
1316,0,2,2,3,0,5,1,1,0,4,1,3,2,2,7,7,0,2,1,0,3,3,1,2
1317,0,5,0,4,1,5,1,0,0,5,1,1,2,2,7,3,0,2,1,4,2,5,0,0
1318,0,0,2,9,1,3,1,0,0,5,0,2,2,2,7,7,0,2,1,4,2,3,3,2
1319,0,5,2,8,0,5,1,1,0,7,1,3,2,2,7,7,0,2,1,0,2,3,1,2
1320,0,2,0,4,1,5,1,0,0,5,1,1,2,2,7,6,0,2,1,4,3,5,0,0
1321,1,5,2,8,1,6,1,0,1,5,0,3,2,2,7,7,0,2,1,4,3,3,1,2
1322,0,2,0,8,0,5,1,1,0,5,1,3,0,2,7,7,0,2,1,0,2,3,1,2
1323,1,2,3,8,1,6,1,0,1,4,0,3,2,2,7,7,0,2,1,4,3,3,5,2
1324,0,5,2,4,0,5,1,1,0,4,1,3,0,2,7,7,0,2,1,0,3,0,1,2
1325,0,2,2,4,0,5,1,1,0,5,1,3,2,0,7,7,0,2,1,0,2,0,1,2
1326,0,0,2,9,1,3,1,0,0,2,0,2,2,2,7,7,0,2,1,4,2,2,1,2
1327,0,2,2,3,0,5,1,1,0,4,1,3,0,0,7,7,0,2,1,0,3,0,1,2
1328,0,5,2,3,0,5,1,1,0,4,1,3,2,0,7,7,0,2,1,0,3,0,1,2
1329,0,2,0,3,0,5,1,1,0,4,1,3,0,0,7,7,0,2,1,0,2,3,1,2
1330,0,5,0,3,0,5,1,1,0,4,1,3,2,2,7,7,0,2,1,0,2,3,1,2
1331,0,2,2,8,0,5,1,1,0,5,1,3,2,2,7,7,0,2,1,0,2,0,1,2
1332,1,2,2,4,1,6,1,0,1,4,0,3,2,2,7,7,0,2,1,4,2,4,1,2
1333,0,2,0,3,0,5,1,1,0,7,1,3,2,0,7,7,0,2,1,0,3,0,1,0
1334,0,2,2,8,0,5,1,1,0,3,1,3,2,2,7,7,0,2,1,0,2,0,1,2
1335,0,5,0,4,1,5,1,0,0,5,1,1,2,2,6,3,0,2,1,4,2,5,0,0
1336,0,5,2,4,0,5,1,1,0,7,1,3,2,0,7,7,0,2,1,0,3,0,1,0
1337,0,5,0,2,1,5,1,0,0,9,1,1,2,2,7,6,0,2,1,4,3,5,0,0
1338,0,5,3,9,1,0,1,0,0,5,0,2,2,2,7,7,0,2,1,4,3,2,1,2
1339,0,2,0,8,0,5,1,1,0,4,1,3,0,2,7,7,0,2,1,0,2,3,1,2
1340,0,5,2,8,0,5,1,1,0,5,1,3,2,0,7,7,0,2,1,0,2,0,1,2
1341,0,2,0,4,0,5,1,1,0,3,1,3,0,2,7,7,0,2,1,0,3,0,1,2
1342,1,2,2,8,1,6,1,0,1,10,0,3,2,2,7,7,0,2,1,4,2,3,5,0
1343,0,2,0,3,1,5,1,0,0,5,1,1,2,2,7,3,0,2,1,4,3,5,0,0
1344,0,2,2,8,0,5,1,1,0,5,1,3,2,2,7,7,0,2,1,0,3,3,1,2
1345,0,2,0,8,0,5,1,1,0,3,1,3,2,0,7,7,0,2,1,0,2,0,1,2
1346,1,2,3,4,1,6,1,0,1,4,0,3,2,2,7,7,0,2,1,4,3,4,1,0
1347,0,5,2,8,0,5,1,1,0,7,1,3,0,0,7,7,0,2,1,0,2,3,1,2
1348,0,5,0,4,1,5,1,0,0,7,1,1,2,2,3,7,0,2,1,4,3,5,0,0
1349,0,5,3,3,1,5,1,0,0,9,1,1,2,2,7,6,0,2,1,4,3,4,0,0
1350,0,5,3,3,1,5,1,0,0,7,1,1,2,2,7,3,0,2,1,4,3,4,0,0
1351,0,2,2,4,0,5,1,1,0,4,1,3,0,0,7,7,0,2,1,0,3,3,1,2
1352,0,2,2,8,0,5,1,1,0,3,1,3,0,0,7,7,0,2,1,0,3,3,1,2
1353,0,2,2,4,0,5,1,1,0,4,1,3,2,0,7,7,0,2,1,0,3,0,1,2
1354,0,5,2,4,0,5,1,1,0,7,1,3,0,0,7,7,0,2,1,0,2,0,1,0
1355,0,2,0,8,0,5,1,1,0,3,1,3,0,0,7,7,0,2,1,0,2,0,1,2
1356,0,5,0,4,0,5,1,1,0,5,1,3,0,0,7,7,0,2,1,0,2,3,1,2
1357,0,2,0,8,0,5,1,1,0,7,1,3,2,2,7,7,0,2,1,0,2,0,1,2
1358,0,2,0,4,0,5,1,1,0,5,1,3,0,2,7,7,0,2,1,0,3,0,1,2
1359,0,2,2,8,0,5,1,1,0,5,1,3,0,2,7,7,0,2,1,0,2,3,1,2
1360,0,2,0,4,0,5,1,1,0,7,1,3,0,2,7,7,0,2,1,0,3,0,1,0
1361,1,2,3,4,1,6,1,0,1,10,0,3,2,2,7,7,0,2,1,4,2,4,5,0
1362,0,2,0,8,0,5,1,1,0,4,1,3,2,2,7,7,0,2,1,0,2,0,1,2
1363,0,2,2,8,0,5,1,1,0,7,1,3,2,0,7,7,0,2,1,0,3,3,1,2
1364,0,5,0,4,0,5,1,1,0,4,1,3,2,0,7,7,0,2,1,0,3,0,1,2
1365,0,2,0,8,0,5,1,1,0,7,1,3,0,0,7,7,0,2,1,0,3,3,1,2
1366,0,5,0,3,0,5,1,1,0,5,1,3,2,0,7,7,0,2,1,0,2,0,1,2
1367,0,2,2,4,0,5,1,1,0,7,1,3,2,2,7,7,0,2,1,0,3,0,1,0
1368,0,5,0,3,1,5,1,0,0,5,1,1,2,2,3,3,0,2,1,4,2,4,0,0
1369,0,2,0,8,0,5,1,1,0,5,1,3,0,2,7,7,0,2,1,0,3,0,1,2
1370,0,2,0,4,0,5,1,1,0,7,1,3,0,0,7,7,0,2,1,0,2,3,1,0
1371,0,5,2,4,0,5,1,1,0,7,1,3,2,2,7,7,0,2,1,0,2,3,1,0
1372,0,5,0,8,0,5,1,1,0,3,1,3,2,0,7,7,0,2,1,0,2,3,1,2
1373,0,0,2,9,1,3,1,0,0,2,0,2,2,2,7,7,0,2,1,4,2,3,1,2
1374,1,5,3,4,1,6,1,0,1,7,0,3,2,2,7,7,0,2,1,4,2,3,1,0
1375,1,2,2,4,1,6,1,0,1,7,0,3,2,2,7,7,0,2,1,4,2,4,1,0
1376,0,2,0,8,0,5,1,1,0,4,1,3,2,0,7,7,0,2,1,0,2,3,1,2
1377,0,2,0,4,0,5,1,1,0,4,1,3,2,2,7,7,0,2,1,0,2,3,1,2
1378,1,2,3,4,1,6,1,0,1,4,0,3,2,2,7,7,0,2,1,4,2,3,1,2
1379,0,2,0,4,0,5,1,1,0,7,1,3,2,0,7,7,0,2,1,0,2,3,1,0
1380,1,5,2,8,1,6,1,0,1,5,0,3,2,2,7,7,0,2,1,4,3,4,5,2
1381,0,2,2,4,0,5,1,1,0,4,1,3,2,2,7,7,0,2,1,0,3,0,1,2
1382,1,2,3,8,1,6,1,0,1,5,0,3,2,2,7,7,0,2,1,4,3,4,5,2
1383,0,2,2,4,0,5,1,1,0,5,1,3,0,2,7,7,0,2,1,0,2,0,1,2
1384,0,2,2,3,0,5,1,1,0,3,1,3,0,0,7,7,0,2,1,0,2,0,1,2
1385,0,5,0,3,0,5,1,1,0,3,1,3,2,0,7,7,0,2,1,0,2,0,1,2
1386,0,2,0,4,0,5,1,1,0,4,1,3,2,2,7,7,0,2,1,0,3,3,1,2
1387,0,5,0,3,1,5,1,0,0,10,1,1,2,2,7,6,0,2,1,4,3,4,0,0
1388,0,5,0,4,1,5,1,0,0,7,1,1,2,2,3,6,0,2,1,4,2,4,0,0
1389,0,5,0,4,0,5,1,1,0,4,1,3,2,0,7,7,0,2,1,0,3,3,1,2
1390,0,5,0,3,1,5,1,0,0,10,1,1,2,2,3,7,0,2,1,4,2,5,0,0
1391,0,5,2,8,0,5,1,1,0,3,1,3,2,2,7,7,0,2,1,0,3,3,1,2
1392,0,2,2,8,0,5,1,1,0,3,1,3,0,0,7,7,0,2,1,0,2,0,1,2
1393,0,5,2,8,0,5,1,1,0,7,1,3,0,2,7,7,0,2,1,0,2,3,1,2
1394,0,2,0,3,0,5,1,1,0,4,1,3,2,0,7,7,0,2,1,0,2,3,1,2
1395,0,5,0,4,1,5,1,0,0,7,1,1,2,2,7,6,0,2,1,4,3,5,0,0
1396,0,5,2,8,0,5,1,1,0,4,1,3,2,0,7,7,0,2,1,0,3,3,1,2
1397,0,5,2,4,0,5,1,1,0,3,1,3,0,2,7,7,0,2,1,0,2,3,1,2
1398,0,2,2,3,0,5,1,1,0,7,1,3,2,0,7,7,0,2,1,0,3,3,1,0
1399,1,2,3,8,1,6,1,0,1,4,0,3,2,2,7,7,0,2,1,4,3,3,1,2
1400,0,2,2,4,0,5,1,1,0,4,1,3,2,0,7,7,0,2,1,0,2,3,1,2
1401,0,2,3,9,1,0,1,0,0,7,0,4,2,3,7,7,0,2,1,4,3,5,1,2
1402,0,5,0,3,1,5,1,0,0,5,1,1,2,2,3,6,0,2,1,4,2,5,0,0
1403,0,2,2,3,0,5,1,1,0,5,1,3,2,2,7,7,0,2,1,0,3,0,1,2
1404,0,5,2,3,0,5,1,1,0,3,1,3,0,2,7,7,0,2,1,0,3,0,1,2
1405,1,2,3,8,1,6,1,0,1,7,0,3,2,2,7,7,0,2,1,4,3,3,5,2
1406,0,5,2,8,0,5,1,1,0,3,1,3,0,0,7,7,0,2,1,0,2,0,1,2
1407,0,5,2,8,0,5,1,1,0,7,1,3,2,2,7,7,0,2,1,0,2,0,1,2
1408,0,2,2,3,0,5,1,1,0,5,1,3,2,2,7,7,0,2,1,0,2,0,1,2
1409,0,2,2,4,0,5,1,1,0,5,1,3,2,2,7,7,0,2,1,0,3,3,1,2
1410,0,5,0,4,0,5,1,1,0,4,1,3,0,0,7,7,0,2,1,0,2,3,1,2
1411,0,2,2,4,0,5,1,1,0,7,1,3,2,0,7,7,0,2,1,0,2,3,1,0
1412,0,2,2,4,0,5,1,1,0,5,1,3,0,0,7,7,0,2,1,0,3,0,1,2
1413,0,5,0,8,0,5,1,1,0,5,1,3,2,0,7,7,0,2,1,0,3,0,1,2
1414,0,2,0,8,0,5,1,1,0,4,1,3,0,2,7,7,0,2,1,0,3,0,1,2
1415,0,2,0,4,0,5,1,1,0,3,1,3,2,0,7,7,0,2,1,0,2,0,1,2
1416,0,5,3,8,1,3,1,0,0,2,0,2,2,2,7,7,0,2,1,4,3,3,3,2
1417,0,5,2,4,0,5,1,1,0,5,1,3,0,2,7,7,0,2,1,0,2,0,1,2
1418,0,5,2,3,0,5,1,1,0,3,1,3,0,0,7,7,0,2,1,0,3,3,1,2
1419,0,2,2,8,0,5,1,1,0,4,1,3,0,2,7,7,0,2,1,0,2,0,1,2
1420,1,5,2,8,1,6,1,0,1,10,0,3,2,2,7,7,0,2,1,4,3,3,5,0
1421,0,5,2,8,0,5,1,1,0,7,1,3,2,0,7,7,0,2,1,0,2,3,1,2
1422,0,5,0,4,1,5,1,0,0,5,1,1,2,2,3,6,0,2,1,4,3,4,0,0
1423,0,2,0,3,0,5,1,1,0,5,1,3,2,2,7,7,0,2,1,0,3,3,1,0
1424,0,5,2,3,0,5,1,1,0,5,1,3,2,0,7,7,0,2,1,0,2,0,1,2
1425,0,2,0,4,0,5,1,1,0,5,1,3,2,2,7,7,0,2,1,0,3,0,1,2
1426,0,2,2,4,0,5,1,1,0,7,1,3,2,2,7,7,0,2,1,0,3,3,1,0
1427,0,5,2,3,0,5,1,1,0,3,1,3,0,0,7,7,0,2,1,0,2,3,1,2
1428,0,2,3,4,1,3,1,0,0,5,0,4,2,3,7,7,0,2,1,4,2,3,4,2
1429,1,2,3,4,1,6,1,0,1,7,0,3,2,2,7,7,0,2,1,4,2,4,5,0
1430,0,5,2,4,0,5,1,1,0,7,1,3,2,0,7,7,0,2,1,0,3,3,1,0
1431,0,5,0,4,1,5,1,0,0,7,1,1,2,2,7,7,0,2,1,4,2,4,0,0
1432,1,2,3,8,1,6,1,0,1,10,0,3,2,2,7,7,0,2,1,4,2,3,1,0
1433,1,5,2,8,1,6,1,0,1,7,0,3,2,2,7,7,0,2,1,4,2,3,5,2
1434,1,2,2,4,1,6,1,0,1,7,0,3,2,2,7,7,0,2,1,4,3,3,5,0
1435,0,5,0,4,1,5,1,0,0,9,1,1,2,2,3,6,0,2,1,4,2,5,0,0
1436,0,0,3,8,1,3,1,0,0,2,0,2,2,2,7,7,0,2,1,4,2,2,3,2
1437,1,2,3,8,1,6,1,0,1,4,0,3,2,2,7,7,0,2,1,4,2,3,1,2
1438,0,2,0,8,0,5,1,1,0,7,1,3,2,0,7,7,0,2,1,0,2,0,1,2
1439,0,5,2,8,0,5,1,1,0,5,1,3,0,2,7,7,0,2,1,0,3,3,1,2
1440,0,5,0,4,1,5,1,0,0,5,1,1,2,2,3,6,0,2,1,4,2,5,0,0
1441,0,5,2,4,0,5,1,1,0,3,1,3,0,2,7,7,0,2,1,0,2,0,1,2
1442,0,2,0,4,0,5,1,1,0,7,1,3,2,2,7,7,0,2,1,0,2,3,1,0
1443,0,2,0,4,0,5,1,1,0,5,1,3,0,0,7,7,0,2,1,0,3,3,1,2
1444,1,2,3,4,1,6,1,0,1,7,0,3,2,2,7,7,0,2,1,4,3,3,5,0
1445,1,2,3,8,1,6,1,0,1,10,0,3,2,2,7,7,0,2,1,4,2,4,1,0
1446,0,5,2,4,0,5,1,1,0,7,1,3,2,0,7,7,0,2,1,0,2,3,1,0
1447,0,2,0,3,0,5,1,1,0,7,1,3,0,0,7,7,0,2,1,0,3,3,1,0
1448,0,5,0,4,1,5,1,0,0,5,1,1,2,2,6,3,0,2,1,4,2,4,0,0
1449,0,2,2,3,0,5,1,1,0,4,1,3,0,2,7,7,0,2,1,0,3,3,1,2
1450,0,2,0,4,0,5,1,1,0,3,1,3,0,2,7,7,0,2,1,0,2,0,1,2
1451,1,2,2,4,1,6,1,0,1,4,0,3,2,2,7,7,0,2,1,4,3,4,5,2
1452,0,5,0,4,0,5,1,1,0,5,1,3,0,0,7,7,0,2,1,0,3,0,1,2
1453,1,2,3,4,1,6,1,0,1,7,0,3,2,2,7,7,0,2,1,4,3,4,1,0
1454,0,5,2,3,0,5,1,1,0,5,1,3,0,0,7,7,0,2,1,0,2,0,1,2
1455,0,2,0,8,0,5,1,1,0,7,1,3,0,0,7,7,0,2,1,0,2,3,1,2
1456,0,5,2,8,0,5,1,1,0,5,1,3,2,2,7,7,0,2,1,0,3,0,1,2
1457,0,5,0,4,1,5,1,0,0,5,1,1,2,2,6,6,0,2,1,4,3,5,0,0
1458,0,5,2,4,0,5,1,1,0,3,1,3,0,2,7,7,0,2,1,0,3,3,1,2
1459,1,2,2,8,1,6,1,0,1,4,0,3,2,2,7,7,0,2,1,4,3,3,5,2
1460,0,5,0,4,1,5,1,0,0,7,1,1,2,2,7,3,0,2,1,4,3,4,0,0
1461,0,5,2,8,0,5,1,1,0,5,1,3,0,0,7,7,0,2,1,0,2,3,1,2
1462,0,2,2,8,0,5,1,1,0,4,1,3,0,2,7,7,0,2,1,0,2,3,1,2
1463,0,5,2,8,1,0,1,1,1,5,1,1,2,2,7,7,0,2,1,4,6,4,0,2
1464,0,5,0,4,0,5,1,1,0,7,1,3,0,0,7,7,0,2,1,0,3,3,1,0
1465,0,5,3,3,1,5,1,0,0,7,1,1,2,2,3,7,0,2,1,4,2,4,0,0
1466,0,5,0,4,1,5,1,0,0,5,1,1,2,2,3,3,0,2,1,4,3,5,0,0
1467,0,5,2,9,1,0,1,1,1,7,1,1,2,2,7,7,0,2,1,4,6,4,0,2
1468,0,2,0,3,0,5,1,1,0,3,1,3,2,2,7,7,0,2,1,0,2,0,1,2
1469,0,5,2,4,0,5,1,1,0,5,1,3,2,2,7,7,0,2,1,0,2,3,1,2
1470,0,5,3,2,1,5,1,0,0,9,1,1,2,2,3,7,0,2,1,4,3,5,0,0
1471,0,2,2,3,0,5,1,1,0,7,1,3,0,0,7,7,0,2,1,0,2,0,1,0
1472,1,2,2,8,1,6,1,0,1,5,0,3,2,2,7,7,0,2,1,4,2,4,5,2
1473,0,2,0,8,0,5,1,1,0,7,1,3,2,0,7,7,0,2,1,0,3,3,1,2
1474,0,5,0,3,0,5,1,1,0,3,1,3,2,2,7,7,0,2,1,0,3,0,1,2
1475,0,2,0,4,0,5,1,1,0,4,1,3,2,0,7,7,0,2,1,0,3,3,1,2
1476,0,2,2,4,0,5,1,1,0,7,1,3,0,0,7,7,0,2,1,0,2,0,1,0
1477,0,5,0,8,0,5,1,1,0,4,1,3,0,0,7,7,0,2,1,0,3,0,1,2
1478,1,2,3,8,1,6,1,0,1,7,0,3,2,2,7,7,0,2,1,4,2,3,1,0
1479,0,5,0,8,0,5,1,1,0,4,1,3,0,2,7,7,0,2,1,0,3,3,1,2
1480,0,2,2,4,0,5,1,1,0,4,1,3,0,0,7,7,0,2,1,0,3,0,1,2
1481,0,5,2,4,0,5,1,1,0,5,1,3,0,2,7,7,0,2,1,0,2,3,1,2
1482,0,5,0,3,0,5,1,1,0,7,1,3,2,2,7,7,0,2,1,0,2,3,1,0
1483,0,5,2,4,0,5,1,1,0,4,1,3,2,2,7,7,0,2,1,0,2,0,1,2
1484,0,2,3,9,1,3,1,0,0,5,0,4,2,3,7,7,0,2,1,4,2,5,1,2
1485,1,5,3,4,1,6,1,0,1,5,0,3,2,2,7,7,0,2,1,4,2,4,5,0
1486,0,5,0,8,0,5,1,1,0,7,1,3,2,0,7,7,0,2,1,0,2,0,1,2
1487,0,2,2,8,0,5,1,1,0,4,1,3,0,0,7,7,0,2,1,0,2,3,1,2
1488,0,5,2,4,0,5,1,1,0,3,1,3,2,0,7,7,0,2,1,0,3,3,1,2
1489,1,2,3,4,1,6,1,0,1,7,0,3,2,2,7,7,0,2,1,4,3,3,1,0
1490,0,2,0,3,0,5,1,1,0,7,1,3,0,2,7,7,0,2,1,0,2,3,1,0
1491,1,2,2,8,1,6,1,0,1,7,0,3,2,2,7,7,0,2,1,4,3,3,5,2
1492,0,2,2,4,0,5,1,1,0,5,1,3,0,2,7,7,0,2,1,0,2,3,1,2
1493,0,5,2,3,0,5,1,1,0,7,1,3,0,2,7,7,0,2,1,0,2,3,1,0
1494,0,5,0,3,0,5,1,1,0,5,1,3,2,2,7,7,0,2,1,0,2,0,1,2
1495,0,2,0,4,0,5,1,1,0,5,1,3,2,2,7,7,0,2,1,0,2,3,1,2
1496,0,2,2,3,0,5,1,1,0,3,1,3,2,0,7,7,0,2,1,0,3,3,1,2
1497,0,5,2,8,0,5,1,1,0,7,1,3,2,0,7,7,0,2,1,0,3,3,1,2
1498,0,5,0,4,0,5,1,1,0,4,1,3,2,0,7,7,0,2,1,0,2,0,1,2
1499,0,5,0,3,0,5,1,1,0,7,1,3,2,0,7,7,0,2,1,0,2,3,1,0
1500,0,2,0,4,0,5,1,1,0,7,1,3,2,2,7,7,0,2,1,0,3,0,1,0
1501,0,0,3,9,1,0,1,0,0,5,0,2,2,2,7,7,0,2,1,4,2,2,3,2
1502,0,2,0,3,0,5,1,1,0,4,1,3,2,0,7,7,0,2,1,0,3,3,1,2
1503,0,5,0,3,0,5,1,1,0,3,1,3,2,2,7,7,0,2,1,0,2,0,1,2
1504,0,2,0,8,0,5,1,1,0,5,1,3,0,0,7,7,0,2,1,0,3,0,1,2
1505,0,5,0,4,1,5,1,0,0,7,1,1,2,2,6,6,0,2,1,4,3,5,0,0
1506,1,2,2,4,1,6,1,0,1,10,0,3,2,2,7,7,0,2,1,4,2,3,5,0
1507,0,5,0,4,1,5,1,0,0,7,1,1,2,2,6,3,0,2,1,4,3,5,0,0
1508,0,5,0,4,0,5,1,1,0,3,1,3,0,0,7,7,0,2,1,0,3,0,1,2
1509,0,5,0,4,1,5,1,0,0,7,1,1,2,2,7,6,0,2,1,4,2,5,0,0
1510,0,5,0,8,0,5,1,1,0,5,1,3,0,2,7,7,0,2,1,0,3,0,1,2
1511,0,2,2,3,0,5,1,1,0,4,1,3,2,2,7,7,0,2,1,0,2,3,1,2
1512,0,2,2,4,0,5,1,1,0,3,1,3,2,2,7,7,0,2,1,0,2,0,1,2
1513,0,5,3,9,1,0,1,0,0,2,0,2,2,2,7,7,0,2,1,4,2,3,3,2
1514,0,5,0,8,1,0,1,1,1,7,1,1,2,2,7,7,0,2,1,4,6,4,0,2
1515,0,2,0,3,0,5,1,1,0,5,1,3,0,0,7,7,0,2,1,0,3,0,1,2
1516,0,2,0,4,0,5,1,1,0,3,1,3,2,0,7,7,0,2,1,0,3,0,1,2
1517,0,2,0,4,0,5,1,1,0,5,1,3,2,0,7,7,0,2,1,0,3,3,1,2
1518,0,0,3,9,1,0,1,0,0,2,0,2,2,2,7,7,0,2,1,4,2,3,1,2
1519,0,5,0,4,0,5,1,1,0,3,1,3,0,0,7,7,0,2,1,0,2,3,1,2
1520,0,5,3,8,1,3,1,0,0,5,0,2,2,2,7,7,0,2,1,4,3,3,1,2
1521,0,2,2,8,0,5,1,1,0,5,1,3,2,0,7,7,0,2,1,0,2,3,1,2
1522,0,5,2,8,0,5,1,1,0,4,1,3,2,2,7,7,0,2,1,0,3,0,1,2
1523,0,5,0,4,0,5,1,1,0,5,1,3,0,0,7,7,0,2,1,0,3,3,1,2
1524,0,5,2,4,0,5,1,1,0,5,1,3,2,0,7,7,0,2,1,0,3,0,1,2
1525,0,5,2,4,0,5,1,1,0,5,1,3,0,0,7,7,0,2,1,0,3,3,1,2
1526,0,5,3,4,1,5,1,0,0,10,1,1,2,2,7,7,0,2,1,4,3,5,0,0
1527,0,2,2,3,0,5,1,1,0,5,1,3,0,0,7,7,0,2,1,0,2,3,1,2
1528,0,5,3,9,1,0,1,0,0,2,0,2,2,2,7,7,0,2,1,4,2,2,3,2
1529,0,5,2,8,0,5,1,1,0,5,1,3,0,0,7,7,0,2,1,0,2,0,1,2
1530,1,2,3,8,1,6,1,0,1,5,0,3,2,2,7,7,0,2,1,4,2,3,5,2
1531,0,2,2,8,0,5,1,1,0,3,1,3,2,2,7,7,0,2,1,0,3,3,1,2
1532,1,2,2,8,1,6,1,0,1,5,0,3,2,2,7,7,0,2,1,4,3,3,5,2
1533,0,2,2,3,0,5,1,1,0,3,1,3,2,2,7,7,0,2,1,0,2,3,1,2
1534,0,2,0,3,0,5,1,1,0,4,1,3,0,0,7,7,0,2,1,0,3,3,1,2
1535,1,5,2,8,1,6,1,0,1,7,0,3,2,2,7,7,0,2,1,4,3,3,1,0
1536,0,5,2,3,0,5,1,1,0,7,1,3,0,0,7,7,0,2,1,0,2,0,1,0
1537,1,5,2,8,1,6,1,0,1,7,0,3,2,2,7,7,0,2,1,4,3,3,5,2
1538,0,5,2,3,0,5,1,1,0,7,1,3,0,0,7,7,0,2,1,0,3,3,1,0
1539,0,2,2,8,0,5,1,1,0,7,1,3,2,2,7,7,0,2,1,0,2,3,1,2
1540,1,2,3,8,1,6,1,0,1,10,0,3,2,2,7,7,0,2,1,4,3,4,1,0
1541,0,5,0,8,0,5,1,1,0,5,1,3,2,2,7,7,0,2,1,0,2,0,1,2
1542,0,5,2,4,0,5,1,1,0,3,1,3,2,2,7,7,0,2,1,0,2,0,1,2
1543,0,5,0,8,0,5,1,1,0,7,1,3,0,0,7,7,0,2,1,0,3,3,1,2
1544,0,5,0,8,0,5,1,1,0,7,1,3,0,2,7,7,0,2,1,0,2,0,1,2
1545,0,5,3,2,1,5,1,0,0,9,1,1,2,2,3,3,0,2,1,4,2,5,0,0
1546,1,2,2,4,1,6,1,0,1,4,0,3,2,2,7,7,0,2,1,4,2,3,5,2
1547,0,2,0,3,0,5,1,1,0,4,1,3,0,2,7,7,0,2,1,0,2,3,1,2
1548,0,5,3,9,1,0,1,0,0,10,0,4,2,3,7,7,0,2,1,4,2,5,1,0
1549,0,5,0,4,0,5,1,1,0,3,1,3,2,2,7,7,0,2,1,0,3,0,1,2
1550,0,2,0,4,0,5,1,1,0,4,1,3,0,0,7,7,0,2,1,0,2,0,1,2
1551,0,0,2,8,1,3,1,0,0,2,0,2,2,2,7,7,0,2,1,4,2,2,3,2
1552,0,2,2,3,0,5,1,1,0,4,1,3,2,0,7,7,0,2,1,0,2,0,1,2
1553,0,2,0,8,0,5,1,1,0,5,1,3,0,0,7,7,0,2,1,0,2,0,1,2
1554,0,2,0,4,0,5,1,1,0,3,1,3,2,2,7,7,0,2,1,0,3,0,1,2
1555,1,2,2,4,1,6,1,0,1,10,0,3,2,2,7,7,0,2,1,4,3,3,5,0
1556,0,5,2,4,0,5,1,1,0,3,1,3,2,0,7,7,0,2,1,0,3,0,1,2
1557,0,0,3,9,1,0,1,0,0,10,0,2,2,2,7,7,0,2,1,4,2,2,1,0
1558,0,2,2,3,0,5,1,1,0,7,1,3,2,0,7,7,0,2,1,0,3,0,1,0
1559,0,2,2,4,0,5,1,1,0,3,1,3,2,0,7,7,0,2,1,0,2,3,1,2
1560,0,5,0,3,0,5,1,1,0,3,1,3,0,2,7,7,0,2,1,0,3,0,1,2
1561,0,2,2,3,0,5,1,1,0,7,1,3,2,0,7,7,0,2,1,0,2,3,1,0
1562,0,5,0,4,0,5,1,1,0,7,1,3,0,2,7,7,0,2,1,0,2,0,1,0
1563,0,5,0,4,1,5,1,0,0,7,1,1,2,2,6,3,0,2,1,4,3,4,0,0
1564,0,0,3,8,1,3,1,0,0,2,0,2,2,2,7,7,0,2,1,4,3,2,3,2
1565,0,5,0,3,1,5,1,0,0,5,1,1,2,2,3,7,0,2,1,4,3,4,0,0
1566,1,2,3,4,1,6,1,0,1,7,0,3,2,2,7,7,0,2,1,4,2,3,1,0
1567,0,5,2,8,0,5,1,1,0,3,1,3,2,2,7,7,0,2,1,0,3,0,1,2
1568,1,2,2,4,1,6,1,0,1,4,0,3,2,2,7,7,0,2,1,4,2,4,5,2
1569,0,2,2,4,0,5,1,1,0,5,1,3,2,0,7,7,0,2,1,0,3,0,1,2
1570,0,2,0,4,0,5,1,1,0,4,1,3,2,0,7,7,0,2,1,0,2,0,1,2
1571,0,5,0,8,0,5,1,1,0,4,1,3,2,0,7,7,0,2,1,0,2,0,1,2
1572,0,5,0,4,0,5,1,1,0,5,1,3,0,2,7,7,0,2,1,0,3,0,1,2
1573,0,2,2,4,0,5,1,1,0,5,1,3,0,0,7,7,0,2,1,0,3,3,1,2
1574,0,5,2,9,1,3,1,0,0,2,0,2,2,2,7,7,0,2,1,4,2,3,1,2
1575,0,2,2,8,0,5,1,1,0,4,1,3,2,0,7,7,0,2,1,0,2,0,1,2
1576,0,5,2,8,0,5,1,1,0,4,1,3,0,2,7,7,0,2,1,0,2,3,1,2
1577,1,5,3,4,1,6,1,0,1,7,0,3,2,2,7,7,0,2,1,4,2,4,1,0
1578,0,2,0,3,0,5,1,1,0,5,1,3,2,0,7,7,0,2,1,0,2,0,1,2
1579,1,2,3,4,1,6,1,0,1,5,0,3,2,2,7,7,0,2,1,4,2,3,1,0
1580,0,2,0,8,0,5,1,1,0,5,1,3,2,2,7,7,0,2,1,0,2,0,1,2
1581,0,5,0,4,1,5,1,0,0,7,1,1,2,2,6,7,0,2,1,4,2,4,0,0
1582,0,5,0,3,0,5,1,1,0,4,1,3,2,0,7,7,0,2,1,0,2,3,1,2
1583,1,2,2,4,1,6,1,0,1,10,0,3,2,2,7,7,0,2,1,4,3,4,5,0
1584,0,2,2,3,0,5,1,1,0,3,1,3,2,0,7,7,0,2,1,0,2,3,1,2
1585,1,5,2,8,1,6,1,0,1,10,0,3,2,2,7,7,0,2,1,4,3,4,5,0
1586,0,5,0,4,1,5,1,0,0,7,1,1,2,2,3,3,0,2,1,4,3,4,0,0
1587,0,5,0,4,0,5,1,1,0,7,1,3,0,2,7,7,0,2,1,0,3,3,1,0
1588,0,5,3,9,1,0,1,0,0,5,0,4,2,3,7,7,0,2,1,4,3,3,4,2
1589,0,2,0,8,0,5,1,1,0,3,1,3,0,0,7,7,0,2,1,0,2,3,1,2
1590,0,2,2,8,0,5,1,1,0,7,1,3,2,0,7,7,0,2,1,0,3,0,1,2
1591,0,5,0,3,0,5,1,1,0,5,1,3,0,2,7,7,0,2,1,0,3,3,1,2
1592,0,2,0,3,0,5,1,1,0,7,1,3,0,0,7,7,0,2,1,0,2,3,1,0
1593,0,2,0,8,0,5,1,1,0,5,1,3,2,0,7,7,0,2,1,0,3,0,1,2
1594,0,5,0,3,0,5,1,1,0,5,1,3,0,0,7,7,0,2,1,0,2,3,1,2
1595,0,2,0,3,0,5,1,1,0,4,1,3,0,0,7,7,0,2,1,0,3,0,1,2
1596,0,5,0,3,1,5,1,0,0,10,1,1,2,2,7,7,0,2,1,4,3,4,0,0
1597,0,5,2,3,0,5,1,1,0,7,1,3,0,2,7,7,0,2,1,0,2,0,1,0
1598,0,2,2,3,0,5,1,1,0,7,1,3,0,2,7,7,0,2,1,0,2,3,1,0
1599,0,5,3,4,1,3,1,0,0,10,0,4,2,3,7,7,0,2,1,4,3,3,1,0
1600,0,5,3,3,1,5,1,0,0,5,1,1,2,2,6,3,0,2,1,4,2,5,0,0
1601,0,2,2,3,0,5,1,1,0,4,1,3,0,0,7,7,0,2,1,0,2,0,1,2
1602,0,2,0,8,0,5,1,1,0,4,1,3,2,0,7,7,0,2,1,0,3,3,1,2
1603,0,2,2,4,0,5,1,1,0,3,1,3,0,0,7,7,0,2,1,0,3,0,1,2
1604,0,2,0,8,0,5,1,1,0,7,1,3,2,2,7,7,0,2,1,0,2,3,1,2
1605,0,2,0,4,0,5,1,1,0,5,1,3,2,0,7,7,0,2,1,0,2,0,1,2
1606,0,2,2,3,0,5,1,1,0,4,1,3,2,2,7,7,0,2,1,0,2,0,1,2
1607,0,5,2,4,0,5,1,1,0,5,1,3,2,2,7,7,0,2,1,0,3,3,1,2
1608,0,5,0,4,1,5,1,0,0,7,1,1,2,2,7,7,0,2,1,4,3,5,0,0
1609,0,5,2,4,0,5,1,1,0,4,1,3,0,0,7,7,0,2,1,0,3,3,1,2
1610,0,5,0,4,0,5,1,1,0,4,1,3,0,2,7,7,0,2,1,0,2,0,1,2
1611,0,2,2,8,0,5,1,1,0,7,1,3,0,0,7,7,0,2,1,0,3,0,1,2
1612,0,5,0,4,0,5,1,0,1,7,0,3,2,2,7,7,0,2,1,4,2,5,5,0
1613,1,2,2,8,1,6,1,0,1,7,0,3,2,2,7,7,0,2,1,4,2,3,5,2
1614,1,2,2,4,1,6,1,0,1,7,0,3,2,2,7,7,0,2,1,4,3,4,1,0
1615,0,5,0,4,1,5,1,0,0,9,1,1,2,2,7,3,0,2,1,4,2,4,0,0
1616,0,5,2,8,0,5,1,1,0,5,1,3,0,2,7,7,0,2,1,0,3,0,1,2
1617,0,2,0,3,0,5,1,1,0,4,1,3,2,2,7,7,0,2,1,0,3,0,1,2
1618,0,5,2,4,0,5,1,1,0,3,1,3,2,2,7,7,0,2,1,0,3,3,1,2
1619,0,5,0,4,0,5,1,1,0,3,1,3,0,0,7,7,0,2,1,0,3,3,1,2
1620,0,5,2,3,0,5,1,1,0,3,1,3,2,2,7,7,0,2,1,0,2,3,1,2
1621,0,2,0,3,0,5,1,1,0,5,1,3,0,0,7,7,0,2,1,0,2,0,1,2
1622,0,2,2,4,0,5,1,1,0,7,1,3,2,0,7,7,0,2,1,0,3,3,1,0
1623,0,2,2,3,0,5,1,1,0,5,1,3,2,0,7,7,0,2,1,0,2,0,1,2
1624,0,5,0,2,1,5,1,0,0,5,1,1,2,2,6,6,0,2,1,4,2,4,0,0
1625,1,2,3,8,1,6,1,0,1,4,0,3,2,2,7,7,0,2,1,4,3,4,5,2
1626,0,5,0,4,0,5,1,1,0,3,1,3,0,2,7,7,0,2,1,0,3,3,1,2
1627,0,5,0,4,1,5,1,0,0,5,1,1,2,2,7,3,0,2,1,4,3,4,0,0
1628,1,2,2,4,1,6,1,0,1,4,0,3,2,2,7,7,0,2,1,4,3,3,5,2
1629,1,2,2,8,1,6,1,0,1,4,0,3,2,2,7,7,0,2,1,4,2,4,1,2
1630,1,2,2,8,1,6,1,0,1,5,0,3,2,2,7,7,0,2,1,4,2,3,5,2
1631,0,2,0,8,0,5,1,1,0,3,1,3,2,0,7,7,0,2,1,0,3,0,1,2
1632,0,2,2,4,0,5,1,1,0,3,1,3,0,2,7,7,0,2,1,0,3,3,1,2
1633,0,2,0,4,0,5,1,1,0,3,1,3,0,0,7,7,0,2,1,0,2,0,1,2
1634,0,5,2,4,0,5,1,1,0,3,1,3,2,0,7,7,0,2,1,0,2,0,1,2
1635,0,2,2,4,0,5,1,1,0,4,1,3,2,0,7,7,0,2,1,0,2,0,1,2
1636,1,2,2,8,1,6,1,0,1,7,0,3,2,2,7,7,0,2,1,4,3,4,1,0
1637,1,2,2,8,1,6,1,0,1,5,0,3,2,2,7,7,0,2,1,4,2,4,1,2
1638,0,2,2,3,0,5,1,1,0,7,1,3,0,0,7,7,0,2,1,0,3,0,1,0
1639,0,5,2,4,0,5,1,1,0,4,1,3,0,2,7,7,0,2,1,0,2,0,1,2
1640,0,5,2,4,0,5,1,1,0,3,1,3,0,0,7,7,0,2,1,0,3,3,1,2
1641,0,5,0,4,1,5,1,0,0,10,1,1,2,2,7,3,0,2,1,4,2,4,0,0
1642,0,5,0,4,1,5,1,0,0,5,1,1,2,2,3,7,0,2,1,4,3,4,0,0
1643,0,2,0,8,0,5,1,1,0,7,1,3,0,2,7,7,0,2,1,0,2,0,1,2
1644,0,2,0,8,0,5,1,1,0,5,1,3,0,2,7,7,0,2,1,0,3,3,1,2
1645,0,5,0,8,0,5,1,1,0,4,1,3,0,0,7,7,0,2,1,0,2,0,1,2
1646,0,5,2,9,1,3,1,0,0,5,0,2,2,2,7,7,0,2,1,4,3,2,3,2
1647,0,2,2,3,0,5,1,1,0,5,1,3,0,0,7,7,0,2,1,0,3,0,1,2
1648,0,5,2,8,0,5,1,1,0,3,1,3,2,0,7,7,0,2,1,0,3,3,1,2
1649,0,5,0,4,0,5,1,1,0,5,1,3,2,2,7,7,0,2,1,0,3,3,1,2
1650,0,5,0,4,0,5,1,1,0,7,1,3,0,2,7,7,0,2,1,0,3,0,1,0
1651,0,5,2,8,0,5,1,1,0,5,1,3,2,2,7,7,0,2,1,0,3,3,1,2
1652,0,5,2,4,0,5,1,1,0,3,1,3,0,0,7,7,0,2,1,0,2,3,1,2
1653,0,5,2,3,0,5,1,1,0,3,1,3,0,2,7,7,0,2,1,0,3,3,1,2
1654,0,5,2,3,0,5,1,1,0,7,1,3,2,0,7,7,0,2,1,0,2,3,1,0
1655,0,2,2,8,0,5,1,1,0,7,1,3,2,2,7,7,0,2,1,0,3,3,1,2
1656,0,5,2,4,0,5,1,1,0,5,1,3,0,0,7,7,0,2,1,0,2,0,1,2
1657,0,2,0,3,0,5,1,1,0,7,1,3,2,2,7,7,0,2,1,0,3,3,1,0
1658,0,2,0,8,0,5,1,1,0,3,1,3,2,2,7,7,0,2,1,0,2,3,1,2
1659,0,5,0,8,0,5,1,1,0,5,1,3,2,2,7,7,0,2,1,0,3,0,1,2
1660,0,2,0,3,0,5,1,1,0,3,1,3,0,2,7,7,0,2,1,0,2,3,1,2
1661,0,5,0,3,0,5,1,1,0,7,1,3,2,0,7,7,0,2,1,0,2,0,1,0
1662,0,5,3,9,1,0,1,0,0,2,0,2,2,2,7,7,0,2,1,4,2,2,1,2
1663,0,5,2,9,1,3,1,0,0,5,0,2,2,2,7,7,0,2,1,4,2,2,1,2
1664,0,5,2,8,0,5,1,1,0,7,1,3,2,0,7,7,0,2,1,0,2,0,1,2
1665,1,5,3,4,1,6,1,0,1,4,0,3,2,2,7,7,0,2,1,4,2,3,1,2
1666,0,5,0,8,0,5,1,1,0,4,1,3,2,0,7,7,0,2,1,0,3,3,1,2
1667,1,5,2,8,1,6,1,0,1,10,0,3,2,2,7,7,0,2,1,4,2,3,5,0
1668,0,5,3,3,1,5,1,0,0,5,1,1,2,2,6,3,0,2,1,4,3,4,0,0
1669,1,2,2,8,1,6,1,0,1,10,0,3,2,2,7,7,0,2,1,4,2,4,5,0
1670,0,5,3,9,1,3,1,0,0,2,0,2,2,2,7,7,0,2,1,4,3,3,1,2
1671,0,5,3,8,1,3,1,0,0,5,0,2,2,2,7,7,0,2,1,4,3,2,3,2
1672,0,2,3,4,1,3,1,0,0,5,0,4,2,3,7,7,0,2,1,4,3,5,4,2
1673,0,5,2,8,0,5,1,1,0,5,1,3,2,0,7,7,0,2,1,0,3,3,1,2
1674,0,2,2,4,0,5,1,1,0,7,1,3,0,2,7,7,0,2,1,0,2,3,1,0
1675,0,5,2,3,0,5,1,1,0,7,1,3,2,2,7,7,0,2,1,0,2,0,1,0
1676,0,5,2,8,0,5,1,1,0,5,1,3,0,2,7,7,0,2,1,0,2,0,1,2
1677,0,2,2,4,0,5,1,1,0,3,1,3,0,0,7,7,0,2,1,0,3,3,1,2
1678,0,2,2,4,0,5,1,1,0,5,1,3,2,2,7,7,0,2,1,0,2,0,1,2
1679,0,5,2,3,0,5,1,1,0,5,1,3,0,0,7,7,0,2,1,0,2,3,1,2
1680,0,0,2,8,1,3,1,0,0,5,0,2,2,2,7,7,0,2,1,4,3,2,1,2
1681,0,5,2,3,0,5,1,1,0,7,1,3,2,2,7,7,0,2,1,0,2,3,1,0
1682,0,5,2,9,1,3,1,0,0,10,0,2,2,2,7,7,0,2,1,4,2,3,3,0
1683,1,2,3,8,1,6,1,0,1,5,0,3,2,2,7,7,0,2,1,4,2,4,1,2
1684,0,2,2,8,0,5,1,1,0,7,1,3,0,0,7,7,0,2,1,0,2,3,1,2
1685,0,2,2,4,0,5,1,1,0,3,1,3,0,0,7,7,0,2,1,0,2,3,1,2
1686,0,2,2,3,0,5,1,1,0,5,1,3,2,2,7,7,0,2,1,0,3,3,1,0
1687,0,2,0,3,0,5,1,1,0,3,1,3,0,2,7,7,0,2,1,0,3,3,1,2
1688,0,5,3,4,1,5,1,0,0,7,1,1,2,2,3,7,0,2,1,4,3,5,0,0
1689,0,5,0,4,1,5,1,0,0,5,1,1,2,2,3,3,0,2,1,4,2,5,0,0
1690,0,5,3,9,1,0,1,0,0,5,0,4,2,3,7,7,0,2,1,4,3,5,4,2
1691,0,5,0,3,1,5,1,0,0,10,1,1,2,2,6,6,0,2,1,4,2,5,0,0
1692,0,2,0,3,0,5,1,1,0,7,1,3,0,0,7,7,0,2,1,0,3,0,1,0
1693,0,2,2,4,0,5,1,1,0,3,1,3,0,2,7,7,0,2,1,0,2,3,1,2
1694,0,2,2,8,0,5,1,1,0,5,1,3,2,0,7,7,0,2,1,0,3,0,1,2
1695,0,5,0,3,0,5,1,1,0,4,1,3,0,2,7,7,0,2,1,0,3,0,1,2
1696,0,2,2,8,0,5,1,1,0,5,1,3,0,0,7,7,0,2,1,0,2,3,1,2
1697,0,2,0,3,0,5,1,1,0,5,1,3,0,2,7,7,0,2,1,0,3,0,1,2
1698,0,5,0,3,0,5,1,1,0,4,1,3,2,2,7,7,0,2,1,0,3,0,1,2
1699,0,5,2,4,0,5,1,1,0,4,1,3,2,0,7,7,0,2,1,0,3,0,1,2
1700,0,5,0,4,1,5,1,0,0,10,1,1,2,2,7,3,0,2,1,4,2,5,0,0
1701,0,2,2,8,0,5,1,1,0,4,1,3,2,2,7,7,0,2,1,0,3,3,1,2
1702,0,2,0,4,0,5,1,1,0,5,1,3,0,2,7,7,0,2,1,0,2,3,1,2
1703,1,2,3,4,1,6,1,0,1,10,0,3,2,2,7,7,0,2,1,4,2,3,1,0
1704,0,5,0,4,1,5,1,0,0,5,1,1,2,2,6,7,0,2,1,4,2,5,0,0
1705,0,5,0,4,0,5,1,1,0,7,1,3,0,0,7,7,0,2,1,0,2,3,1,0
1706,0,2,0,8,0,5,1,1,0,5,1,3,2,0,7,7,0,2,1,0,2,3,1,2
1707,1,2,3,4,1,6,1,0,1,5,0,3,2,2,7,7,0,2,1,4,3,4,5,0
1708,0,2,0,3,0,5,1,1,0,4,1,3,2,2,7,7,0,2,1,0,2,3,1,2
1709,0,5,0,3,1,5,1,0,0,5,1,1,2,2,7,7,0,2,1,4,2,4,0,0
1710,0,5,0,8,0,5,1,1,0,7,1,3,0,0,7,7,0,2,1,0,2,0,1,2
1711,0,5,0,3,0,5,1,1,0,3,1,3,0,0,7,7,0,2,1,0,2,3,1,2
1712,0,5,0,4,1,5,1,0,0,10,1,1,2,2,3,6,0,2,1,4,3,4,0,0
1713,0,5,2,3,0,5,1,1,0,3,1,3,2,0,7,7,0,2,1,0,3,0,1,2
1714,0,2,0,8,0,5,1,1,0,7,1,3,2,0,7,7,0,2,1,0,3,0,1,2
1715,0,5,0,3,1,5,1,0,0,9,1,1,2,2,6,6,0,2,1,4,2,5,0,0
1716,0,5,3,8,1,3,1,0,0,10,0,2,2,2,7,7,0,2,1,4,2,2,1,0
1717,0,5,3,8,1,3,1,0,0,4,0,2,2,2,7,7,0,2,1,4,3,2,3,2
1718,0,2,2,3,0,5,1,1,0,7,1,3,0,2,7,7,0,2,1,0,3,3,1,0
1719,0,2,2,8,0,5,1,1,0,4,1,3,2,2,7,7,0,2,1,0,2,0,1,2
1720,0,2,2,4,0,5,1,1,0,5,1,3,0,0,7,7,0,2,1,0,2,3,1,2
1721,0,2,2,8,0,5,1,1,0,7,1,3,0,2,7,7,0,2,1,0,2,0,1,2
1722,0,5,0,4,0,5,1,1,0,3,1,3,2,0,7,7,0,2,1,0,3,0,1,2
1723,0,5,2,4,0,5,1,1,0,5,1,3,2,0,7,7,0,2,1,0,3,3,1,2
1724,0,0,3,9,1,0,1,0,0,2,0,2,2,2,7,7,0,2,1,4,3,2,3,2
1725,1,2,3,8,1,6,1,0,1,4,0,3,2,2,7,7,0,2,1,4,2,4,1,2
1726,0,5,2,4,0,5,1,1,0,4,1,3,2,0,7,7,0,2,1,0,2,0,1,2
1727,0,2,2,4,0,5,1,1,0,4,1,3,0,2,7,7,0,2,1,0,2,3,1,2
1728,0,5,3,4,1,0,1,0,0,5,0,4,2,3,7,7,0,2,1,4,2,3,1,2
1729,0,5,2,3,0,5,1,1,0,5,1,3,0,0,7,7,0,2,1,0,3,0,1,2
1730,0,2,2,8,0,5,1,1,0,4,1,3,0,2,7,7,0,2,1,0,3,0,1,2
1731,1,5,2,4,1,6,1,0,1,5,0,3,2,2,7,7,0,2,1,4,2,4,5,0
1732,0,2,2,3,0,5,1,1,0,5,1,3,0,0,7,7,0,2,1,0,2,0,1,2
1733,0,5,0,8,0,5,1,1,0,7,1,3,0,2,7,7,0,2,1,0,3,3,1,2
1734,1,2,2,4,1,6,1,0,1,5,0,3,2,2,7,7,0,2,1,4,2,4,1,0
1735,0,5,0,4,0,5,1,1,0,7,1,3,2,2,7,7,0,2,1,0,3,0,1,0
1736,0,5,2,4,0,5,1,1,0,7,1,3,0,2,7,7,0,2,1,0,2,0,1,0
1737,0,5,0,4,1,5,1,0,0,9,1,1,2,2,3,6,0,2,1,4,2,4,0,0
1738,0,2,2,8,0,5,1,1,0,7,1,3,0,2,7,7,0,2,1,0,2,3,1,2
1739,1,2,2,8,1,6,1,0,1,7,0,3,2,2,7,7,0,2,1,4,3,4,5,2
1740,0,5,0,8,0,5,1,1,0,3,1,3,2,0,7,7,0,2,1,0,2,0,1,2
1741,0,2,0,4,0,5,1,1,0,3,1,3,2,2,7,7,0,2,1,0,3,3,1,2
1742,0,2,2,3,0,5,1,1,0,7,1,3,0,0,7,7,0,2,1,0,3,3,1,0
1743,0,5,0,8,0,5,1,1,0,5,1,3,0,0,7,7,0,2,1,0,2,0,1,2
1744,0,2,3,4,1,3,1,0,0,10,0,4,2,3,7,7,0,2,1,4,3,5,1,0
1745,1,2,2,8,1,6,1,0,1,10,0,3,2,2,7,7,0,2,1,4,3,3,1,0
1746,0,5,0,8,0,5,1,1,0,7,1,3,2,2,7,7,0,2,1,0,3,0,1,2
1747,0,2,0,4,0,5,1,0,1,7,0,3,2,2,7,7,0,2,1,4,2,5,5,0
1748,1,2,3,4,1,6,1,0,1,10,0,3,2,2,7,7,0,2,1,4,3,3,5,0
1749,0,2,2,8,0,5,1,1,0,5,1,3,2,0,7,7,0,2,1,0,3,3,1,2
1750,0,5,0,3,0,5,1,1,0,4,1,3,0,0,7,7,0,2,1,0,3,3,1,2
1751,0,2,3,9,1,0,1,0,0,5,0,4,2,3,7,7,0,2,1,4,3,5,4,2
1752,0,5,0,8,0,5,1,1,0,3,1,3,0,0,7,7,0,2,1,0,3,3,1,2
1753,0,5,0,8,0,5,1,1,0,3,1,3,0,0,7,7,0,2,1,0,2,0,1,2
1754,1,2,3,4,1,6,1,0,1,5,0,3,2,2,7,7,0,2,1,4,3,3,1,0
1755,0,2,0,4,0,5,1,1,0,3,1,3,0,2,7,7,0,2,1,0,2,3,1,2
1756,0,2,0,3,0,5,1,1,0,4,1,3,2,2,7,7,0,2,1,0,3,3,1,2
1757,0,5,0,4,0,5,1,1,0,5,1,3,2,2,7,7,0,2,1,0,2,3,1,2
1758,0,5,0,4,1,5,1,0,0,7,1,1,2,2,6,6,0,2,1,4,3,4,0,0
1759,0,5,2,3,0,5,1,1,0,4,1,3,0,0,7,7,0,2,1,0,2,3,1,2
1760,0,5,2,3,0,5,1,1,0,5,1,3,0,2,7,7,0,2,1,0,2,0,1,2
1761,0,5,0,8,0,5,1,1,0,4,1,3,0,0,7,7,0,2,1,0,2,3,1,2
1762,0,2,0,3,0,5,1,1,0,3,1,3,2,2,7,7,0,2,1,0,3,3,1,2
1763,0,5,0,4,1,5,1,0,0,5,1,1,2,2,7,7,0,2,1,4,2,5,0,0
1764,0,5,2,8,0,5,1,1,0,7,1,3,0,0,7,7,0,2,1,0,3,3,1,2
1765,1,5,2,8,1,6,1,0,1,5,0,3,2,2,7,7,0,2,1,4,3,3,5,2
1766,0,2,2,3,0,5,1,1,0,5,1,3,2,0,7,7,0,2,1,0,3,0,1,2
1767,0,5,2,4,0,5,1,1,0,4,1,3,2,2,7,7,0,2,1,0,3,3,1,2
1768,0,5,0,4,1,5,1,0,0,7,1,1,2,2,7,3,0,2,1,4,2,4,0,0
1769,0,5,3,9,1,0,1,0,0,7,0,4,2,3,7,7,0,2,1,4,3,5,1,2
1770,0,5,2,3,0,5,1,1,0,4,1,3,0,0,7,7,0,2,1,0,2,0,1,2
1771,0,5,0,4,0,5,1,1,0,3,1,3,0,2,7,7,0,2,1,0,2,0,1,2
1772,0,5,0,8,0,5,1,1,0,4,1,3,2,2,7,7,0,2,1,0,2,0,1,2
1773,0,5,3,9,1,0,1,0,0,4,0,2,2,2,7,7,0,2,1,4,3,3,1,2
1774,0,5,0,4,1,5,1,0,0,7,1,1,2,2,3,7,0,2,1,4,2,5,0,0
1775,0,5,0,8,0,5,1,1,0,7,1,3,2,2,7,7,0,2,1,0,2,0,1,2
1776,0,5,0,8,0,5,1,1,0,5,1,3,0,2,7,7,0,2,1,0,2,0,1,2
1777,1,2,2,4,1,6,1,0,1,5,0,3,2,2,7,7,0,2,1,4,3,3,5,0
1778,1,2,2,8,1,6,1,0,1,4,0,3,2,2,7,7,0,2,1,4,2,4,5,2
1779,0,5,2,4,0,5,1,1,0,7,1,3,2,2,7,7,0,2,1,0,2,0,1,0
1780,0,5,0,3,0,5,1,0,1,5,0,3,2,2,7,7,0,2,1,4,3,4,5,0
1781,0,2,2,4,0,5,1,1,0,7,1,3,0,0,7,7,0,2,1,0,2,3,1,0
1782,0,5,2,8,0,5,1,1,0,4,1,3,0,2,7,7,0,2,1,0,2,0,1,2
1783,1,2,2,8,1,6,1,0,1,10,0,3,2,2,7,7,0,2,1,4,2,3,1,0
1784,0,0,2,9,1,0,1,0,0,4,0,2,2,2,7,7,0,2,1,4,3,3,1,2
1785,0,5,0,4,0,5,1,1,0,3,1,3,0,0,7,7,0,2,1,0,2,0,1,2
1786,1,2,3,4,1,6,1,0,1,5,0,3,2,2,7,7,0,2,1,4,2,3,5,0
1787,0,5,2,3,0,5,1,1,0,3,1,3,0,0,7,7,0,2,1,0,2,0,1,2
1788,0,5,2,3,0,5,1,1,0,4,1,3,2,0,7,7,0,2,1,0,3,3,1,2
1789,0,5,2,8,0,5,1,1,0,5,1,3,0,2,7,7,0,2,1,0,2,3,1,2
1790,1,2,2,8,1,6,1,0,1,5,0,3,2,2,7,7,0,2,1,4,3,4,5,2
1791,0,2,2,8,0,5,1,1,0,4,1,3,0,0,7,7,0,2,1,0,2,0,1,2
1792,0,5,0,4,0,5,1,1,0,3,1,3,0,2,7,7,0,2,1,0,3,0,1,2
1793,0,2,0,4,0,5,1,1,0,7,1,3,2,2,7,7,0,2,1,0,3,3,1,0
1794,0,5,0,4,0,5,1,1,0,7,1,3,0,0,7,7,0,2,1,0,3,0,1,0
1795,1,2,3,4,1,6,1,0,1,4,0,3,2,2,7,7,0,2,1,4,2,4,1,2
1796,0,5,0,8,0,5,1,1,0,7,1,3,2,0,7,7,0,2,1,0,3,3,1,2
1797,0,2,2,8,0,5,1,1,0,7,1,3,0,2,7,7,0,2,1,0,3,0,1,2
1798,1,2,3,8,1,6,1,0,1,4,0,3,2,2,7,7,0,2,1,4,2,4,5,2
1799,0,2,2,3,0,5,1,1,0,7,1,3,2,0,7,7,0,2,1,0,2,0,1,0
1800,0,2,3,4,1,5,1,0,0,10,1,1,2,2,7,3,0,2,1,4,3,4,0,0
1801,0,5,0,3,0,5,1,1,0,3,1,3,2,0,7,7,0,2,1,0,3,0,1,2
1802,0,5,0,3,1,5,1,0,0,9,1,1,2,2,7,6,0,2,1,4,2,4,0,0
1803,0,5,3,4,1,5,1,0,0,7,1,1,2,2,6,7,0,2,1,4,3,4,0,0
1804,0,2,0,4,1,5,1,0,0,5,1,1,2,2,6,3,0,2,1,4,3,5,0,0
1805,0,2,3,2,1,5,1,0,0,7,1,1,2,2,6,6,0,2,1,4,2,4,0,0
1806,0,2,2,3,0,5,1,1,0,3,1,3,0,2,7,7,0,2,1,0,3,3,1,2
1807,0,5,0,3,1,5,1,0,0,9,1,1,2,2,6,6,0,2,1,4,3,5,0,0
1808,0,5,3,3,1,5,1,0,0,7,1,1,2,2,3,6,0,2,1,4,2,5,0,0
1809,0,5,0,3,0,5,1,1,0,7,1,3,0,2,7,7,0,2,1,0,3,3,1,0
1810,1,2,2,4,1,6,1,0,1,5,0,3,2,2,7,7,0,2,1,4,3,3,1,0
1811,0,2,0,4,1,5,1,0,0,5,1,1,2,2,3,7,0,2,1,4,2,4,0,0
1812,1,5,2,4,1,6,1,0,1,5,0,3,2,2,7,7,0,2,1,4,2,4,1,0
1813,0,5,2,8,1,0,1,0,0,5,0,2,2,2,7,7,0,2,1,4,3,3,1,2
1814,0,5,2,8,0,5,1,1,0,3,1,3,2,2,7,7,0,2,1,0,2,0,1,2
1815,0,5,3,9,1,0,1,0,0,2,0,2,2,2,7,7,0,2,1,4,3,3,1,2
1816,1,5,0,3,0,2,1,0,0,3,0,1,1,1,4,0,0,2,1,2,1,5,1,2
1817,0,2,2,4,0,5,1,1,0,4,1,3,0,2,7,7,0,2,1,0,3,0,1,2
1818,0,2,2,8,0,5,1,1,0,7,1,3,0,0,7,7,0,2,1,0,3,3,1,2
1819,0,5,0,4,1,5,1,0,0,7,1,1,2,2,3,3,0,2,1,4,2,4,0,0
1820,0,2,2,4,0,5,1,1,0,3,1,3,2,2,7,7,0,2,1,0,2,3,1,2
1821,0,5,0,4,0,5,1,1,0,3,1,3,2,0,7,7,0,2,1,0,2,3,1,2
1822,1,5,2,8,1,6,1,0,1,7,0,3,2,2,7,7,0,2,1,4,2,4,5,2
1823,0,2,0,4,1,5,1,0,0,7,1,1,2,2,6,3,0,2,1,4,3,5,0,0
1824,0,5,3,8,1,3,1,0,0,4,0,2,2,2,7,7,0,2,1,4,3,2,1,2
1825,0,2,0,3,0,5,1,1,0,5,1,3,0,2,7,7,0,2,1,0,2,3,1,2
1826,0,5,3,2,1,5,1,0,0,5,1,1,2,2,7,3,0,2,1,4,3,4,0,0
1827,0,2,0,8,0,5,1,1,0,5,1,3,2,2,7,7,0,2,1,0,2,3,1,2
1828,0,5,2,3,0,5,1,1,0,7,1,3,0,2,7,7,0,2,1,0,3,0,1,0
1829,0,5,3,4,1,5,1,0,0,5,1,1,2,2,7,6,0,2,1,4,2,4,0,0
1830,0,5,3,3,1,5,1,0,0,10,1,1,2,2,7,3,0,2,1,4,3,5,0,0
1831,0,5,0,3,1,5,1,0,0,9,1,1,2,2,3,7,0,2,1,4,2,4,0,0
1832,0,2,2,8,0,5,1,1,0,5,1,3,0,2,7,7,0,2,1,0,3,0,1,2
1833,0,5,0,3,1,5,1,0,0,9,1,1,2,2,6,7,0,2,1,4,2,4,0,0
1834,0,5,0,4,1,5,1,0,0,9,1,1,2,2,3,3,0,2,1,4,3,4,0,0
1835,0,5,0,2,1,5,1,0,0,10,1,1,2,2,3,7,0,2,1,4,3,4,0,0
1836,0,5,3,4,1,5,1,0,0,10,1,1,2,2,6,3,0,2,1,4,3,5,0,0
1837,0,2,0,8,0,5,1,1,0,3,1,3,0,0,7,7,0,2,1,0,3,3,1,2
1838,0,5,3,4,1,5,1,0,0,7,1,1,2,2,6,7,0,2,1,4,2,5,0,0
1839,0,5,2,3,0,5,1,1,0,5,1,3,2,0,7,7,0,2,1,0,2,3,1,2
1840,0,5,0,3,0,5,1,1,0,3,1,3,0,2,7,7,0,2,1,0,2,0,1,2
1841,0,2,0,8,0,5,1,1,0,7,1,3,2,2,7,7,0,2,1,0,3,0,1,2
1842,0,5,3,3,1,5,1,0,0,7,1,1,2,2,7,6,0,2,1,4,2,4,0,0
1843,1,2,3,4,1,6,1,0,1,4,0,3,2,2,7,7,0,2,1,4,3,3,5,2
1844,0,5,3,2,1,5,1,0,0,7,1,1,2,2,6,3,0,2,1,4,2,4,0,0
1845,0,2,0,8,0,5,1,1,0,7,1,3,2,0,7,7,0,2,1,0,2,3,1,2
1846,0,2,2,3,0,5,1,1,0,3,1,3,0,2,7,7,0,2,1,0,3,0,1,2
1847,0,5,3,3,1,5,1,0,0,10,1,1,2,2,3,6,0,2,1,4,3,4,0,0
1848,0,2,0,3,1,5,1,0,0,7,1,1,2,2,6,7,0,2,1,4,2,4,0,0
1849,0,5,0,4,1,5,1,0,0,10,1,1,2,2,3,7,0,2,1,4,2,4,0,0
1850,0,2,0,2,1,5,1,0,0,5,1,1,2,2,7,6,0,2,1,4,2,4,0,0
1851,0,5,2,8,0,5,1,1,0,3,1,3,0,2,7,7,0,2,1,0,3,0,1,2
1852,0,5,0,2,1,5,1,0,0,10,1,1,2,2,7,3,0,2,1,4,3,4,0,0
1853,0,5,0,4,1,5,1,0,0,7,1,1,2,2,7,6,0,2,1,4,2,4,0,0
1854,0,5,0,3,1,5,1,0,0,9,1,1,2,2,7,7,0,2,1,4,2,5,0,0
1855,0,5,0,4,1,5,1,0,0,5,1,1,2,2,6,7,0,2,1,4,3,5,0,0
1856,0,5,0,9,1,0,1,1,1,10,1,1,2,2,7,7,0,2,1,4,3,4,0,0
1857,0,5,0,2,1,5,1,0,0,10,1,1,2,2,3,3,0,2,1,4,3,4,0,0
1858,1,2,2,8,1,6,1,0,1,10,0,3,2,2,7,7,0,2,1,4,3,4,1,0
1859,0,5,2,8,0,5,1,1,0,3,1,3,0,0,7,7,0,2,1,0,2,3,1,2
1860,0,5,0,2,1,5,1,0,0,9,1,1,2,2,3,3,0,2,1,4,3,5,0,0
1861,0,5,3,4,1,5,1,0,0,10,1,1,2,2,6,6,0,2,1,4,2,4,0,0
1862,0,5,0,8,0,5,1,1,0,3,1,3,0,2,7,7,0,2,1,0,2,0,1,2
1863,0,5,0,3,1,5,1,0,0,10,1,1,2,2,6,7,0,2,1,4,3,5,0,0
1864,0,5,2,3,0,5,1,1,0,5,1,3,2,2,7,7,0,2,1,0,3,3,1,0
1865,0,5,3,2,1,5,1,0,0,10,1,1,2,2,6,3,0,2,1,4,3,5,0,0
1866,0,5,3,4,1,5,1,0,0,9,1,1,2,2,6,7,0,2,1,4,3,4,0,0
1867,0,5,2,8,0,5,1,1,0,7,1,3,0,2,7,7,0,2,1,0,2,0,1,2
1868,0,5,2,4,0,5,1,1,0,5,1,3,2,0,7,7,0,2,1,0,2,0,1,2
1869,0,5,2,8,0,5,1,1,0,5,1,3,2,2,7,7,0,2,1,0,2,3,1,2
1870,0,5,2,4,0,5,1,1,0,5,1,3,2,0,7,7,0,2,1,0,2,3,1,2
1871,0,2,0,2,1,5,1,0,0,5,1,1,2,2,6,3,0,2,1,4,3,5,0,0
1872,0,2,0,8,0,5,1,1,0,5,1,3,2,0,7,7,0,2,1,0,2,0,1,2
1873,0,2,0,3,0,5,1,1,0,4,1,3,2,2,7,7,0,2,1,0,2,0,1,2
1874,0,5,3,2,1,5,1,0,0,10,1,1,2,2,3,3,0,2,1,4,3,4,0,0
1875,0,5,0,2,1,5,1,0,0,7,1,1,2,2,6,7,0,2,1,4,3,5,0,0
1876,0,5,3,3,1,5,1,0,0,9,1,1,2,2,7,7,0,2,1,4,3,4,0,0
1877,0,5,0,2,1,5,1,0,0,7,1,1,2,2,7,3,0,2,1,4,2,5,0,0
1878,0,2,2,4,0,5,1,1,0,3,1,3,2,2,7,7,0,2,1,0,3,3,1,2
1879,0,5,2,8,0,5,1,1,0,5,1,3,2,2,7,7,0,2,1,0,2,0,1,2
1880,0,5,2,8,0,5,1,1,0,3,1,3,2,0,7,7,0,2,1,0,2,0,1,2
1881,0,5,0,8,0,5,1,1,0,4,1,3,2,2,7,7,0,2,1,0,3,0,1,2
1882,0,5,0,2,1,5,1,0,0,9,1,1,2,2,3,6,0,2,1,4,3,4,0,0
1883,0,5,0,4,1,5,1,0,0,9,1,1,2,2,3,3,0,2,1,4,3,5,0,0
1884,0,2,0,4,1,5,1,0,0,10,1,1,2,2,3,6,0,2,1,4,2,4,0,0
1885,0,2,0,8,1,3,1,1,1,7,1,1,2,2,7,7,0,2,1,4,3,4,0,0
1886,0,2,0,8,0,5,1,1,0,4,1,3,0,0,7,7,0,2,1,0,2,0,1,2
1887,1,2,3,8,1,6,1,0,1,5,0,3,2,2,7,7,0,2,1,4,2,3,1,2
1888,0,2,0,3,1,5,1,0,0,5,1,1,2,2,3,3,0,2,1,4,2,4,0,0
1889,0,5,0,4,1,5,1,0,0,10,1,1,2,2,7,3,0,2,1,4,3,4,0,0
1890,0,5,2,8,0,5,1,1,0,4,1,3,0,0,7,7,0,2,1,0,3,0,1,2
1891,0,5,0,8,0,5,1,1,0,3,1,3,0,0,7,7,0,2,1,0,3,0,1,2
1892,0,5,2,4,0,5,1,1,0,3,1,3,2,2,7,7,0,2,1,0,3,0,1,2
1893,0,5,0,4,0,5,1,1,0,5,1,3,2,2,7,7,0,2,1,0,3,0,1,2
1894,0,5,2,3,0,5,1,1,0,3,1,3,2,2,7,7,0,2,1,0,3,0,1,2
1895,0,5,3,4,1,5,1,0,0,10,1,1,2,2,3,3,0,2,1,4,3,4,0,0
1896,0,5,0,4,1,5,1,0,0,9,1,1,2,2,6,6,0,2,1,4,3,5,0,0
1897,0,2,2,3,0,5,1,1,0,4,1,3,0,0,7,7,0,2,1,0,3,3,1,2
1898,0,2,2,4,0,5,1,1,0,5,1,3,0,0,7,7,0,2,1,0,2,0,1,2
1899,0,5,2,3,0,5,1,1,0,7,1,3,0,2,7,7,0,2,1,0,3,3,1,0
1900,0,2,0,3,1,5,1,0,0,5,1,1,2,2,6,7,0,2,1,4,2,5,0,0
1901,0,5,2,8,0,5,1,1,0,3,1,3,0,0,7,7,0,2,1,0,3,0,1,2
1902,0,2,0,4,0,5,1,1,0,4,1,3,2,0,7,7,0,2,1,0,3,0,1,2
1903,0,2,2,8,0,5,1,1,0,3,1,3,0,2,7,7,0,2,1,0,2,3,1,2
1904,0,5,0,3,0,5,1,1,0,4,1,3,2,2,7,7,0,2,1,0,3,3,1,2
1905,0,2,0,4,0,5,1,1,0,4,1,3,2,2,7,7,0,2,1,0,3,0,1,2
1906,0,2,0,4,0,5,1,1,0,7,1,3,0,0,7,7,0,2,1,0,2,0,1,0
1907,0,5,0,4,1,5,1,0,0,10,1,1,2,2,7,6,0,2,1,4,3,4,0,0
1908,0,2,2,3,0,5,1,1,0,3,1,3,2,0,7,7,0,2,1,0,2,0,1,2
1909,0,2,2,8,0,5,1,1,0,5,1,3,0,0,7,7,0,2,1,0,3,3,1,2
1910,0,5,3,2,1,5,1,0,0,7,1,1,2,2,3,7,0,2,1,4,2,4,0,0
1911,0,5,3,3,1,5,1,0,0,9,1,1,2,2,3,3,0,2,1,4,2,4,0,0
1912,0,5,3,2,1,5,1,0,0,5,1,1,2,2,3,6,0,2,1,4,2,4,0,0
1913,0,5,0,3,0,5,1,1,0,3,1,3,2,2,7,7,0,2,1,0,2,3,1,2
1914,0,2,0,3,0,5,1,1,0,7,1,3,0,2,7,7,0,2,1,0,3,0,1,0
1915,0,2,3,9,1,3,1,0,0,7,0,4,2,3,7,7,0,2,1,4,3,5,1,2
1916,1,2,3,8,1,6,1,0,1,10,0,3,2,2,7,7,0,2,1,4,2,4,5,0
1917,0,2,2,4,0,5,1,1,0,3,1,3,0,0,7,7,0,2,1,0,2,0,1,2
1918,0,2,0,4,0,5,1,1,0,4,1,3,2,0,7,7,0,2,1,0,2,3,1,2
1919,0,2,0,4,1,5,1,0,0,7,1,1,2,2,3,7,0,2,1,4,2,4,0,0
1920,0,5,0,2,1,5,1,0,0,9,1,1,2,2,3,7,0,2,1,4,2,5,0,0
1921,0,2,0,3,0,5,1,1,0,7,1,3,2,2,7,7,0,2,1,0,3,0,1,0
1922,0,5,0,4,0,5,1,1,0,5,1,3,0,2,7,7,0,2,1,0,2,3,1,2
1923,0,5,0,3,0,5,1,1,0,3,1,3,0,0,7,7,0,2,1,0,3,3,1,2
1924,0,5,3,2,1,5,1,0,0,10,1,1,2,2,3,7,0,2,1,4,3,4,0,0
1925,0,2,0,4,1,5,1,0,0,10,1,1,2,2,3,7,0,2,1,4,2,4,0,0
1926,0,5,0,4,0,5,1,1,0,7,1,3,2,0,7,7,0,2,1,0,2,3,1,0
1927,0,5,0,4,0,5,1,1,0,7,1,3,2,0,7,7,0,2,1,0,2,0,1,0
1928,0,2,2,8,0,5,1,1,0,3,1,3,2,0,7,7,0,2,1,0,2,3,1,2
1929,0,2,2,3,0,5,1,1,0,7,1,3,2,2,7,7,0,2,1,0,2,3,1,0
1930,1,2,3,8,1,6,1,0,1,10,0,3,2,2,7,7,0,2,1,4,2,3,5,0
1931,0,0,2,8,1,0,1,0,0,4,0,2,2,2,7,7,0,2,1,4,3,3,1,2
1932,0,5,0,4,1,5,1,0,0,10,1,1,2,2,3,7,0,2,1,4,3,4,0,0
1933,0,2,0,3,0,5,1,1,0,4,1,3,0,0,7,7,0,2,1,0,2,0,1,2
1934,0,5,0,4,0,5,1,1,0,4,1,3,0,2,7,7,0,2,1,0,3,3,1,2
1935,0,5,2,4,0,5,1,1,0,4,1,3,2,0,7,7,0,2,1,0,3,3,1,2
1936,0,2,2,8,1,3,1,1,1,5,1,1,2,2,7,7,0,2,1,4,6,4,0,2
1937,0,5,0,8,0,5,1,1,0,3,1,3,2,2,7,7,0,2,1,0,3,0,1,2
1938,0,5,2,8,0,5,1,1,0,3,1,3,0,2,7,7,0,2,1,0,2,0,1,2
1939,0,5,2,3,0,5,1,1,0,4,1,3,0,2,7,7,0,2,1,0,2,3,1,2
1940,0,5,3,2,1,5,1,0,0,7,1,1,2,2,7,6,0,2,1,4,2,4,0,0
1941,0,2,0,4,1,5,1,0,0,5,1,1,2,2,3,6,0,2,1,4,2,4,0,0
1942,0,5,0,4,1,5,1,0,0,5,1,1,2,2,7,7,0,2,1,4,2,4,0,0
1943,0,2,0,8,0,5,1,1,0,4,1,3,2,2,7,7,0,2,1,0,2,3,1,2
1944,0,2,2,4,0,5,1,1,0,5,1,3,0,2,7,7,0,2,1,0,3,3,1,2
1945,1,2,2,8,1,6,1,0,1,4,0,3,2,2,7,7,0,2,1,4,3,4,5,2
1946,0,2,0,4,0,5,1,1,0,7,1,3,0,0,7,7,0,2,1,0,3,3,1,0
1947,0,5,3,3,1,5,1,0,0,10,1,1,2,2,3,3,0,2,1,4,3,5,0,0
1948,0,5,3,3,1,5,1,0,0,5,1,1,2,2,3,3,0,2,1,4,3,4,0,0
1949,0,5,0,3,0,5,1,1,0,7,1,3,2,2,7,7,0,2,1,0,3,0,1,0
1950,0,5,0,3,1,5,1,0,0,10,1,1,2,2,6,6,0,2,1,4,3,4,0,0
1951,0,5,3,2,1,5,1,0,0,9,1,1,2,2,6,6,0,2,1,4,3,4,0,0
1952,0,5,0,3,1,5,1,0,0,7,1,1,2,2,3,6,0,2,1,4,2,5,0,0
1953,0,5,0,3,1,5,1,0,0,9,1,1,2,2,6,7,0,2,1,4,3,4,0,0
1954,0,5,0,4,1,5,1,0,0,7,1,1,2,2,6,3,0,2,1,4,2,4,0,0
1955,1,5,2,8,1,6,1,0,1,7,0,3,2,2,7,7,0,2,1,4,2,4,1,0
1956,0,5,0,4,0,5,1,1,0,4,1,3,2,2,7,7,0,2,1,0,2,3,1,2
1957,0,5,3,4,1,5,1,0,0,10,1,1,2,2,6,6,0,2,1,4,3,4,0,0
1958,0,5,0,3,1,5,1,0,0,7,1,1,2,2,7,3,0,2,1,4,3,5,0,0
1959,1,2,3,4,1,6,1,0,1,10,0,3,2,2,7,7,0,2,1,4,3,3,1,0
1960,0,5,0,3,1,5,1,0,0,9,1,1,2,2,7,3,0,2,1,4,2,5,0,0
1961,0,5,0,3,0,5,1,1,0,3,1,3,2,0,7,7,0,2,1,0,2,3,1,2
1962,0,5,0,2,1,5,1,0,0,9,1,1,2,2,3,3,0,2,1,4,2,4,0,0
1963,0,2,0,4,0,5,1,1,0,4,1,3,0,2,7,7,0,2,1,0,3,3,1,2
1964,0,2,2,8,0,5,1,1,0,3,1,3,0,0,7,7,0,2,1,0,3,0,1,2
1965,0,2,2,4,0,5,1,1,0,7,1,3,2,2,7,7,0,2,1,0,2,3,1,0
1966,0,5,3,2,1,5,1,0,0,10,1,1,2,2,7,3,0,2,1,4,3,4,0,0
1967,0,2,2,4,0,5,1,1,0,4,1,3,0,0,7,7,0,2,1,0,2,3,1,2
1968,0,2,0,4,1,5,1,0,0,5,1,1,2,2,6,6,0,2,1,4,3,4,0,0
1969,0,2,2,8,0,5,1,1,0,3,1,3,2,2,7,7,0,2,1,0,2,3,1,2
1970,0,5,0,4,0,5,1,1,0,4,1,3,0,0,7,7,0,2,1,0,2,0,1,2
1971,0,2,0,4,0,5,1,1,0,3,1,3,2,0,7,7,0,2,1,0,3,3,1,2
1972,1,5,2,4,1,6,1,0,1,10,0,3,2,2,7,7,0,2,1,4,2,4,5,0
1973,0,5,0,4,1,5,1,0,0,7,1,1,2,2,7,7,0,2,1,4,2,5,0,0
1974,0,2,2,4,0,5,1,1,0,4,1,3,0,2,7,7,0,2,1,0,3,3,1,2
1975,1,2,3,8,1,6,1,0,1,5,0,3,2,2,7,7,0,2,1,4,3,3,1,2
1976,0,5,0,4,1,5,1,0,0,5,1,1,2,2,6,3,0,2,1,4,3,4,0,0
1977,0,5,0,3,1,5,1,0,0,9,1,1,2,2,7,6,0,2,1,4,3,5,0,0
1978,0,2,0,4,0,5,1,1,0,7,1,3,0,0,7,7,0,2,1,0,3,0,1,0
1979,0,5,0,2,1,5,1,0,0,7,1,1,2,2,3,3,0,2,1,4,2,4,0,0
1980,0,2,0,8,0,5,1,1,0,7,1,3,2,2,7,7,0,2,1,0,3,3,1,2
1981,0,5,0,8,0,5,1,1,0,3,1,3,0,0,7,7,0,2,1,0,2,3,1,2
1982,0,5,3,8,1,3,1,0,0,4,0,2,2,2,7,7,0,2,1,4,2,2,3,2
1983,0,5,2,8,0,5,1,1,0,7,1,3,0,2,7,7,0,2,1,0,3,3,1,2
1984,0,5,3,3,1,5,1,0,0,9,1,1,2,2,6,3,0,2,1,4,3,4,0,0
1985,0,5,0,3,1,5,1,0,0,5,1,1,2,2,3,7,0,2,1,4,2,5,0,0
1986,0,5,2,3,0,5,1,1,0,5,1,3,0,2,7,7,0,2,1,0,3,0,1,2
1987,1,2,3,8,1,6,1,0,1,5,0,3,2,2,7,7,0,2,1,4,3,3,5,2
1988,0,5,0,2,1,5,1,0,0,10,1,1,2,2,7,6,0,2,1,4,3,4,0,0
1989,1,2,2,4,1,6,1,0,1,5,0,3,2,2,7,7,0,2,1,4,2,3,5,0
1990,1,2,3,4,1,6,1,0,1,10,0,3,2,2,7,7,0,2,1,4,3,4,1,0
1991,0,5,0,3,1,5,1,0,0,7,1,1,2,2,6,6,0,2,1,4,3,4,0,0
1992,0,2,2,4,0,5,1,1,0,3,1,3,2,0,7,7,0,2,1,0,3,0,1,2
1993,0,5,0,3,1,5,1,0,0,7,1,1,2,2,3,7,0,2,1,4,3,5,0,0
1994,0,5,0,4,0,5,1,1,0,3,1,3,2,0,7,7,0,2,1,0,2,0,1,2
1995,0,5,0,4,1,5,1,0,0,10,1,1,2,2,6,3,0,2,1,4,3,5,0,0
1996,0,2,2,4,0,5,1,1,0,7,1,3,0,2,7,7,0,2,1,0,3,3,1,0
1997,0,2,0,4,0,5,1,1,0,7,1,3,2,0,7,7,0,2,1,0,2,0,1,0
1998,0,5,2,4,0,5,1,1,0,4,1,3,0,0,7,7,0,2,1,0,2,0,1,2
1999,0,5,2,4,0,5,1,1,0,4,1,3,2,0,7,7,0,2,1,0,2,3,1,2
2000,0,5,0,4,1,5,1,0,0,10,1,1,2,2,3,3,0,2,1,4,3,4,0,0
2001,0,5,3,2,1,5,1,0,0,9,1,1,2,2,3,7,0,2,1,4,3,4,0,0
2002,0,2,2,4,0,5,1,1,0,4,1,3,0,0,7,7,0,2,1,0,2,0,1,2
2003,0,5,0,4,1,5,1,0,0,10,1,1,2,2,3,3,0,2,1,4,2,5,0,0
2004,1,2,3,8,1,6,1,0,1,10,0,3,2,2,7,7,0,2,1,4,3,4,5,0
2005,0,5,3,9,1,3,1,0,0,5,0,4,2,3,7,7,0,2,1,4,3,3,1,2
2006,1,2,2,4,1,6,1,0,1,7,0,3,2,2,7,7,0,2,1,4,2,3,1,0
2007,0,2,0,8,0,5,1,1,0,3,1,3,0,2,7,7,0,2,1,0,3,3,1,2
2008,0,2,0,4,0,5,1,1,0,5,1,3,0,0,7,7,0,2,1,0,2,0,1,2
2009,1,2,2,4,1,6,1,0,1,10,0,3,2,2,7,7,0,2,1,4,3,4,1,0
2010,0,5,2,4,0,5,1,1,0,4,1,3,0,0,7,7,0,2,1,0,3,0,1,2
2011,0,5,0,4,0,5,1,1,0,5,1,3,2,0,7,7,0,2,1,0,2,3,1,2
2012,0,5,0,2,1,5,1,0,0,9,1,1,2,2,3,7,0,2,1,4,2,4,0,0
2013,0,2,0,4,0,5,1,1,0,4,1,3,2,2,7,7,0,2,1,0,2,0,1,2
2014,0,5,0,8,0,5,1,1,0,4,1,3,2,2,7,7,0,2,1,0,3,3,1,2
2015,0,2,2,3,0,5,1,1,0,7,1,3,0,2,7,7,0,2,1,0,3,0,1,0
2016,0,2,0,8,0,5,1,1,0,3,1,3,0,2,7,7,0,2,1,0,2,3,1,2
2017,0,2,2,9,1,0,1,1,1,5,1,1,2,2,7,7,0,2,1,4,3,4,0,2
2018,0,2,0,8,1,0,1,1,1,5,1,1,2,2,7,7,0,2,1,4,3,4,0,2
2019,0,2,0,4,0,5,1,1,0,7,1,3,2,0,7,7,0,2,1,0,3,0,1,0
2020,0,5,0,4,1,5,1,0,0,9,1,1,2,2,7,7,0,2,1,4,3,5,0,0
2021,0,5,3,3,1,5,1,0,0,5,1,1,2,2,3,6,0,2,1,4,2,5,0,0
2022,0,5,0,4,1,5,1,0,0,9,1,1,2,2,7,3,0,2,1,4,3,5,0,0
2023,0,5,0,4,0,5,1,1,0,4,1,3,2,0,7,7,0,2,1,0,2,3,1,2
2024,0,5,0,3,1,5,1,0,0,9,1,1,2,2,7,7,0,2,1,4,3,5,0,0
2025,0,5,0,4,1,5,1,0,0,5,1,1,2,2,6,6,0,2,1,4,2,4,0,0
2026,0,5,0,3,0,5,1,1,0,7,1,3,0,2,7,7,0,2,1,0,2,0,1,0
2027,0,5,0,4,1,5,1,0,0,5,1,1,2,2,7,6,0,2,1,4,3,4,0,0
2028,0,5,2,4,0,5,1,1,0,3,1,3,0,0,7,7,0,2,1,0,2,0,1,2
2029,0,0,3,8,1,3,1,0,0,4,0,2,2,2,7,7,0,2,1,4,2,3,3,2
2030,0,5,3,2,1,5,1,0,0,9,1,1,2,2,7,6,0,2,1,4,2,4,0,0
2031,0,2,2,4,0,5,1,1,0,3,1,3,2,0,7,7,0,2,1,0,3,3,1,2
2032,0,5,0,2,1,5,1,0,0,10,1,1,2,2,6,6,0,2,1,4,2,5,0,0
2033,0,2,3,4,1,5,1,0,0,7,1,1,2,2,3,3,0,2,1,4,2,5,0,0
2034,0,5,3,3,1,5,1,0,0,9,1,1,2,2,6,3,0,2,1,4,2,4,0,0
2035,0,5,2,3,0,5,1,1,0,7,1,3,2,2,7,7,0,2,1,0,3,0,1,0
2036,0,5,2,4,0,5,1,1,0,4,1,3,0,2,7,7,0,2,1,0,2,3,1,2
2037,0,5,0,3,0,5,1,1,0,7,1,3,0,0,7,7,0,2,1,0,3,0,1,0
2038,0,5,2,3,0,5,1,1,0,5,1,3,2,2,7,7,0,2,1,0,2,0,1,2
2039,0,5,3,2,1,5,1,0,0,10,1,1,2,2,7,6,0,2,1,4,2,5,0,0
2040,0,2,0,3,1,5,1,0,0,10,1,1,2,2,6,7,0,2,1,4,3,5,0,0
2041,0,2,0,4,1,5,1,0,0,5,1,1,2,2,6,7,0,2,1,4,2,5,0,0
2042,0,5,0,4,0,5,1,1,0,4,1,3,0,0,7,7,0,2,1,0,3,3,1,2
2043,0,2,2,4,0,5,1,1,0,5,1,3,2,0,7,7,0,2,1,0,3,3,1,2
2044,0,5,0,8,0,5,1,1,0,5,1,3,2,2,7,7,0,2,1,0,2,3,1,2
2045,0,5,3,9,1,0,1,0,0,7,0,4,2,3,7,7,0,2,1,4,3,3,4,2
2046,0,5,0,2,1,5,1,0,0,9,1,1,2,2,7,6,0,2,1,4,3,4,0,0
2047,0,5,0,4,0,5,1,1,0,3,1,3,0,2,7,7,0,2,1,0,2,3,1,2
2048,0,5,3,4,1,5,1,0,0,7,1,1,2,2,7,3,0,2,1,4,2,4,0,0
2049,0,2,0,3,1,5,1,0,0,5,1,1,2,2,7,6,0,2,1,4,3,5,0,0
2050,0,5,0,8,0,5,1,1,0,4,1,3,0,2,7,7,0,2,1,0,3,0,1,2
2051,0,5,3,8,1,0,1,0,0,4,0,2,2,2,7,7,0,2,1,4,2,3,3,2
2052,0,5,2,4,0,5,1,1,0,7,1,3,2,2,7,7,0,2,1,0,3,3,1,0
2053,0,2,2,8,0,5,1,1,0,7,1,3,2,2,7,7,0,2,1,0,3,0,1,2
2054,0,2,0,4,1,5,1,0,0,9,1,1,2,2,3,7,0,2,1,4,3,4,0,0
2055,0,2,0,8,0,5,1,1,0,4,1,3,0,0,7,7,0,2,1,0,2,3,1,2
2056,0,5,0,3,1,5,1,0,0,9,1,1,2,2,3,6,0,2,1,4,3,4,0,0
2057,0,5,0,4,1,5,1,0,0,7,1,1,2,2,7,3,0,2,1,4,3,5,0,0
2058,0,5,0,8,0,5,1,1,0,7,1,3,2,0,7,7,0,2,1,0,3,0,1,2
2059,0,5,2,8,1,0,1,0,0,5,0,2,2,2,7,7,0,2,1,4,2,2,3,2
2060,0,2,2,3,0,5,1,1,0,5,1,3,0,2,7,7,0,2,1,0,3,3,1,2
2061,1,2,3,4,1,6,1,0,1,5,0,3,2,2,7,7,0,2,1,4,3,4,1,0
2062,0,2,0,3,0,5,1,1,0,7,1,3,0,2,7,7,0,2,1,0,3,3,1,0
2063,0,5,0,4,1,5,1,0,0,5,1,1,2,2,6,7,0,2,1,4,3,4,0,0
2064,0,5,0,8,0,5,1,1,0,5,1,3,2,0,7,7,0,2,1,0,3,3,1,2
2065,0,5,3,4,1,5,1,0,0,9,1,1,2,2,6,7,0,2,1,4,2,4,0,0
2066,0,5,3,2,1,5,1,0,0,7,1,1,2,2,6,6,0,2,1,4,3,4,0,0
2067,1,2,2,4,1,6,1,0,1,5,0,3,2,2,7,7,0,2,1,4,2,4,5,0
2068,0,2,2,3,0,5,1,1,0,7,1,3,2,2,7,7,0,2,1,0,3,0,1,0
2069,0,5,0,3,1,5,1,0,0,5,1,1,2,2,7,3,0,2,1,4,2,5,0,0
2070,0,2,0,3,1,5,1,0,0,5,1,1,2,2,3,6,0,2,1,4,2,5,0,0
2071,0,5,0,3,1,5,1,0,0,5,1,1,2,2,7,3,0,2,1,4,2,4,0,0
2072,0,5,0,3,1,5,1,0,0,10,1,1,2,2,6,6,0,2,1,4,3,5,0,0
2073,0,5,0,4,1,5,1,0,0,9,1,1,2,2,6,3,0,2,1,4,2,5,0,0
2074,1,5,2,8,1,6,1,0,1,7,0,3,2,2,7,7,0,2,1,4,3,4,5,2
2075,0,5,2,9,1,3,1,0,0,4,0,2,2,2,7,7,0,2,1,4,2,2,3,2
2076,0,5,0,4,1,5,1,0,0,5,1,1,2,2,6,6,0,2,1,4,3,4,0,0
2077,0,2,3,4,1,5,1,0,0,10,1,1,2,2,7,7,0,2,1,4,3,5,0,0
2078,0,5,2,3,0,5,1,1,0,5,1,3,0,0,7,7,0,2,1,0,3,3,1,2
2079,0,5,3,2,1,5,1,0,0,9,1,1,2,2,7,6,0,2,1,4,3,5,0,0
2080,0,5,0,3,0,5,1,1,0,4,1,3,0,2,7,7,0,2,1,0,3,3,1,2
2081,0,2,2,8,0,5,1,1,0,7,1,3,0,2,7,7,0,2,1,0,3,3,1,2
2082,0,5,0,4,1,5,1,0,0,5,1,1,2,2,3,3,0,2,1,4,3,4,0,0
2083,0,2,0,4,1,5,1,0,0,9,1,1,2,2,7,6,0,2,1,4,3,4,0,0
2084,0,2,0,3,0,5,1,1,0,5,1,3,2,0,7,7,0,2,1,0,2,3,1,2
2085,0,2,0,3,0,5,1,1,0,5,1,3,2,2,7,7,0,2,1,0,2,3,1,2
2086,0,2,0,4,0,5,1,1,0,3,1,3,0,0,7,7,0,2,1,0,3,3,1,2
2087,0,5,0,3,1,5,1,0,0,7,1,1,2,2,3,7,0,2,1,4,2,5,0,0
2088,0,5,0,2,1,5,1,0,0,5,1,1,2,2,6,3,0,2,1,4,3,5,0,0
2089,1,2,3,4,1,6,1,0,1,7,0,3,2,2,7,7,0,2,1,4,2,3,5,0
2090,0,5,3,3,1,5,1,0,0,7,1,1,2,2,3,3,0,2,1,4,2,4,0,0
2091,0,5,2,8,0,5,1,1,0,4,1,3,2,0,7,7,0,2,1,0,3,0,1,2
2092,0,0,2,8,1,0,1,0,0,2,0,2,2,2,7,7,0,2,1,4,3,3,3,2
2093,0,5,2,8,0,5,1,1,0,3,1,3,0,0,7,7,0,2,1,0,3,3,1,2
2094,0,2,0,4,0,5,1,1,0,4,1,3,0,0,7,7,0,2,1,0,2,3,1,2
2095,0,5,3,3,1,5,1,0,0,7,1,1,2,2,3,7,0,2,1,4,2,5,0,0
2096,0,2,0,3,1,5,1,0,0,5,1,1,2,2,7,7,0,2,1,4,3,4,0,0
2097,0,5,0,3,0,5,1,1,0,7,1,3,0,2,7,7,0,2,1,0,2,3,1,0
2098,1,5,2,8,1,6,1,0,1,5,0,3,2,2,7,7,0,2,1,4,2,3,1,2
2099,0,5,2,4,0,5,1,1,0,4,1,3,2,2,7,7,0,2,1,0,3,0,1,2
2100,0,5,3,3,1,5,1,0,0,7,1,1,2,2,7,3,0,2,1,4,2,5,0,0
2101,0,2,0,3,1,5,1,0,0,7,1,1,2,2,7,7,0,2,1,4,3,4,0,0
2102,0,5,3,4,1,5,1,0,0,10,1,1,2,2,6,7,0,2,1,4,3,4,0,0
2103,0,5,0,2,1,5,1,0,0,7,1,1,2,2,6,3,0,2,1,4,3,5,0,0
2104,0,2,0,4,1,5,1,0,0,10,1,1,2,2,3,6,0,2,1,4,3,5,0,0
2105,0,5,0,2,1,5,1,0,0,9,1,1,2,2,3,3,0,2,1,4,2,5,0,0
2106,0,2,0,4,1,5,1,0,0,7,1,1,2,2,7,7,0,2,1,4,3,4,0,0
2107,0,5,3,2,1,5,1,0,0,9,1,1,2,2,6,6,0,2,1,4,2,5,0,0
2108,0,5,0,3,1,5,1,0,0,10,1,1,2,2,6,7,0,2,1,4,2,4,0,0
2109,0,2,0,3,1,5,1,0,0,7,1,1,2,2,7,7,0,2,1,4,2,4,0,0
2110,0,5,0,2,1,5,1,0,0,10,1,1,2,2,3,7,0,2,1,4,2,4,0,0
2111,0,5,3,2,1,5,1,0,0,9,1,1,2,2,3,6,0,2,1,4,3,4,0,0
2112,1,5,2,8,1,6,1,0,1,10,0,3,2,2,7,7,0,2,1,4,3,4,1,0
2113,0,5,0,2,1,5,1,0,0,5,1,1,2,2,6,3,0,2,1,4,3,4,0,0
2114,0,5,3,3,1,5,1,0,0,7,1,1,2,2,7,7,0,2,1,4,2,4,0,0
2115,0,5,0,4,1,5,1,0,0,7,1,1,2,2,3,3,0,2,1,4,3,5,0,0
2116,0,5,3,2,1,5,1,0,0,10,1,1,2,2,7,3,0,2,1,4,2,5,0,0
2117,0,5,3,3,1,5,1,0,0,5,1,1,2,2,3,6,0,2,1,4,2,4,0,0
2118,0,5,0,3,1,5,1,0,0,5,1,1,2,2,6,6,0,2,1,4,2,4,0,0
2119,0,5,3,3,1,5,1,0,0,9,1,1,2,2,3,7,0,2,1,4,2,4,0,0
2120,0,5,0,2,1,5,1,0,0,7,1,1,2,2,7,7,0,2,1,4,3,5,0,0
2121,0,2,3,2,1,5,1,0,0,5,1,1,2,2,7,7,0,2,1,4,3,5,0,0
2122,0,2,0,4,1,5,1,0,0,7,1,1,2,2,3,6,0,2,1,4,2,4,0,0
2123,0,5,0,4,1,5,1,0,0,9,1,1,2,2,7,6,0,2,1,4,2,4,0,0
2124,0,2,3,3,1,5,1,0,0,10,1,1,2,2,6,6,0,2,1,4,2,4,0,0
2125,0,5,3,2,1,5,1,0,0,9,1,1,2,2,6,3,0,2,1,4,3,4,0,0
2126,0,5,0,3,1,5,1,0,0,7,1,1,2,2,3,3,0,2,1,4,3,5,0,0
2127,0,5,3,3,1,5,1,0,0,5,1,1,2,2,7,6,0,2,1,4,2,4,0,0
2128,1,5,0,3,0,2,1,0,0,7,0,1,1,1,0,0,0,2,1,2,1,5,1,0
2129,1,2,2,8,1,6,1,0,1,7,0,3,2,2,7,7,0,2,1,4,2,3,1,0
2130,0,5,0,2,1,5,1,0,0,5,1,1,2,2,6,7,0,2,1,4,2,4,0,0
2131,0,5,0,8,0,5,1,1,0,3,1,3,2,2,7,7,0,2,1,0,3,3,1,2
2132,0,5,3,4,1,5,1,0,0,9,1,1,2,2,3,7,0,2,1,4,3,4,0,0
2133,0,2,0,4,1,5,1,0,0,5,1,1,2,2,3,7,0,2,1,4,3,5,0,0
2134,0,5,0,4,1,5,1,0,0,10,1,1,2,2,6,3,0,2,1,4,3,4,0,0
2135,0,5,3,3,1,5,1,0,0,9,1,1,2,2,6,7,0,2,1,4,3,5,0,0
2136,0,5,3,3,1,5,1,0,0,10,1,1,2,2,3,7,0,2,1,4,3,4,0,0
2137,0,5,0,2,1,5,1,0,0,9,1,1,2,2,7,6,0,2,1,4,2,4,0,0
2138,0,5,3,4,1,5,1,0,0,5,1,1,2,2,7,3,0,2,1,4,3,5,0,0
2139,0,5,0,3,1,5,1,0,0,10,1,1,2,2,6,3,0,2,1,4,2,5,0,0
2140,0,5,0,2,1,5,1,0,0,10,1,1,2,2,6,7,0,2,1,4,2,4,0,0
2141,0,5,3,2,1,5,1,0,0,9,1,1,2,2,7,3,0,2,1,4,2,4,0,0
2142,0,5,3,4,1,5,1,0,0,7,1,1,2,2,6,7,0,2,1,4,3,5,0,0
2143,0,5,3,2,1,5,1,0,0,5,1,1,2,2,7,7,0,2,1,4,2,5,0,0
2144,0,2,3,4,1,5,1,0,0,7,1,1,2,2,7,3,0,2,1,4,3,4,0,0
2145,0,2,3,4,1,5,1,0,0,5,1,1,2,2,6,7,0,2,1,4,2,4,0,0
2146,0,5,3,4,1,5,1,0,0,5,1,1,2,2,3,3,0,2,1,4,3,4,0,0
2147,1,2,2,4,1,6,1,0,1,5,0,3,2,2,7,7,0,2,1,4,3,4,5,0
2148,0,2,0,2,1,5,1,0,0,9,1,1,2,2,7,7,0,2,1,4,3,5,0,0
2149,1,5,2,8,1,6,1,0,1,10,0,3,2,2,7,7,0,2,1,4,2,3,1,0
2150,0,5,0,2,1,5,1,0,0,9,1,1,2,2,3,6,0,2,1,4,2,5,0,0
2151,0,2,0,4,1,5,1,0,0,7,1,1,2,2,3,3,0,2,1,4,2,5,0,0
2152,0,5,3,4,1,5,1,0,0,9,1,1,2,2,6,3,0,2,1,4,3,4,0,0
2153,0,2,0,2,1,5,1,0,0,7,1,1,2,2,7,3,0,2,1,4,3,4,0,0
2154,0,5,0,2,1,5,1,0,0,5,1,1,2,2,7,3,0,2,1,4,3,5,0,0
2155,0,5,0,3,1,5,1,0,0,7,1,1,2,2,3,6,0,2,1,4,3,4,0,0
2156,0,5,3,4,1,5,1,0,0,5,1,1,2,2,6,3,0,2,1,4,3,5,0,0
2157,0,2,0,4,1,5,1,0,0,9,1,1,2,2,7,3,0,2,1,4,3,4,0,0
2158,0,2,0,4,1,5,1,0,0,10,1,1,2,2,6,6,0,2,1,4,3,5,0,0
2159,0,5,0,2,1,5,1,0,0,9,1,1,2,2,7,3,0,2,1,4,2,4,0,0
2160,0,5,0,4,1,5,1,0,0,9,1,1,2,2,7,3,0,2,1,4,2,5,0,0
2161,0,5,0,2,1,5,1,0,0,7,1,1,2,2,3,7,0,2,1,4,3,5,0,0
2162,0,2,0,3,1,5,1,0,0,7,1,1,2,2,3,6,0,2,1,4,2,4,0,0
2163,0,5,3,4,1,5,1,0,0,9,1,1,2,2,7,6,0,2,1,4,2,5,0,0
2164,0,2,0,4,1,5,1,0,0,9,1,1,2,2,7,6,0,2,1,4,3,5,0,0
2165,0,5,0,2,1,5,1,0,0,5,1,1,2,2,7,6,0,2,1,4,3,5,0,0
2166,0,5,3,2,1,5,1,0,0,10,1,1,2,2,6,7,0,2,1,4,3,5,0,0
2167,0,5,0,3,1,5,1,0,0,7,1,1,2,2,6,3,0,2,1,4,2,5,0,0
2168,0,5,3,3,1,5,1,0,0,5,1,1,2,2,3,3,0,2,1,4,2,5,0,0
2169,0,5,3,2,1,5,1,0,0,7,1,1,2,2,6,3,0,2,1,4,3,4,0,0
2170,0,5,3,3,1,5,1,0,0,7,1,1,2,2,3,6,0,2,1,4,2,4,0,0
2171,0,5,0,3,1,5,1,0,0,5,1,1,2,2,3,3,0,2,1,4,3,4,0,0
2172,0,2,0,3,1,5,1,0,0,5,1,1,2,2,3,3,0,2,1,4,3,4,0,0
2173,0,5,3,3,1,5,1,0,0,5,1,1,2,2,3,7,0,2,1,4,2,4,0,0
2174,0,5,3,2,1,5,1,0,0,5,1,1,2,2,7,3,0,2,1,4,3,5,0,0
2175,0,2,0,4,1,5,1,0,0,7,1,1,2,2,7,6,0,2,1,4,2,4,0,0
2176,0,2,0,4,1,5,1,0,0,10,1,1,2,2,3,7,0,2,1,4,2,5,0,0
2177,0,5,3,2,1,5,1,0,0,7,1,1,2,2,7,7,0,2,1,4,3,4,0,0
2178,1,5,0,3,0,2,1,0,0,7,0,1,1,1,4,6,0,2,1,2,1,5,0,0
2179,0,5,3,3,1,5,1,0,0,9,1,1,2,2,6,7,0,2,1,4,2,5,0,0
2180,0,5,0,2,1,5,1,0,0,10,1,1,2,2,6,3,0,2,1,4,3,5,0,0
2181,0,5,3,4,1,5,1,0,0,9,1,1,2,2,3,6,0,2,1,4,3,4,0,0
2182,0,2,0,4,1,5,1,0,0,7,1,1,2,2,3,7,0,2,1,4,3,5,0,0
2183,0,5,3,2,1,5,1,0,0,10,1,1,2,2,3,6,0,2,1,4,2,4,0,0
2184,0,2,0,4,1,5,1,0,0,7,1,1,2,2,3,3,0,2,1,4,2,4,0,0
2185,0,2,3,4,1,5,1,0,0,7,1,1,2,2,7,3,0,2,1,4,2,5,0,0
2186,0,2,0,3,1,5,1,0,0,7,1,1,2,2,7,6,0,2,1,4,2,5,0,0
2187,0,5,0,2,1,5,1,0,0,5,1,1,2,2,6,7,0,2,1,4,2,5,0,0
2188,0,5,0,3,1,5,1,0,0,10,1,1,2,2,3,6,0,2,1,4,2,4,0,0
2189,0,5,0,3,1,5,1,0,0,9,1,1,2,2,3,7,0,2,1,4,3,4,0,0
2190,0,5,0,4,1,5,1,0,0,9,1,1,2,2,6,7,0,2,1,4,2,4,0,0
2191,0,5,0,3,1,5,1,0,0,10,1,1,2,2,7,3,0,2,1,4,2,5,0,0
2192,0,5,2,3,0,5,1,1,0,4,1,3,2,2,7,7,0,2,1,0,3,3,1,2
2193,0,5,3,2,1,5,1,0,0,9,1,1,2,2,6,3,0,2,1,4,2,5,0,0
2194,0,2,0,3,1,5,1,0,0,7,1,1,2,2,6,3,0,2,1,4,2,5,0,0
2195,0,5,3,2,1,5,1,0,0,5,1,1,2,2,3,7,0,2,1,4,3,4,0,0
2196,0,2,0,3,1,5,1,0,0,5,1,1,2,2,3,6,0,2,1,4,2,4,0,0
2197,0,5,0,3,1,5,1,0,0,9,1,1,2,2,7,6,0,2,1,4,2,5,0,0
2198,0,5,0,3,1,5,1,0,0,5,1,1,2,2,6,6,0,2,1,4,3,4,0,0
2199,0,2,0,3,1,5,1,0,0,7,1,1,2,2,7,6,0,2,1,4,3,5,0,0
2200,0,5,2,8,0,5,1,1,0,7,1,3,2,0,7,7,0,2,1,0,3,0,1,2
2201,0,5,0,4,1,5,1,0,0,10,1,1,2,2,3,7,0,2,1,4,3,5,0,0
2202,0,2,0,4,1,5,1,0,0,10,1,1,2,2,6,6,0,2,1,4,2,4,0,0
2203,0,2,0,3,1,5,1,0,0,7,1,1,2,2,3,3,0,2,1,4,2,5,0,0
2204,0,5,3,3,1,5,1,0,0,10,1,1,2,2,7,7,0,2,1,4,2,5,0,0
2205,0,5,0,2,1,5,1,0,0,9,1,1,2,2,7,7,0,2,1,4,3,4,0,0
2206,0,5,3,2,1,5,1,0,0,9,1,1,2,2,3,6,0,2,1,4,2,4,0,0
2207,0,5,0,4,1,5,1,0,0,10,1,1,2,2,3,6,0,2,1,4,2,5,0,0
2208,0,2,3,3,1,5,1,0,0,10,1,1,2,2,7,7,0,2,1,4,2,5,0,0
2209,0,5,3,3,1,5,1,0,0,10,1,1,2,2,6,6,0,2,1,4,3,4,0,0
2210,1,5,2,5,0,1,1,1,1,2,0,1,2,2,7,7,0,2,1,4,3,3,0,2
2211,0,5,3,4,1,5,1,0,0,7,1,1,2,2,3,6,0,2,1,4,3,5,0,0
2212,0,2,0,3,1,5,1,0,0,5,1,1,2,2,6,7,0,2,1,4,2,4,0,0
2213,0,5,3,2,1,5,1,0,0,7,1,1,2,2,7,6,0,2,1,4,2,5,0,0
2214,0,2,0,4,1,5,1,0,0,7,1,1,2,2,6,7,0,2,1,4,3,4,0,0
2215,0,5,3,4,1,5,1,0,0,10,1,1,2,2,7,3,0,2,1,4,3,4,0,0
2216,0,5,0,3,1,5,1,0,0,10,1,1,2,2,3,7,0,2,1,4,3,5,0,0
2217,0,2,0,4,1,5,1,0,0,7,1,1,2,2,3,7,0,2,1,4,3,4,0,0
2218,0,5,3,4,1,5,1,0,0,5,1,1,2,2,6,7,0,2,1,4,2,4,0,0
2219,0,5,3,4,1,5,1,0,0,10,1,1,2,2,6,7,0,2,1,4,2,4,0,0
2220,0,5,0,2,1,5,1,0,0,10,1,1,2,2,6,7,0,2,1,4,3,4,0,0
2221,0,2,0,3,1,5,1,0,0,7,1,1,2,2,7,6,0,2,1,4,2,4,0,0
2222,0,5,3,2,1,5,1,0,0,5,1,1,2,2,7,7,0,2,1,4,3,4,0,0
2223,0,5,3,2,1,5,1,0,0,9,1,1,2,2,3,3,0,2,1,4,3,4,0,0
2224,0,2,0,4,1,5,1,0,0,10,1,1,2,2,6,3,0,2,1,4,3,5,0,0
2225,0,5,0,2,1,5,1,0,0,7,1,1,2,2,7,6,0,2,1,4,2,4,0,0
2226,0,5,0,2,1,5,1,0,0,5,1,1,2,2,6,6,0,2,1,4,3,5,0,0
2227,0,5,0,8,0,5,1,1,0,4,1,3,0,0,7,7,0,2,1,0,3,3,1,2
2228,0,5,3,3,1,5,1,0,0,7,1,1,2,2,3,3,0,2,1,4,2,5,0,0
2229,0,5,0,2,1,5,1,0,0,7,1,1,2,2,3,7,0,2,1,4,2,4,0,0
2230,0,5,3,3,1,5,1,0,0,7,1,1,2,2,6,7,0,2,1,4,3,4,0,0
2231,0,5,0,2,1,5,1,0,0,10,1,1,2,2,7,6,0,2,1,4,2,4,0,0
2232,0,5,0,3,1,5,1,0,0,7,1,1,2,2,7,7,0,2,1,4,3,5,0,0
2233,0,2,3,2,1,5,1,0,0,7,1,1,2,2,7,3,0,2,1,4,3,4,0,0
2234,0,2,3,3,1,5,1,0,0,7,1,1,2,2,6,3,0,2,1,4,2,4,0,0
2235,0,5,3,2,1,5,1,0,0,7,1,1,2,2,6,7,0,2,1,4,2,5,0,0
2236,0,5,3,3,1,5,1,0,0,7,1,1,2,2,7,3,0,2,1,4,3,5,0,0
2237,0,2,0,3,0,5,1,1,0,3,1,3,2,0,7,7,0,2,1,0,2,3,1,2
2238,1,5,0,3,0,2,1,0,0,2,0,1,1,1,0,6,0,2,1,2,1,5,4,2
2239,0,5,0,2,1,5,1,0,0,7,1,1,2,2,3,7,0,2,1,4,2,5,0,0
2240,0,5,3,2,1,5,1,0,0,10,1,1,2,2,7,3,0,2,1,4,3,5,0,0
2241,1,2,2,8,1,6,1,0,1,10,0,3,2,2,7,7,0,2,1,4,2,4,1,0
2242,0,2,3,4,1,5,1,0,0,9,1,1,2,2,7,7,0,2,1,4,2,5,0,0
2243,0,5,0,2,1,5,1,0,0,5,1,1,2,2,6,7,0,2,1,4,3,5,0,0
2244,0,5,3,2,1,5,1,0,0,5,1,1,2,2,6,3,0,2,1,4,2,4,0,0
2245,0,5,0,3,1,5,1,0,0,5,1,1,2,2,3,7,0,2,1,4,2,4,0,0
2246,0,5,3,3,1,5,1,0,0,7,1,1,2,2,3,6,0,2,1,4,3,4,0,0
2247,0,5,0,3,0,5,1,1,0,5,1,3,0,0,7,7,0,2,1,0,3,0,1,2
2248,0,5,0,4,1,5,1,0,0,9,1,1,2,2,3,7,0,2,1,4,3,5,0,0
2249,0,2,0,2,1,5,1,0,0,5,1,1,2,2,3,7,0,2,1,4,2,5,0,0
2250,0,5,3,3,1,5,1,0,0,9,1,1,2,2,3,3,0,2,1,4,3,5,0,0
2251,0,2,0,4,1,5,1,0,0,10,1,1,2,2,3,6,0,2,1,4,2,5,0,0
2252,0,2,0,3,0,5,1,1,0,3,1,3,0,0,7,7,0,2,1,0,3,3,1,2
2253,0,2,0,3,1,5,1,0,0,7,1,1,2,2,6,7,0,2,1,4,3,4,0,0
2254,0,5,3,4,1,5,1,0,0,10,1,1,2,2,7,7,0,2,1,4,2,4,0,0
2255,0,2,0,3,1,5,1,0,0,7,1,1,2,2,6,6,0,2,1,4,2,5,0,0
2256,0,2,3,4,1,5,1,0,0,9,1,1,2,2,7,7,0,2,1,4,3,5,0,0
2257,0,5,0,3,1,5,1,0,0,10,1,1,2,2,6,3,0,2,1,4,3,4,0,0
2258,0,5,3,2,1,5,1,0,0,9,1,1,2,2,6,7,0,2,1,4,3,4,0,0
2259,0,5,3,4,1,5,1,0,0,5,1,1,2,2,6,6,0,2,1,4,3,4,0,0
2260,0,2,2,3,0,5,1,1,0,5,1,3,0,2,7,7,0,2,1,0,3,0,1,2
2261,0,5,0,4,1,5,1,0,0,10,1,1,2,2,7,6,0,2,1,4,2,5,0,0
2262,0,2,0,4,1,5,1,0,0,5,1,1,2,2,7,3,0,2,1,4,2,5,0,0
2263,0,5,3,2,1,5,1,0,0,10,1,1,2,2,6,6,0,2,1,4,3,5,0,0
2264,0,5,3,2,1,5,1,0,0,10,1,1,2,2,6,3,0,2,1,4,2,5,0,0
2265,0,5,3,4,1,5,1,0,0,5,1,1,2,2,6,7,0,2,1,4,2,5,0,0
2266,0,2,2,8,0,5,1,1,0,3,1,3,2,0,7,7,0,2,1,0,2,0,1,2
2267,0,5,3,4,1,5,1,0,0,7,1,1,2,2,3,3,0,2,1,4,3,4,0,0
2268,0,5,3,2,1,5,1,0,0,7,1,1,2,2,7,7,0,2,1,4,2,5,0,0
2269,0,5,0,3,1,5,1,0,0,7,1,1,2,2,6,3,0,2,1,4,3,4,0,0
2270,0,2,0,3,1,5,1,0,0,5,1,1,2,2,6,7,0,2,1,4,3,4,0,0
2271,0,2,0,4,0,5,1,1,0,5,1,3,2,0,7,7,0,2,1,0,2,3,1,2
2272,0,2,0,3,1,5,1,0,0,5,1,1,2,2,7,6,0,2,1,4,2,4,0,0
2273,0,5,3,2,1,5,1,0,0,9,1,1,2,2,3,7,0,2,1,4,2,5,0,0
2274,0,2,0,3,1,5,1,0,0,5,1,1,2,2,7,3,0,2,1,4,2,4,0,0
2275,0,5,3,4,1,5,1,0,0,9,1,1,2,2,7,6,0,2,1,4,3,5,0,0
2276,0,5,0,2,1,5,1,0,0,9,1,1,2,2,6,3,0,2,1,4,2,5,0,0
2277,0,5,0,4,1,5,1,0,0,10,1,1,2,2,7,6,0,2,1,4,3,5,0,0
2278,0,5,0,3,1,5,1,0,0,5,1,1,2,2,7,7,0,2,1,4,3,4,0,0
2279,0,2,0,3,1,5,1,0,0,10,1,1,2,2,3,7,0,2,1,4,3,4,0,0
2280,0,5,0,4,1,5,1,0,0,7,1,1,2,2,6,3,0,2,1,4,2,5,0,0
2281,0,5,3,4,1,5,1,0,0,9,1,1,2,2,6,3,0,2,1,4,3,5,0,0
2282,0,5,0,2,1,5,1,0,0,7,1,1,2,2,7,3,0,2,1,4,3,4,0,0
2283,0,2,0,3,1,5,1,0,0,5,1,1,2,2,7,3,0,2,1,4,2,5,0,0
2284,0,5,3,4,1,5,1,0,0,7,1,1,2,2,7,6,0,2,1,4,2,5,0,0
2285,1,5,2,5,0,1,1,1,1,5,0,1,2,2,7,7,0,2,1,4,2,4,0,2
2286,0,2,3,3,1,5,1,0,0,10,1,1,2,2,3,7,0,2,1,4,2,5,0,0
2287,0,2,0,4,1,5,1,0,0,7,1,1,2,2,7,3,0,2,1,4,3,5,0,0
2288,1,2,2,4,1,6,1,0,1,7,0,3,2,2,7,7,0,2,1,4,2,3,5,0
2289,0,5,3,4,1,5,1,0,0,9,1,1,2,2,7,3,0,2,1,4,2,5,0,0
2290,0,5,3,3,1,5,1,0,0,9,1,1,2,2,3,3,0,2,1,4,2,5,0,0
2291,0,5,3,2,1,5,1,0,0,5,1,1,2,2,3,3,0,2,1,4,2,4,0,0
2292,0,5,3,2,1,5,1,0,0,5,1,1,2,2,6,7,0,2,1,4,3,4,0,0
2293,0,5,3,2,1,5,1,0,0,7,1,1,2,2,7,3,0,2,1,4,2,4,0,0
2294,0,5,0,3,1,5,1,0,0,7,1,1,2,2,6,3,0,2,1,4,3,5,0,0
2295,0,2,2,8,0,5,1,1,0,5,1,3,2,2,7,7,0,2,1,0,2,3,1,2
2296,0,5,3,3,1,5,1,0,0,7,1,1,2,2,7,6,0,2,1,4,3,4,0,0
2297,0,5,0,4,0,5,1,1,0,7,1,3,2,0,7,7,0,2,1,0,3,3,1,0
2298,0,5,0,4,1,5,1,0,0,10,1,1,2,2,3,6,0,2,1,4,3,5,0,0
2299,0,5,3,3,1,5,1,0,0,7,1,1,2,2,6,6,0,2,1,4,2,4,0,0
2300,0,5,3,2,1,5,1,0,0,7,1,1,2,2,7,6,0,2,1,4,3,4,0,0
2301,0,5,3,4,1,5,1,0,0,9,1,1,2,2,3,6,0,2,1,4,2,4,0,0
2302,0,5,0,3,1,5,1,0,0,10,1,1,2,2,6,7,0,2,1,4,3,4,0,0
2303,0,5,0,3,1,5,1,0,0,10,1,1,2,2,6,7,0,2,1,4,2,5,0,0
2304,0,5,3,3,1,5,1,0,0,10,1,1,2,2,6,3,0,2,1,4,2,4,0,0
2305,0,5,3,3,1,5,1,0,0,5,1,1,2,2,6,6,0,2,1,4,3,5,0,0
2306,0,2,3,3,1,5,1,0,0,7,1,1,2,2,3,3,0,2,1,4,3,4,0,0
2307,0,5,0,2,1,5,1,0,0,7,1,1,2,2,7,7,0,2,1,4,2,4,0,0
2308,0,5,3,2,1,5,1,0,0,5,1,1,2,2,3,7,0,2,1,4,2,5,0,0
2309,0,5,0,4,1,5,1,0,0,10,1,1,2,2,6,7,0,2,1,4,3,4,0,0
2310,0,5,0,4,1,5,1,0,0,10,1,1,2,2,6,6,0,2,1,4,3,5,0,0
2311,0,2,0,4,1,5,1,0,0,5,1,1,2,2,3,3,0,2,1,4,2,4,0,0
2312,0,2,0,4,1,5,1,0,0,7,1,1,2,2,6,6,0,2,1,4,3,5,0,0
2313,0,5,3,3,1,5,1,0,0,9,1,1,2,2,6,6,0,2,1,4,3,4,0,0
2314,0,5,0,2,1,5,1,0,0,10,1,1,2,2,7,3,0,2,1,4,2,5,0,0
2315,0,2,3,4,1,5,1,0,0,10,1,1,2,2,6,3,0,2,1,4,2,4,0,0
2316,0,5,3,2,1,5,1,0,0,7,1,1,2,2,7,7,0,2,1,4,2,4,0,0
2317,0,2,3,4,1,5,1,0,0,10,1,1,2,2,7,6,0,2,1,4,2,5,0,0
2318,0,5,3,3,1,5,1,0,0,7,1,1,2,2,7,7,0,2,1,4,2,5,0,0
2319,0,2,0,4,1,5,1,0,0,5,1,1,2,2,6,7,0,2,1,4,3,4,0,0
2320,0,5,3,3,1,5,1,0,0,10,1,1,2,2,3,6,0,2,1,4,2,5,0,0
2321,0,5,3,2,1,5,1,0,0,10,1,1,2,2,6,6,0,2,1,4,2,4,0,0
2322,0,5,3,4,1,5,1,0,0,7,1,1,2,2,7,3,0,2,1,4,2,5,0,0
2323,0,5,0,3,1,5,1,0,0,10,1,1,2,2,7,6,0,2,1,4,2,5,0,0
2324,0,5,0,2,1,5,1,0,0,9,1,1,2,2,7,3,0,2,1,4,3,5,0,0
2325,0,5,0,4,1,5,1,0,0,9,1,1,2,2,6,6,0,2,1,4,2,4,0,0
2326,0,2,0,4,1,5,1,0,0,10,1,1,2,2,3,7,0,2,1,4,3,5,0,0
2327,0,2,3,3,1,5,1,0,0,9,1,1,2,2,6,6,0,2,1,4,3,4,0,0
2328,0,5,0,4,1,5,1,0,0,10,1,1,2,2,6,7,0,2,1,4,2,4,0,0
2329,0,5,3,2,1,5,1,0,0,10,1,1,2,2,6,7,0,2,1,4,2,5,0,0
2330,0,2,0,4,1,5,1,0,0,10,1,1,2,2,6,3,0,2,1,4,2,4,0,0
2331,0,5,3,4,1,5,1,0,0,10,1,1,2,2,3,6,0,2,1,4,2,4,0,0
2332,0,2,0,4,1,5,1,0,0,5,1,1,2,2,7,6,0,2,1,4,2,5,0,0
2333,0,5,3,2,1,5,1,0,0,9,1,1,2,2,7,3,0,2,1,4,3,5,0,0
2334,0,5,3,2,1,5,1,0,0,9,1,1,2,2,6,3,0,2,1,4,3,5,0,0
2335,0,5,0,3,1,5,1,0,0,10,1,1,2,2,3,3,0,2,1,4,3,4,0,0
2336,0,5,0,3,1,5,1,0,0,7,1,1,2,2,7,6,0,2,1,4,3,4,0,0
2337,0,2,0,2,1,5,1,0,0,9,1,1,2,2,7,6,0,2,1,4,3,4,0,0
2338,0,5,0,4,1,5,1,0,0,10,1,1,2,2,7,3,0,2,1,4,3,5,0,0
2339,0,5,3,2,1,5,1,0,0,5,1,1,2,2,6,6,0,2,1,4,3,5,0,0
2340,0,5,3,3,1,5,1,0,0,9,1,1,2,2,6,7,0,2,1,4,3,4,0,0
2341,0,5,3,3,1,5,1,0,0,9,1,1,2,2,7,6,0,2,1,4,2,5,0,0
2342,0,5,0,2,1,5,1,0,0,9,1,1,2,2,6,7,0,2,1,4,3,4,0,0
2343,0,2,0,4,1,5,1,0,0,10,1,1,2,2,7,7,0,2,1,4,3,4,0,0
2344,0,5,3,4,1,5,1,0,0,7,1,1,2,2,6,6,0,2,1,4,3,5,0,0
2345,0,5,3,3,1,5,1,0,0,9,1,1,2,2,3,6,0,2,1,4,2,4,0,0
2346,0,5,0,8,0,5,1,1,0,3,1,3,2,0,7,7,0,2,1,0,3,3,1,2
2347,0,2,3,3,1,5,1,0,0,10,1,1,2,2,3,3,0,2,1,4,3,5,0,0
2348,0,2,2,3,0,5,1,1,0,5,1,3,0,0,7,7,0,2,1,0,3,3,1,2
2349,0,2,0,4,1,5,1,0,0,9,1,1,2,2,3,7,0,2,1,4,3,5,0,0
2350,0,5,3,2,1,5,1,0,0,10,1,1,2,2,7,7,0,2,1,4,2,5,0,0
2351,1,2,3,8,1,6,1,0,1,10,0,3,2,2,7,7,0,2,1,4,3,3,5,0
2352,0,5,3,3,1,5,1,0,0,5,1,1,2,2,7,3,0,2,1,4,2,4,0,0
2353,0,2,0,4,1,5,1,0,0,10,1,1,2,2,7,7,0,2,1,4,2,5,0,0
2354,0,5,0,3,1,5,1,0,0,10,1,1,2,2,3,3,0,2,1,4,3,5,0,0
2355,0,5,0,2,1,5,1,0,0,5,1,1,2,2,6,3,0,2,1,4,2,4,0,0
2356,0,2,0,3,1,5,1,0,0,5,1,1,2,2,3,7,0,2,1,4,2,4,0,0
2357,0,5,3,4,1,5,1,0,0,7,1,1,2,2,6,3,0,2,1,4,3,5,0,0
2358,0,5,3,2,1,5,1,0,0,5,1,1,2,2,6,7,0,2,1,4,2,5,0,0
2359,0,5,3,4,1,5,1,0,0,5,1,1,2,2,6,3,0,2,1,4,3,4,0,0
2360,0,5,3,4,1,5,1,0,0,5,1,1,2,2,7,7,0,2,1,4,3,5,0,0
2361,0,2,0,4,1,5,1,0,0,7,1,1,2,2,3,7,0,2,1,4,2,5,0,0
2362,0,5,3,3,1,5,1,0,0,9,1,1,2,2,3,6,0,2,1,4,2,5,0,0
2363,0,5,3,4,1,5,1,0,0,5,1,1,2,2,7,6,0,2,1,4,2,5,0,0
2364,0,5,0,2,1,5,1,0,0,10,1,1,2,2,7,3,0,2,1,4,2,4,0,0
2365,0,2,0,4,1,5,1,0,0,7,1,1,2,2,6,3,0,2,1,4,2,5,0,0
2366,0,5,0,2,1,5,1,0,0,5,1,1,2,2,7,7,0,2,1,4,2,4,0,0
2367,0,2,2,8,0,5,1,1,0,4,1,3,2,2,7,7,0,2,1,0,3,0,1,2
2368,0,5,3,4,1,5,1,0,0,5,1,1,2,2,3,7,0,2,1,4,2,4,0,0
2369,0,5,0,3,1,5,1,0,0,10,1,1,2,2,3,3,0,2,1,4,2,5,0,0
2370,0,5,0,4,1,5,1,0,0,10,1,1,2,2,6,7,0,2,1,4,2,5,0,0
2371,0,5,0,2,1,5,1,0,0,7,1,1,2,2,3,3,0,2,1,4,3,5,0,0
2372,0,2,0,4,1,5,1,0,0,5,1,1,2,2,3,6,0,2,1,4,2,5,0,0
2373,0,5,0,4,1,5,1,0,0,9,1,1,2,2,7,6,0,2,1,4,3,4,0,0
2374,0,5,3,4,1,5,1,0,0,7,1,1,2,2,7,3,0,2,1,4,3,5,0,0
2375,1,2,2,8,1,6,1,0,1,10,0,3,2,2,7,7,0,2,1,4,3,4,5,0
2376,0,5,0,3,1,5,1,0,0,10,1,1,2,2,3,3,0,2,1,4,2,4,0,0
2377,0,2,2,8,0,5,1,1,0,4,1,3,2,2,7,7,0,2,1,0,2,3,1,2
2378,0,5,2,3,0,5,1,1,0,7,1,3,2,0,7,7,0,2,1,0,3,3,1,0
2379,0,5,0,3,1,5,1,0,0,7,1,1,2,2,6,3,0,2,1,4,2,4,0,0
2380,0,2,0,4,1,5,1,0,0,5,1,1,2,2,6,3,0,2,1,4,2,5,0,0
2381,0,5,0,2,1,5,1,0,0,5,1,1,2,2,3,3,0,2,1,4,2,4,0,0
2382,0,5,3,3,1,5,1,0,0,5,1,1,2,2,6,3,0,2,1,4,2,4,0,0
2383,0,2,0,4,1,5,1,0,0,9,1,1,2,2,7,3,0,2,1,4,2,5,0,0
2384,0,5,0,4,1,5,1,0,0,10,1,1,2,2,6,6,0,2,1,4,3,4,0,0
2385,1,5,0,3,0,2,1,0,0,3,0,1,1,1,4,4,0,2,1,2,1,5,0,2
2386,0,5,3,2,1,5,1,0,0,10,1,1,2,2,3,3,0,2,1,4,2,5,0,0
2387,0,5,0,4,0,5,1,1,0,3,1,3,2,2,7,7,0,2,1,0,2,0,1,2
2388,1,5,2,8,1,6,1,0,1,5,0,3,2,2,7,7,0,2,1,4,3,4,1,2
2389,0,5,3,3,1,5,1,0,0,7,1,1,2,2,6,6,0,2,1,4,3,5,0,0
2390,0,2,0,4,1,5,1,0,0,5,1,1,2,2,7,7,0,2,1,4,3,4,0,0
2391,0,5,0,4,1,5,1,0,0,7,1,1,2,2,3,6,0,2,1,4,2,5,0,0
2392,0,5,3,3,1,5,1,0,0,9,1,1,2,2,6,7,0,2,1,4,2,4,0,0
2393,0,5,3,3,1,5,1,0,0,10,1,1,2,2,6,6,0,2,1,4,2,4,0,0
2394,0,2,0,4,1,5,1,0,0,9,1,1,2,2,6,6,0,2,1,4,3,4,0,0
2395,0,2,0,4,1,5,1,0,0,9,1,1,2,2,3,7,0,2,1,4,2,5,0,0
2396,0,5,0,3,1,5,1,0,0,9,1,1,2,2,7,3,0,2,1,4,2,4,0,0
2397,0,2,0,3,1,5,1,0,0,5,1,1,2,2,3,6,0,2,1,4,3,5,0,0
2398,0,5,3,2,1,5,1,0,0,9,1,1,2,2,3,3,0,2,1,4,3,5,0,0
2399,0,5,0,2,1,5,1,0,0,5,1,1,2,2,7,7,0,2,1,4,2,5,0,0
2400,1,5,2,8,1,6,1,0,1,5,0,3,2,2,7,7,0,2,1,4,2,4,1,2
2401,0,2,0,3,1,5,1,0,0,5,1,1,2,2,7,7,0,2,1,4,2,4,0,0
2402,0,5,0,3,1,5,1,0,0,7,1,1,2,2,3,6,0,2,1,4,2,4,0,0
2403,0,2,3,2,1,5,1,0,0,10,1,1,2,2,7,6,0,2,1,4,2,4,0,0
2404,0,2,3,3,1,5,1,0,0,7,1,1,2,2,6,6,0,2,1,4,2,4,0,0
2405,0,5,3,4,1,5,1,0,0,10,1,1,2,2,7,7,0,2,1,4,3,4,0,0
2406,0,5,3,2,1,5,1,0,0,10,1,1,2,2,3,7,0,2,1,4,3,5,0,0
2407,0,5,0,2,1,5,1,0,0,10,1,1,2,2,7,7,0,2,1,4,3,5,0,0
2408,0,5,3,2,1,5,1,0,0,10,1,1,2,2,3,7,0,2,1,4,2,5,0,0
2409,0,2,0,3,1,5,1,0,0,5,1,1,2,2,6,3,0,2,1,4,3,5,0,0
2410,0,5,0,3,1,5,1,0,0,7,1,1,2,2,7,7,0,2,1,4,2,4,0,0
2411,0,2,0,4,1,5,1,0,0,7,1,1,2,2,7,6,0,2,1,4,3,4,0,0
2412,0,5,3,4,1,5,1,0,0,7,1,1,2,2,6,6,0,2,1,4,3,4,0,0
2413,0,5,3,3,1,5,1,0,0,5,1,1,2,2,6,6,0,2,1,4,2,4,0,0
2414,0,5,0,3,1,5,1,0,0,9,1,1,2,2,6,6,0,2,1,4,3,4,0,0
2415,0,5,3,4,1,5,1,0,0,7,1,1,2,2,6,6,0,2,1,4,2,5,0,0
2416,0,2,0,4,1,5,1,0,0,10,1,1,2,2,3,6,0,2,1,4,3,4,0,0
2417,0,5,3,4,1,5,1,0,0,9,1,1,2,2,3,7,0,2,1,4,2,5,0,0
2418,0,5,3,4,1,5,1,0,0,7,1,1,2,2,6,3,0,2,1,4,2,5,0,0
2419,0,2,0,4,1,5,1,0,0,7,1,1,2,2,6,3,0,2,1,4,2,4,0,0
2420,0,5,0,4,1,5,1,0,0,9,1,1,2,2,6,3,0,2,1,4,3,5,0,0
2421,0,5,0,4,1,5,1,0,0,7,1,1,2,2,3,7,0,2,1,4,3,4,0,0
2422,0,5,3,4,1,5,1,0,0,7,1,1,2,2,3,6,0,2,1,4,2,5,0,0
2423,0,2,0,3,1,5,1,0,0,5,1,1,2,2,6,6,0,2,1,4,3,5,0,0
2424,0,5,0,2,1,5,1,0,0,9,1,1,2,2,7,7,0,2,1,4,3,5,0,0
2425,0,2,0,4,1,5,1,0,0,7,1,1,2,2,3,3,0,2,1,4,3,4,0,0
2426,1,5,2,5,0,1,1,0,1,2,0,1,2,2,7,7,0,2,1,4,2,4,0,2
2427,0,5,0,2,1,5,1,0,0,9,1,1,2,2,6,6,0,2,1,4,3,5,0,0
2428,0,2,0,4,1,5,1,0,0,10,1,1,2,2,6,3,0,2,1,4,2,5,0,0
2429,0,5,0,4,1,5,1,0,0,10,1,1,2,2,6,6,0,2,1,4,2,5,0,0
2430,0,2,0,2,1,5,1,0,0,9,1,1,2,2,6,3,0,2,1,4,3,4,0,0
2431,0,5,3,2,1,5,1,0,0,5,1,1,2,2,7,3,0,2,1,4,2,5,0,0
2432,0,5,0,3,1,5,1,0,0,10,1,1,2,2,7,3,0,2,1,4,3,5,0,0
2433,0,5,0,3,1,5,1,0,0,5,1,1,2,2,6,7,0,2,1,4,3,5,0,0
2434,0,5,0,3,1,5,1,0,0,7,1,1,2,2,3,7,0,2,1,4,2,4,0,0
2435,0,5,0,3,1,5,1,0,0,9,1,1,2,2,6,3,0,2,1,4,3,5,0,0
2436,0,2,0,3,1,5,1,0,0,7,1,1,2,2,7,3,0,2,1,4,3,5,0,0
2437,0,5,0,2,1,5,1,0,0,9,1,1,2,2,7,3,0,2,1,4,3,4,0,0
2438,0,2,3,4,1,5,1,0,0,7,1,1,2,2,6,3,0,2,1,4,2,5,0,0
2439,0,2,3,2,1,5,1,0,0,9,1,1,2,2,3,7,0,2,1,4,2,4,0,0
2440,0,5,3,3,1,5,1,0,0,9,1,1,2,2,7,7,0,2,1,4,3,5,0,0
2441,0,5,3,3,1,5,1,0,0,10,1,1,2,2,6,6,0,2,1,4,2,5,0,0
2442,0,5,0,3,1,5,1,0,0,5,1,1,2,2,6,7,0,2,1,4,2,5,0,0
2443,1,5,0,3,0,2,1,0,0,3,0,1,1,1,0,0,0,2,1,2,1,5,1,2
2444,0,5,3,4,1,5,1,0,0,9,1,1,2,2,7,6,0,2,1,4,2,4,0,0
2445,0,5,3,2,1,5,1,0,0,7,1,1,2,2,3,6,0,2,1,4,3,5,0,0
2446,0,5,0,4,1,5,1,0,0,10,1,1,2,2,6,3,0,2,1,4,2,4,0,0
2447,0,2,0,4,1,5,1,0,0,7,1,1,2,2,7,7,0,2,1,4,3,5,0,0
2448,0,2,0,4,1,5,1,0,0,7,1,1,2,2,6,7,0,2,1,4,2,4,0,0
2449,0,2,0,3,1,5,1,0,0,5,1,1,2,2,7,7,0,2,1,4,2,5,0,0
2450,0,2,0,3,1,5,1,0,0,7,1,1,2,2,6,7,0,2,1,4,3,5,0,0
2451,0,5,3,3,1,5,1,0,0,10,1,1,2,2,6,6,0,2,1,4,3,5,0,0
2452,0,5,0,3,0,5,1,1,0,4,1,3,2,0,7,7,0,2,1,0,3,0,1,2
2453,0,5,3,3,1,5,1,0,0,5,1,1,2,2,7,7,0,2,1,4,2,5,0,0
2454,0,5,0,2,1,5,1,0,0,7,1,1,2,2,7,6,0,2,1,4,2,5,0,0
2455,0,2,0,4,1,5,1,0,0,7,1,1,2,2,6,6,0,2,1,4,2,4,0,0
2456,0,5,3,2,1,5,1,0,0,5,1,1,2,2,3,7,0,2,1,4,3,5,0,0
2457,0,5,0,3,1,5,1,0,0,7,1,1,2,2,7,7,0,2,1,4,3,4,0,0
2458,0,5,0,4,1,5,1,0,0,7,1,1,2,2,3,3,0,2,1,4,2,5,0,0
2459,0,5,3,2,1,5,1,0,0,10,1,1,2,2,7,6,0,2,1,4,3,4,0,0
2460,0,5,0,4,1,5,1,0,0,10,1,1,2,2,7,6,0,2,1,4,2,4,0,0
2461,0,2,0,3,1,5,1,0,0,7,1,1,2,2,7,7,0,2,1,4,2,5,0,0
2462,0,5,3,3,1,5,1,0,0,5,1,1,2,2,3,7,0,2,1,4,2,5,0,0
2463,0,5,3,3,1,5,1,0,0,9,1,1,2,2,7,6,0,2,1,4,2,4,0,0
2464,0,2,0,4,1,5,1,0,0,9,1,1,2,2,6,7,0,2,1,4,3,5,0,0
2465,0,5,0,3,1,5,1,0,0,7,1,1,2,2,3,3,0,2,1,4,2,4,0,0
2466,0,2,0,4,1,5,1,0,0,7,1,1,2,2,3,6,0,2,1,4,3,4,0,0
2467,0,5,3,2,1,5,1,0,0,7,1,1,2,2,6,7,0,2,1,4,2,4,0,0
2468,0,5,0,4,1,5,1,0,0,9,1,1,2,2,6,6,0,2,1,4,2,5,0,0
2469,0,5,3,3,1,5,1,0,0,10,1,1,2,2,3,6,0,2,1,4,2,4,0,0
2470,0,2,0,3,1,5,1,0,0,7,1,1,2,2,7,3,0,2,1,4,2,4,0,0
2471,0,5,0,3,1,5,1,0,0,7,1,1,2,2,7,3,0,2,1,4,3,4,0,0
2472,0,5,0,4,1,5,1,0,0,10,1,1,2,2,3,3,0,2,1,4,2,4,0,0
2473,0,5,3,3,1,5,1,0,0,10,1,1,2,2,6,7,0,2,1,4,3,4,0,0
2474,0,5,3,3,1,5,1,0,0,7,1,1,2,2,7,6,0,2,1,4,3,5,0,0
2475,0,5,3,2,1,5,1,0,0,5,1,1,2,2,7,6,0,2,1,4,3,4,0,0
2476,0,5,3,4,1,5,1,0,0,10,1,1,2,2,6,3,0,2,1,4,2,4,0,0
2477,0,5,3,3,1,5,1,0,0,9,1,1,2,2,7,3,0,2,1,4,2,5,0,0
2478,1,2,3,4,1,6,1,0,1,4,0,3,2,2,7,7,0,2,1,4,2,3,5,2
2479,0,5,2,3,0,5,1,1,0,5,1,3,0,2,7,7,0,2,1,0,3,3,1,2
2480,0,5,0,3,1,5,1,0,0,9,1,1,2,2,3,6,0,2,1,4,2,4,0,0
2481,0,5,0,2,1,5,1,0,0,5,1,1,2,2,7,3,0,2,1,4,2,5,0,0
2482,1,5,2,5,0,1,1,1,1,9,0,1,2,2,7,7,0,2,1,4,3,3,0,0
2483,0,5,3,4,1,5,1,0,0,10,1,1,2,2,6,6,0,2,1,4,2,5,0,0
2484,0,5,0,2,1,5,1,0,0,7,1,1,2,2,7,3,0,2,1,4,2,4,0,0
2485,0,5,3,4,1,5,1,0,0,7,1,1,2,2,7,7,0,2,1,4,3,5,0,0
2486,0,5,3,2,1,5,1,0,0,9,1,1,2,2,6,3,0,2,1,4,2,4,0,0
2487,0,5,2,8,0,5,1,1,0,4,1,3,2,2,7,7,0,2,1,0,3,3,1,2
2488,0,2,0,3,1,5,1,0,0,7,1,1,2,2,3,6,0,2,1,4,3,4,0,0
2489,0,5,3,3,1,5,1,0,0,5,1,1,2,2,3,6,0,2,1,4,3,4,0,0
2490,0,5,3,3,1,5,1,0,0,5,1,1,2,2,6,6,0,2,1,4,3,4,0,0
2491,0,5,0,2,1,5,1,0,0,5,1,1,2,2,3,7,0,2,1,4,3,5,0,0
2492,0,5,3,3,1,5,1,0,0,5,1,1,2,2,6,7,0,2,1,4,2,4,0,0
2493,0,5,3,3,1,5,1,0,0,10,1,1,2,2,7,6,0,2,1,4,3,4,0,0
2494,0,5,0,2,1,5,1,0,0,7,1,1,2,2,3,6,0,2,1,4,2,5,0,0
2495,1,2,3,8,1,6,1,0,1,7,0,3,2,2,7,7,0,2,1,4,3,4,5,2
2496,0,2,0,4,1,5,1,0,0,9,1,1,2,2,7,7,0,2,1,4,3,5,0,0
2497,0,5,0,2,1,5,1,0,0,10,1,1,2,2,3,7,0,2,1,4,2,5,0,0
2498,0,5,0,2,1,5,1,0,0,5,1,1,2,2,6,6,0,2,1,4,3,4,0,0
2499,0,5,3,3,1,5,1,0,0,7,1,1,2,2,7,3,0,2,1,4,2,4,0,0
2500,0,2,2,8,0,5,1,1,0,3,1,3,0,0,7,7,0,2,1,0,2,3,1,2
2501,0,5,0,4,0,5,1,1,0,4,1,3,0,2,7,7,0,2,1,0,3,0,1,2
2502,0,5,0,4,1,5,1,0,0,10,1,1,2,2,6,6,0,2,1,4,2,4,0,0
2503,0,2,0,4,1,5,1,0,0,5,1,1,2,2,6,3,0,2,1,4,3,4,0,0
2504,0,5,3,2,1,5,1,0,0,7,1,1,2,2,7,3,0,2,1,4,3,5,0,0
2505,0,5,3,2,1,5,1,0,0,9,1,1,2,2,6,6,0,2,1,4,3,5,0,0
2506,0,5,3,2,1,5,1,0,0,7,1,1,2,2,6,7,0,2,1,4,3,5,0,0
2507,0,2,0,4,1,5,1,0,0,10,1,1,2,2,7,6,0,2,1,4,2,5,0,0
2508,0,5,0,3,1,5,1,0,0,10,1,1,2,2,7,7,0,2,1,4,2,4,0,0
2509,0,2,0,4,1,5,1,0,0,10,1,1,2,2,7,3,0,2,1,4,2,4,0,0
2510,0,2,0,2,1,5,1,0,0,5,1,1,2,2,7,6,0,2,1,4,3,5,0,0
2511,0,5,3,2,1,5,1,0,0,10,1,1,2,2,6,6,0,2,1,4,3,4,0,0
2512,1,5,2,8,0,1,1,1,1,7,0,1,2,2,7,7,0,2,1,4,3,3,0,2
2513,0,2,0,4,1,5,1,0,0,9,1,1,2,2,6,6,0,2,1,4,2,5,0,0
2514,0,2,0,3,1,5,1,0,0,7,1,1,2,2,6,6,0,2,1,4,3,5,0,0
2515,0,2,0,4,1,5,1,0,0,9,1,1,2,2,7,7,0,2,1,4,2,4,0,0
2516,0,5,3,4,1,5,1,0,0,7,1,1,2,2,6,3,0,2,1,4,2,4,0,0
2517,0,5,0,2,1,5,1,0,0,10,1,1,2,2,3,6,0,2,1,4,2,5,0,0
2518,0,2,2,8,0,5,1,1,0,5,1,3,0,2,7,7,0,2,1,0,3,3,1,2
2519,0,5,3,3,1,5,1,0,0,9,1,1,2,2,6,6,0,2,1,4,3,5,0,0
2520,0,5,0,2,1,5,1,0,0,7,1,1,2,2,6,6,0,2,1,4,2,4,0,0
2521,0,2,0,4,1,5,1,0,0,5,1,1,2,2,7,3,0,2,1,4,3,4,0,0
2522,0,2,0,4,1,5,1,0,0,7,1,1,2,2,7,3,0,2,1,4,2,4,0,0
2523,0,5,3,4,1,5,1,0,0,5,1,1,2,2,3,7,0,2,1,4,2,5,0,0
2524,0,5,3,3,1,5,1,0,0,5,1,1,2,2,7,6,0,2,1,4,3,5,0,0
2525,0,5,3,4,1,5,1,0,0,5,1,1,2,2,7,7,0,2,1,4,2,4,0,0
2526,0,5,0,3,1,5,1,0,0,9,1,1,2,2,6,7,0,2,1,4,3,5,0,0
2527,0,5,3,4,1,5,1,0,0,10,1,1,2,2,7,7,0,2,1,4,2,5,0,0
2528,0,5,3,4,1,5,1,0,0,7,1,1,2,2,7,6,0,2,1,4,2,4,0,0
2529,0,2,0,4,1,5,1,0,0,7,1,1,2,2,6,7,0,2,1,4,3,5,0,0
2530,0,5,3,3,1,5,1,0,0,5,1,1,2,2,7,6,0,2,1,4,3,4,0,0
2531,0,5,3,2,1,5,1,0,0,10,1,1,2,2,6,6,0,2,1,4,2,5,0,0
2532,0,5,3,4,1,5,1,0,0,5,1,1,2,2,6,6,0,2,1,4,2,5,0,0
2533,1,5,0,3,0,2,1,0,0,2,0,1,1,1,4,0,0,2,1,2,1,5,4,2
2534,0,2,0,3,1,5,1,0,0,9,1,1,2,2,6,6,0,2,1,4,2,4,0,0
2535,0,5,3,2,1,5,1,0,0,9,1,1,2,2,3,3,0,2,1,4,2,4,0,0
2536,1,5,0,3,0,2,1,0,0,3,0,1,1,1,6,0,0,2,1,2,1,4,0,2
2537,0,5,3,2,1,5,1,0,0,5,1,1,2,2,7,7,0,2,1,4,2,4,0,0
2538,0,5,0,2,1,5,1,0,0,5,1,1,2,2,7,3,0,2,1,4,2,4,0,0
2539,1,5,0,3,0,2,1,0,0,3,0,1,1,1,0,4,0,2,1,2,1,5,0,2
2540,1,5,0,5,0,1,1,1,1,5,0,1,2,2,7,7,0,2,1,4,3,3,0,2
2541,0,5,0,3,1,5,1,0,0,9,1,1,2,2,7,7,0,2,1,4,2,4,0,0
2542,0,2,0,3,1,5,1,0,0,7,1,1,2,2,6,3,0,2,1,4,3,5,0,0
2543,0,5,0,3,1,5,1,0,0,9,1,1,2,2,7,6,0,2,1,4,3,4,0,0
2544,0,5,3,3,1,5,1,0,0,10,1,1,2,2,7,6,0,2,1,4,2,5,0,0
2545,0,5,3,3,1,5,1,0,0,5,1,1,2,2,7,3,0,2,1,4,3,4,0,0
2546,0,2,0,3,1,5,1,0,0,5,1,1,2,2,3,3,0,2,1,4,3,5,0,0
2547,0,5,0,3,1,5,1,0,0,10,1,1,2,2,7,6,0,2,1,4,3,5,0,0
2548,0,5,0,2,1,5,1,0,0,7,1,1,2,2,3,6,0,2,1,4,2,4,0,0
2549,0,5,0,4,1,5,1,0,0,10,1,1,2,2,7,7,0,2,1,4,2,5,0,0
2550,0,5,3,4,1,5,1,0,0,9,1,1,2,2,6,3,0,2,1,4,2,4,0,0
2551,0,2,0,4,1,5,1,0,0,7,1,1,2,2,7,3,0,2,1,4,2,5,0,0
2552,0,2,0,4,1,5,1,0,0,9,1,1,2,2,6,7,0,2,1,4,3,4,0,0
2553,0,2,0,3,1,5,1,0,0,5,1,1,2,2,6,3,0,2,1,4,2,5,0,0
2554,0,5,0,3,1,5,1,0,0,7,1,1,2,2,7,3,0,2,1,4,2,5,0,0
2555,0,5,3,4,1,5,1,0,0,9,1,1,2,2,6,6,0,2,1,4,3,4,0,0
2556,0,5,3,2,1,5,1,0,0,10,1,1,2,2,6,3,0,2,1,4,3,4,0,0
2557,0,2,0,4,1,5,1,0,0,9,1,1,2,2,6,3,0,2,1,4,3,4,0,0
2558,0,5,3,3,1,5,1,0,0,5,1,1,2,2,6,7,0,2,1,4,3,4,0,0
2559,0,5,3,4,1,5,1,0,0,9,1,1,2,2,6,3,0,2,1,4,2,5,0,0
2560,1,5,0,8,0,1,1,0,1,2,0,1,2,2,7,7,0,2,1,4,2,4,0,2
2561,0,2,0,4,1,5,1,0,0,9,1,1,2,2,7,6,0,2,1,4,2,5,0,0
2562,0,5,3,2,1,5,1,0,0,10,1,1,2,2,6,7,0,2,1,4,3,4,0,0
2563,0,5,3,4,1,5,1,0,0,5,1,1,2,2,3,3,0,2,1,4,3,5,0,0
2564,0,2,0,3,1,5,1,0,0,5,1,1,2,2,6,6,0,2,1,4,2,4,0,0
2565,0,5,0,2,1,5,1,0,0,10,1,1,2,2,7,6,0,2,1,4,2,5,0,0
2566,1,5,0,3,0,2,1,0,0,7,0,1,1,1,0,6,0,2,1,2,1,5,0,0
2567,0,5,3,2,1,5,1,0,0,5,1,1,2,2,7,6,0,2,1,4,2,5,0,0
2568,0,2,0,3,1,5,1,0,0,7,1,1,2,2,3,3,0,2,1,4,3,4,0,0
2569,0,2,3,2,1,5,1,0,0,10,1,1,2,2,7,7,0,2,1,4,2,4,0,0
2570,0,5,0,2,1,5,1,0,0,7,1,1,2,2,6,6,0,2,1,4,3,4,0,0
2571,1,5,0,3,0,2,1,0,0,7,0,1,1,1,0,6,0,2,1,2,1,4,1,0
2572,0,5,3,4,1,5,1,0,0,10,1,1,2,2,7,3,0,2,1,4,3,5,0,0
2573,0,5,3,4,1,5,1,0,0,7,1,1,2,2,3,6,0,2,1,4,2,4,0,0
2574,0,5,3,4,1,5,1,0,0,7,1,1,2,2,3,7,0,2,1,4,2,4,0,0
2575,0,5,3,4,1,5,1,0,0,5,1,1,2,2,7,7,0,2,1,4,2,5,0,0
2576,0,5,3,3,1,5,1,0,0,9,1,1,2,2,7,3,0,2,1,4,3,5,0,0
2577,0,5,3,4,1,5,1,0,0,5,1,1,2,2,7,3,0,2,1,4,2,5,0,0
2578,0,5,0,3,1,5,1,0,0,7,1,1,2,2,3,3,0,2,1,4,2,5,0,0
2579,0,5,3,2,1,5,1,0,0,5,1,1,2,2,6,6,0,2,1,4,2,5,0,0
2580,0,5,3,2,1,5,1,0,0,5,1,1,2,2,6,7,0,2,1,4,2,4,0,0
2581,0,5,3,3,1,5,1,0,0,7,1,1,2,2,6,3,0,2,1,4,3,4,0,0
2582,0,2,0,2,1,5,1,0,0,5,1,1,2,2,7,3,0,2,1,4,3,4,0,0
2583,0,2,0,4,1,5,1,0,0,5,1,1,2,2,6,6,0,2,1,4,2,4,0,0
2584,0,2,0,4,1,5,1,0,0,10,1,1,2,2,7,3,0,2,1,4,3,4,0,0
2585,0,5,3,3,1,5,1,0,0,7,1,1,2,2,6,6,0,2,1,4,3,4,0,0
2586,0,5,3,3,1,5,1,0,0,10,1,1,2,2,6,3,0,2,1,4,3,5,0,0
2587,0,5,0,2,1,5,1,0,0,9,1,1,2,2,6,3,0,2,1,4,2,4,0,0
2588,0,2,0,4,1,5,1,0,0,10,1,1,2,2,3,3,0,2,1,4,3,4,0,0
2589,0,2,0,4,1,5,1,0,0,7,1,1,2,2,6,3,0,2,1,4,3,4,0,0
2590,0,5,3,2,1,5,1,0,0,7,1,1,2,2,3,6,0,2,1,4,2,5,0,0
2591,0,5,3,4,1,5,1,0,0,5,1,1,2,2,6,7,0,2,1,4,3,4,0,0
2592,0,2,0,4,1,5,1,0,0,7,1,1,2,2,7,7,0,2,1,4,2,5,0,0
2593,0,2,0,4,1,5,1,0,0,10,1,1,2,2,6,6,0,2,1,4,3,4,0,0
2594,1,5,0,3,0,2,1,0,0,2,0,1,1,1,0,4,0,2,1,2,1,4,4,2
2595,0,5,0,3,1,5,1,0,0,5,1,1,2,2,7,7,0,2,1,4,2,5,0,0
2596,0,5,3,4,1,5,1,0,0,10,1,1,2,2,3,3,0,2,1,4,3,5,0,0
2597,0,5,0,3,1,5,1,0,0,5,1,1,2,2,7,3,0,2,1,4,3,5,0,0
2598,0,5,0,3,1,5,1,0,0,5,1,1,2,2,6,6,0,2,1,4,3,5,0,0
2599,0,5,3,3,1,5,1,0,0,10,1,1,2,2,3,7,0,2,1,4,2,4,0,0
2600,0,2,0,4,1,5,1,0,0,9,1,1,2,2,7,7,0,2,1,4,2,5,0,0
2601,0,2,0,3,1,5,1,0,0,5,1,1,2,2,3,3,0,2,1,4,2,5,0,0
2602,0,5,3,4,1,5,1,0,0,5,1,1,2,2,6,3,0,2,1,4,2,4,0,0
2603,0,5,0,2,1,5,1,0,0,10,1,1,2,2,6,7,0,2,1,4,2,5,0,0
2604,0,2,0,4,1,5,1,0,0,5,1,1,2,2,3,7,0,2,1,4,3,4,0,0
2605,1,5,0,3,0,2,1,0,0,2,0,1,1,1,6,4,0,2,1,2,1,4,4,2
2606,0,5,0,2,1,5,1,0,0,7,1,1,2,2,6,7,0,2,1,4,3,4,0,0
2607,0,2,0,4,1,5,1,0,0,5,1,1,2,2,3,3,0,2,1,4,3,4,0,0
2608,0,5,0,2,1,5,1,0,0,5,1,1,2,2,7,6,0,2,1,4,2,5,0,0
2609,0,5,0,2,1,5,1,0,0,5,1,1,2,2,7,3,0,2,1,4,3,4,0,0
2610,0,5,3,2,1,5,1,0,0,7,1,1,2,2,6,6,0,2,1,4,2,5,0,0
2611,0,2,3,3,1,5,1,0,0,10,1,1,2,2,6,7,0,2,1,4,3,4,0,0
2612,0,2,0,4,1,5,1,0,0,9,1,1,2,2,7,3,0,2,1,4,3,5,0,0
2613,0,5,0,3,1,5,1,0,0,5,1,1,2,2,3,3,0,2,1,4,3,5,0,0
2614,0,2,0,3,1,5,1,0,0,7,1,1,2,2,6,3,0,2,1,4,2,4,0,0
2615,0,5,3,4,1,5,1,0,0,10,1,1,2,2,7,6,0,2,1,4,2,5,0,0
2616,0,5,3,3,1,5,1,0,0,7,1,1,2,2,7,7,0,2,1,4,3,5,0,0
2617,0,5,3,3,1,5,1,0,0,9,1,1,2,2,3,7,0,2,1,4,3,5,0,0
2618,0,5,0,4,1,5,1,0,0,10,1,1,2,2,7,7,0,2,1,4,3,5,0,0
2619,0,5,3,2,1,5,1,0,0,7,1,1,2,2,3,3,0,2,1,4,2,5,0,0
2620,0,2,0,4,1,5,1,0,0,9,1,1,2,2,3,3,0,2,1,4,3,4,0,0
2621,0,5,3,2,1,5,1,0,0,5,1,1,2,2,6,6,0,2,1,4,3,4,0,0
2622,0,5,0,4,1,5,1,0,0,5,1,1,2,2,7,3,0,2,1,4,3,5,0,0
2623,0,2,0,4,1,5,1,0,0,9,1,1,2,2,6,3,0,2,1,4,2,5,0,0
2624,0,5,3,2,1,5,1,0,0,7,1,1,2,2,3,3,0,2,1,4,3,4,0,0
2625,0,5,0,3,1,5,1,0,0,10,1,1,2,2,7,3,0,2,1,4,3,4,0,0
2626,0,5,3,4,1,5,1,0,0,7,1,1,2,2,7,7,0,2,1,4,3,4,0,0
2627,1,5,0,3,0,1,1,0,1,2,0,1,2,2,7,7,0,2,1,4,3,4,0,2
2628,0,2,0,3,1,5,1,0,0,5,1,1,2,2,6,6,0,2,1,4,3,4,0,0
2629,0,5,0,4,1,5,1,0,0,10,1,1,2,2,3,3,0,2,1,4,3,5,0,0
2630,0,2,2,4,0,5,1,1,0,7,1,3,2,0,7,7,0,2,1,0,2,0,1,0
2631,0,2,0,4,1,5,1,0,0,10,1,1,2,2,3,7,0,2,1,4,3,4,0,0
2632,0,5,3,3,1,5,1,0,0,5,1,1,2,2,6,7,0,2,1,4,3,5,0,0
2633,0,2,3,3,1,5,1,0,0,10,1,1,2,2,3,3,0,2,1,4,3,4,0,0
2634,0,5,3,3,1,5,1,0,0,10,1,1,2,2,7,7,0,2,1,4,3,4,0,0
2635,0,2,3,2,1,5,1,0,0,7,1,1,2,2,6,3,0,2,1,4,3,4,0,0
2636,0,5,3,3,1,5,1,0,0,5,1,1,2,2,6,3,0,2,1,4,3,5,0,0
2637,0,5,0,3,1,5,1,0,0,5,1,1,2,2,6,3,0,2,1,4,3,4,0,0
2638,0,2,0,3,1,5,1,0,0,5,1,1,2,2,6,3,0,2,1,4,3,4,0,0
2639,0,5,3,4,1,5,1,0,0,7,1,1,2,2,3,3,0,2,1,4,2,4,0,0
2640,0,2,0,4,1,5,1,0,0,9,1,1,2,2,3,3,0,2,1,4,2,5,0,0
2641,0,5,3,2,1,5,1,0,0,7,1,1,2,2,6,7,0,2,1,4,3,4,0,0
2642,0,5,3,2,1,5,1,0,0,10,1,1,2,2,7,7,0,2,1,4,2,4,0,0
2643,0,2,3,4,1,5,1,0,0,9,1,1,2,2,3,3,0,2,1,4,2,4,0,0
2644,0,5,3,4,1,5,1,0,0,10,1,1,2,2,6,6,0,2,1,4,3,5,0,0
2645,0,5,0,3,1,5,1,0,0,9,1,1,2,2,3,7,0,2,1,4,3,5,0,0
2646,0,2,0,3,1,5,1,0,0,7,1,1,2,2,3,6,0,2,1,4,2,5,0,0
2647,0,2,0,8,0,5,1,1,0,3,1,3,2,0,7,7,0,2,1,0,2,3,1,2
2648,0,5,3,4,1,5,1,0,0,7,1,1,2,2,7,3,0,2,1,4,3,4,0,0
2649,0,5,0,3,1,5,1,0,0,9,1,1,2,2,3,3,0,2,1,4,2,5,0,0
2650,0,2,3,2,1,5,1,0,0,5,1,1,2,2,6,3,0,2,1,4,3,5,0,0
2651,0,5,0,2,1,5,1,0,0,10,1,1,2,2,3,3,0,2,1,4,2,4,0,0
2652,0,5,3,4,1,5,1,0,0,9,1,1,2,2,3,3,0,2,1,4,3,5,0,0
2653,0,2,3,4,1,5,1,0,0,10,1,1,2,2,6,7,0,2,1,4,2,5,0,0
2654,0,5,3,3,1,5,1,0,0,7,1,1,2,2,6,3,0,2,1,4,2,4,0,0
2655,0,2,0,4,1,5,1,0,0,10,1,1,2,2,7,7,0,2,1,4,2,4,0,0
2656,0,5,3,2,1,5,1,0,0,9,1,1,2,2,7,7,0,2,1,4,2,5,0,0
2657,0,5,3,2,1,5,1,0,0,7,1,1,2,2,3,3,0,2,1,4,2,4,0,0
2658,0,5,3,2,1,5,1,0,0,10,1,1,2,2,6,7,0,2,1,4,2,4,0,0
2659,0,5,0,2,1,5,1,0,0,10,1,1,2,2,6,7,0,2,1,4,3,5,0,0
2660,0,5,0,2,1,5,1,0,0,7,1,1,2,2,3,7,0,2,1,4,3,4,0,0
2661,0,5,0,2,1,5,1,0,0,7,1,1,2,2,3,3,0,2,1,4,3,4,0,0
2662,0,2,0,4,1,5,1,0,0,7,1,1,2,2,3,6,0,2,1,4,3,5,0,0
2663,0,5,0,3,1,5,1,0,0,5,1,1,2,2,3,6,0,2,1,4,2,4,0,0
2664,0,5,0,3,1,5,1,0,0,7,1,1,2,2,6,7,0,2,1,4,2,4,0,0
2665,0,5,3,3,1,5,1,0,0,9,1,1,2,2,6,3,0,2,1,4,2,5,0,0
2666,0,5,3,4,1,5,1,0,0,5,1,1,2,2,7,3,0,2,1,4,3,4,0,0
2667,0,5,0,2,1,5,1,0,0,5,1,1,2,2,3,3,0,2,1,4,2,5,0,0
2668,0,5,0,2,1,5,1,0,0,10,1,1,2,2,3,3,0,2,1,4,3,5,0,0
2669,0,5,0,3,1,5,1,0,0,9,1,1,2,2,3,6,0,2,1,4,3,5,0,0
2670,0,5,0,2,1,5,1,0,0,10,1,1,2,2,6,6,0,2,1,4,3,4,0,0
2671,0,2,0,4,1,5,1,0,0,5,1,1,2,2,6,7,0,2,1,4,3,5,0,0
2672,0,5,0,2,1,5,1,0,0,7,1,1,2,2,6,3,0,2,1,4,3,4,0,0
2673,0,2,0,4,1,5,1,0,0,10,1,1,2,2,7,6,0,2,1,4,3,5,0,0
2674,0,2,0,4,1,5,1,0,0,10,1,1,2,2,3,3,0,2,1,4,2,4,0,0
2675,0,2,0,4,1,5,1,0,0,9,1,1,2,2,6,6,0,2,1,4,2,4,0,0
2676,0,5,0,3,1,5,1,0,0,5,1,1,2,2,7,6,0,2,1,4,2,4,0,0
2677,0,5,0,2,1,5,1,0,0,9,1,1,2,2,6,6,0,2,1,4,3,4,0,0
2678,0,5,3,2,1,5,1,0,0,9,1,1,2,2,6,7,0,2,1,4,3,5,0,0
2679,0,2,0,3,1,5,1,0,0,5,1,1,2,2,6,6,0,2,1,4,2,5,0,0
2680,0,2,0,4,1,5,1,0,0,7,1,1,2,2,6,6,0,2,1,4,3,4,0,0
2681,0,5,3,4,1,5,1,0,0,5,1,1,2,2,3,6,0,2,1,4,3,5,0,0
2682,0,2,0,4,1,5,1,0,0,9,1,1,2,2,6,3,0,2,1,4,2,4,0,0
2683,1,5,0,5,0,1,1,0,1,7,0,1,2,2,7,7,0,2,1,4,3,4,0,0
2684,0,5,0,2,1,5,1,0,0,7,1,1,2,2,7,7,0,2,1,4,2,5,0,0
2685,0,5,0,4,1,5,1,0,0,10,1,1,2,2,7,7,0,2,1,4,3,4,0,0
2686,0,5,3,2,1,5,1,0,0,10,1,1,2,2,3,6,0,2,1,4,3,5,0,0
2687,0,2,0,4,1,5,1,0,0,5,1,1,2,2,3,6,0,2,1,4,3,4,0,0
2688,0,2,0,4,1,5,1,0,0,10,1,1,2,2,3,3,0,2,1,4,2,5,0,0
2689,0,5,3,3,1,5,1,0,0,10,1,1,2,2,6,7,0,2,1,4,2,4,0,0
2690,0,2,2,4,0,5,1,1,0,5,1,3,2,2,7,7,0,2,1,0,3,0,1,2
2691,0,5,3,3,1,5,1,0,0,10,1,1,2,2,6,3,0,2,1,4,2,5,0,0
2692,0,5,3,4,1,5,1,0,0,10,1,1,2,2,7,6,0,2,1,4,3,4,0,0
2693,0,5,3,4,1,5,1,0,0,7,1,1,2,2,6,7,0,2,1,4,2,4,0,0
2694,0,2,0,3,1,5,1,0,0,7,1,1,2,2,7,3,0,2,1,4,3,4,0,0
2695,0,5,0,2,1,5,1,0,0,5,1,1,2,2,3,3,0,2,1,4,3,5,0,0
2696,0,2,0,4,1,5,1,0,0,7,1,1,2,2,3,6,0,2,1,4,2,5,0,0
2697,1,5,0,3,0,2,1,0,0,3,0,1,1,1,0,6,0,2,1,2,1,5,1,2
2698,0,5,3,2,1,5,1,0,0,10,1,1,2,2,7,7,0,2,1,4,3,4,0,0
2699,0,5,0,3,1,5,1,0,0,9,1,1,2,2,6,3,0,2,1,4,2,4,0,0
2700,0,5,0,2,1,5,1,0,0,5,1,1,2,2,6,7,0,2,1,4,3,4,0,0
2701,0,5,0,2,1,5,1,0,0,5,1,1,2,2,6,3,0,2,1,4,2,5,0,0
2702,0,5,3,2,1,5,1,0,0,5,1,1,2,2,3,7,0,2,1,4,2,4,0,0
2703,0,2,0,4,1,5,1,0,0,10,1,1,2,2,7,3,0,2,1,4,3,5,0,0
2704,0,2,0,4,1,5,1,0,0,9,1,1,2,2,3,6,0,2,1,4,2,4,0,0
2705,0,5,3,4,1,5,1,0,0,10,1,1,2,2,7,3,0,2,1,4,2,4,0,0
2706,0,5,0,2,1,5,1,0,0,9,1,1,2,2,3,7,0,2,1,4,3,5,0,0
2707,0,5,3,2,1,5,1,0,0,10,1,1,2,2,6,3,0,2,1,4,2,4,0,0
2708,0,5,3,4,1,5,1,0,0,5,1,1,2,2,6,3,0,2,1,4,2,5,0,0
2709,0,5,3,3,1,5,1,0,0,9,1,1,2,2,7,7,0,2,1,4,2,4,0,0
2710,0,5,3,4,1,5,1,0,0,9,1,1,2,2,3,7,0,2,1,4,2,4,0,0
2711,0,5,3,2,1,5,1,0,0,7,1,1,2,2,7,6,0,2,1,4,3,5,0,0
2712,0,5,0,2,1,5,1,0,0,9,1,1,2,2,3,6,0,2,1,4,3,5,0,0
2713,0,5,0,2,1,5,1,0,0,9,1,1,2,2,7,6,0,2,1,4,2,5,0,0
2714,0,5,3,2,1,5,1,0,0,7,1,1,2,2,7,3,0,2,1,4,3,4,0,0
2715,0,5,3,4,1,5,1,0,0,7,1,1,2,2,3,7,0,2,1,4,2,5,0,0
2716,0,5,0,2,1,5,1,0,0,7,1,1,2,2,6,6,0,2,1,4,3,5,0,0
2717,0,2,0,2,1,5,1,0,0,10,1,1,2,2,3,6,0,2,1,4,3,4,0,0
2718,0,2,0,4,1,5,1,0,0,10,1,1,2,2,6,7,0,2,1,4,2,5,0,0
2719,0,5,3,2,1,5,1,0,0,9,1,1,2,2,7,7,0,2,1,4,2,4,0,0
2720,0,5,0,4,1,5,1,0,0,9,1,1,2,2,3,7,0,2,1,4,3,4,0,0
2721,0,5,3,2,1,5,1,0,0,5,1,1,2,2,3,6,0,2,1,4,3,5,0,0
2722,0,2,0,3,1,5,1,0,0,7,1,1,2,2,3,6,0,2,1,4,3,5,0,0
2723,0,5,3,4,1,5,1,0,0,7,1,1,2,2,3,7,0,2,1,4,3,4,0,0
2724,0,2,3,2,1,5,1,0,0,5,1,1,2,2,6,6,0,2,1,4,2,4,0,0
2725,0,5,3,4,1,5,1,0,0,9,1,1,2,2,3,6,0,2,1,4,2,5,0,0
2726,0,5,3,2,1,5,1,0,0,7,1,1,2,2,6,3,0,2,1,4,3,5,0,0
2727,0,5,3,3,1,5,1,0,0,9,1,1,2,2,6,3,0,2,1,4,3,5,0,0
2728,0,2,3,3,1,5,1,0,0,7,1,1,2,2,7,6,0,2,1,4,2,4,0,0
2729,0,5,3,4,1,5,1,0,0,9,1,1,2,2,7,7,0,2,1,4,3,5,0,0
2730,0,5,2,3,0,5,1,1,0,3,1,3,0,2,7,7,0,2,1,0,2,3,1,2
2731,0,2,0,4,1,5,1,0,0,5,1,1,2,2,7,3,0,2,1,4,3,5,0,0
2732,0,5,3,3,1,5,1,0,0,10,1,1,2,2,3,6,0,2,1,4,3,5,0,0
2733,0,5,3,3,1,5,1,0,0,5,1,1,2,2,7,6,0,2,1,4,2,5,0,0
2734,0,5,0,4,1,5,1,0,0,9,1,1,2,2,3,7,0,2,1,4,2,5,0,0
2735,0,5,0,2,1,5,1,0,0,9,1,1,2,2,3,3,0,2,1,4,3,4,0,0
2736,0,5,3,2,1,5,1,0,0,5,1,1,2,2,3,3,0,2,1,4,2,5,0,0
2737,0,5,3,4,1,5,1,0,0,10,1,1,2,2,7,3,0,2,1,4,2,5,0,0
2738,0,5,0,2,1,5,1,0,0,10,1,1,2,2,6,3,0,2,1,4,2,5,0,0
2739,0,5,3,2,1,5,1,0,0,9,1,1,2,2,6,7,0,2,1,4,2,5,0,0
2740,0,5,3,4,1,5,1,0,0,9,1,1,2,2,3,7,0,2,1,4,3,5,0,0
2741,0,2,0,3,1,5,1,0,0,7,1,1,2,2,7,7,0,2,1,4,3,5,0,0
2742,0,5,0,2,1,5,1,0,0,9,1,1,2,2,7,7,0,2,1,4,2,5,0,0
2743,0,2,3,4,1,5,1,0,0,7,1,1,2,2,6,3,0,2,1,4,2,4,0,0
2744,0,5,3,4,1,5,1,0,0,10,1,1,2,2,6,3,0,2,1,4,3,4,0,0
2745,0,5,0,2,1,5,1,0,0,10,1,1,2,2,3,7,0,2,1,4,3,5,0,0
2746,0,5,0,3,1,5,1,0,0,5,1,1,2,2,6,3,0,2,1,4,2,4,0,0
2747,0,5,3,4,1,5,1,0,0,9,1,1,2,2,7,7,0,2,1,4,2,5,0,0
2748,0,5,3,3,1,5,1,0,0,5,1,1,2,2,7,3,0,2,1,4,3,5,0,0
2749,1,5,0,3,0,1,1,0,1,7,0,1,2,2,7,7,0,2,1,4,2,4,0,0
2750,0,5,3,4,1,5,1,0,0,5,1,1,2,2,6,7,0,2,1,4,3,5,0,0
2751,0,5,0,3,1,5,1,0,0,7,1,1,2,2,6,6,0,2,1,4,3,5,0,0
2752,0,5,3,4,1,5,1,0,0,5,1,1,2,2,3,6,0,2,1,4,2,5,0,0
2753,0,5,3,3,1,5,1,0,0,10,1,1,2,2,3,3,0,2,1,4,2,4,0,0
2754,0,5,3,4,1,5,1,0,0,10,1,1,2,2,3,6,0,2,1,4,3,4,0,0
2755,0,2,0,4,1,5,1,0,0,7,1,1,2,2,7,3,0,2,1,4,3,4,0,0
2756,0,2,0,4,1,5,1,0,0,10,1,1,2,2,6,6,0,2,1,4,2,5,0,0
2757,0,5,3,4,1,5,1,0,0,5,1,1,2,2,7,6,0,2,1,4,3,4,0,0
2758,0,2,0,4,1,5,1,0,0,7,1,1,2,2,6,7,0,2,1,4,2,5,0,0
2759,0,2,0,4,1,5,1,0,0,10,1,1,2,2,7,7,0,2,1,4,3,5,0,0
2760,0,2,3,3,1,5,1,0,0,9,1,1,2,2,7,7,0,2,1,4,2,5,0,0
2761,0,5,0,3,1,5,1,0,0,9,1,1,2,2,6,7,0,2,1,4,2,5,0,0
2762,0,5,3,3,1,5,1,0,0,10,1,1,2,2,7,3,0,2,1,4,2,5,0,0
2763,0,5,3,3,1,5,1,0,0,9,1,1,2,2,7,3,0,2,1,4,3,4,0,0
2764,0,2,0,4,1,5,1,0,0,9,1,1,2,2,3,6,0,2,1,4,3,4,0,0
2765,0,5,0,3,1,5,1,0,0,5,1,1,2,2,7,6,0,2,1,4,3,4,0,0
2766,1,5,0,3,0,2,1,0,0,2,0,1,1,1,0,6,0,2,1,2,1,4,0,2
2767,0,2,0,4,1,5,1,0,0,10,1,1,2,2,6,7,0,2,1,4,3,4,0,0
2768,0,5,3,3,1,5,1,0,0,10,1,1,2,2,3,3,0,2,1,4,2,5,0,0
2769,0,5,0,3,1,5,1,0,0,9,1,1,2,2,7,3,0,2,1,4,3,5,0,0
2770,1,5,0,3,0,2,1,0,0,2,0,1,1,1,0,6,0,2,1,2,1,5,0,2
2771,0,2,0,4,1,5,1,0,0,9,1,1,2,2,7,7,0,2,1,4,3,4,0,0
2772,0,5,3,2,1,5,1,0,0,5,1,1,2,2,3,6,0,2,1,4,3,4,0,0
2773,0,5,3,4,1,5,1,0,0,9,1,1,2,2,3,3,0,2,1,4,2,4,0,0
2774,0,5,0,2,1,5,1,0,0,7,1,1,2,2,6,3,0,2,1,4,2,4,0,0
2775,0,5,0,2,1,5,1,0,0,7,1,1,2,2,3,6,0,2,1,4,3,5,0,0
2776,0,5,3,4,1,5,1,0,0,7,1,1,2,2,7,6,0,2,1,4,3,4,0,0
2777,0,2,0,4,1,5,1,0,0,5,1,1,2,2,7,6,0,2,1,4,2,4,0,0
2778,0,5,0,2,1,5,1,0,0,5,1,1,2,2,3,6,0,2,1,4,3,4,0,0
2779,0,5,0,3,1,5,1,0,0,10,1,1,2,2,7,6,0,2,1,4,2,4,0,0
2780,0,2,0,4,1,5,1,0,0,9,1,1,2,2,3,6,0,2,1,4,2,5,0,0
2781,0,5,3,2,1,5,1,0,0,7,1,1,2,2,3,6,0,2,1,4,3,4,0,0
2782,0,5,0,3,1,5,1,0,0,9,1,1,2,2,3,7,0,2,1,4,2,5,0,0
2783,0,2,0,3,1,5,1,0,0,7,1,1,2,2,6,7,0,2,1,4,2,5,0,0
2784,0,2,0,3,1,5,1,0,0,7,1,1,2,2,3,3,0,2,1,4,2,4,0,0
2785,0,2,0,4,1,5,1,0,0,5,1,1,2,2,3,7,0,2,1,4,2,5,0,0
2786,0,5,0,4,1,5,1,0,0,10,1,1,2,2,6,7,0,2,1,4,3,5,0,0
2787,0,5,3,2,1,5,1,0,0,10,1,1,2,2,3,3,0,2,1,4,3,5,0,0
2788,0,2,2,3,0,5,1,1,0,7,1,3,0,0,7,7,0,2,1,0,2,3,1,0
2789,0,5,3,2,1,5,1,0,0,7,1,1,2,2,3,7,0,2,1,4,2,5,0,0
2790,0,2,0,3,1,5,1,0,0,7,1,1,2,2,3,7,0,2,1,4,3,5,0,0
2791,0,5,3,2,1,5,1,0,0,10,1,1,2,2,3,6,0,2,1,4,2,5,0,0
2792,0,5,0,3,1,5,1,0,0,9,1,1,2,2,7,7,0,2,1,4,3,4,0,0
2793,0,2,0,4,1,5,1,0,0,10,1,1,2,2,7,3,0,2,1,4,2,5,0,0
2794,0,5,0,2,1,5,1,0,0,10,1,1,2,2,6,3,0,2,1,4,3,4,0,0
2795,0,5,0,2,1,5,1,0,0,5,1,1,2,2,3,7,0,2,1,4,3,4,0,0
2796,0,5,0,3,1,5,1,0,0,10,1,1,2,2,7,3,0,2,1,4,2,4,0,0
2797,1,5,0,8,0,1,1,1,1,2,0,1,2,2,7,7,0,2,1,4,3,3,0,2
2798,0,5,3,2,1,5,1,0,0,7,1,1,2,2,6,6,0,2,1,4,3,5,0,0
2799,0,5,0,2,1,5,1,0,0,5,1,1,2,2,7,6,0,2,1,4,2,4,0,0
2800,0,5,3,4,1,5,1,0,0,10,1,1,2,2,6,7,0,2,1,4,3,5,0,0
2801,0,2,0,8,0,5,1,1,0,3,1,3,2,2,7,7,0,2,1,0,3,3,1,2
2802,0,5,0,3,1,5,1,0,0,5,1,1,2,2,3,7,0,2,1,4,3,5,0,0
2803,0,2,0,3,1,5,1,0,0,5,1,1,2,2,7,6,0,2,1,4,3,4,0,0
2804,0,5,0,3,1,5,1,0,0,10,1,1,2,2,6,3,0,2,1,4,3,5,0,0
2805,0,2,3,2,1,5,1,0,0,10,1,1,2,2,7,6,0,2,1,4,2,5,0,0
2806,0,5,0,2,1,5,1,0,0,5,1,1,2,2,6,6,0,2,1,4,2,5,0,0
2807,0,5,3,4,1,5,1,0,0,5,1,1,2,2,3,3,0,2,1,4,2,4,0,0
2808,0,5,3,2,1,5,1,0,0,5,1,1,2,2,3,3,0,2,1,4,3,4,0,0
2809,0,5,0,2,1,5,1,0,0,5,1,1,2,2,7,7,0,2,1,4,3,4,0,0
2810,0,2,3,2,1,5,1,0,0,5,1,1,2,2,7,7,0,2,1,4,2,4,0,0
2811,0,2,0,4,1,5,1,0,0,10,1,1,2,2,6,3,0,2,1,4,3,4,0,0
2812,0,5,3,3,1,5,1,0,0,7,1,1,2,2,7,7,0,2,1,4,3,4,0,0
2813,0,5,3,3,1,5,1,0,0,7,1,1,2,2,3,7,0,2,1,4,3,5,0,0
2814,0,5,0,3,1,5,1,0,0,5,1,1,2,2,3,6,0,2,1,4,3,4,0,0
2815,0,5,0,2,1,5,1,0,0,10,1,1,2,2,3,6,0,2,1,4,3,4,0,0
2816,0,5,0,4,1,5,1,0,0,10,1,1,2,2,3,7,0,2,1,4,2,5,0,0
2817,0,2,0,4,0,5,1,1,0,5,1,3,0,0,7,7,0,2,1,0,2,3,1,2
2818,0,5,0,2,1,5,1,0,0,10,1,1,2,2,7,3,0,2,1,4,3,5,0,0
2819,0,5,3,3,1,5,1,0,0,5,1,1,2,2,3,3,0,2,1,4,3,5,0,0
2820,0,5,3,4,1,5,1,0,0,9,1,1,2,2,6,6,0,2,1,4,2,4,0,0
2821,0,5,0,3,1,5,1,0,0,7,1,1,2,2,3,6,0,2,1,4,3,5,0,0
2822,0,5,3,2,1,5,1,0,0,5,1,1,2,2,6,3,0,2,1,4,3,5,0,0
2823,0,2,0,4,1,5,1,0,0,9,1,1,2,2,6,7,0,2,1,4,2,4,0,0
2824,0,5,3,3,1,5,1,0,0,9,1,1,2,2,7,7,0,2,1,4,2,5,0,0
2825,0,2,0,3,1,5,1,0,0,7,1,1,2,2,6,3,0,2,1,4,3,4,0,0
2826,0,5,0,2,1,5,1,0,0,9,1,1,2,2,6,6,0,2,1,4,2,4,0,0
2827,0,2,0,4,1,5,1,0,0,5,1,1,2,2,7,3,0,2,1,4,2,4,0,0
2828,0,5,3,3,1,5,1,0,0,7,1,1,2,2,3,6,0,2,1,4,3,5,0,0
2829,0,5,3,4,1,5,1,0,0,7,1,1,2,2,7,6,0,2,1,4,3,5,0,0
2830,0,5,3,2,1,5,1,0,0,10,1,1,2,2,7,6,0,2,1,4,2,4,0,0
2831,0,5,0,2,1,5,1,0,0,9,1,1,2,2,6,6,0,2,1,4,2,5,0,0
2832,0,5,0,4,1,5,1,0,0,9,1,1,2,2,7,7,0,2,1,4,3,4,0,0
2833,0,2,0,4,1,5,1,0,0,5,1,1,2,2,6,6,0,2,1,4,2,5,0,0
2834,0,5,3,3,1,5,1,0,0,5,1,1,2,2,7,7,0,2,1,4,2,4,0,0
2835,0,5,0,2,1,5,1,0,0,10,1,1,2,2,6,6,0,2,1,4,3,5,0,0
2836,0,2,0,4,1,5,1,0,0,10,1,1,2,2,7,6,0,2,1,4,3,4,0,0
2837,0,2,0,4,1,5,1,0,0,5,1,1,2,2,6,6,0,2,1,4,3,5,0,0
2838,0,5,3,2,1,5,1,0,0,9,1,1,2,2,3,6,0,2,1,4,2,5,0,0
2839,0,5,0,3,1,5,1,0,0,9,1,1,2,2,6,3,0,2,1,4,2,5,0,0
2840,0,5,0,3,1,5,1,0,0,9,1,1,2,2,3,3,0,2,1,4,2,4,0,0
2841,1,5,0,5,0,1,1,1,1,9,0,1,2,2,7,7,0,2,1,4,2,4,0,0
2842,0,5,3,4,1,5,1,0,0,7,1,1,2,2,3,3,0,2,1,4,3,5,0,0
2843,0,5,0,2,1,5,1,0,0,7,1,1,2,2,7,6,0,2,1,4,3,4,0,0
2844,0,2,2,4,0,5,1,1,0,7,1,3,0,0,7,7,0,2,1,0,3,3,1,0
2845,0,5,3,3,1,5,1,0,0,7,1,1,2,2,6,3,0,2,1,4,2,5,0,0
2846,0,5,3,3,1,5,1,0,0,9,1,1,2,2,6,6,0,2,1,4,2,5,0,0
2847,0,5,0,4,1,5,1,0,0,9,1,1,2,2,6,7,0,2,1,4,2,5,0,0
2848,0,2,0,3,1,5,1,0,0,5,1,1,2,2,6,7,0,2,1,4,3,5,0,0
2849,0,5,0,3,1,5,1,0,0,10,1,1,2,2,3,6,0,2,1,4,3,4,0,0
2850,0,5,3,4,1,5,1,0,0,10,1,1,2,2,3,6,0,2,1,4,2,5,0,0
2851,0,5,0,2,1,5,1,0,0,10,1,1,2,2,3,6,0,2,1,4,3,5,0,0
2852,0,5,0,4,1,5,1,0,0,9,1,1,2,2,6,6,0,2,1,4,3,4,0,0
2853,0,2,0,3,1,5,1,0,0,5,1,1,2,2,3,6,0,2,1,4,3,4,0,0
2854,0,2,0,4,1,5,1,0,0,10,1,1,2,2,3,3,0,2,1,4,3,5,0,0
2855,0,5,3,3,1,5,1,0,0,10,1,1,2,2,3,3,0,2,1,4,3,4,0,0
2856,0,5,3,2,1,5,1,0,0,9,1,1,2,2,7,7,0,2,1,4,3,5,0,0
2857,0,5,3,3,1,5,1,0,0,7,1,1,2,2,6,7,0,2,1,4,2,4,0,0
2858,0,2,0,3,1,5,1,0,0,7,1,1,2,2,3,7,0,2,1,4,2,5,0,0
2859,0,5,0,2,1,5,1,0,0,9,1,1,2,2,6,7,0,2,1,4,3,5,0,0
2860,1,5,2,5,0,1,1,1,1,9,0,1,2,2,7,7,0,2,1,4,2,3,0,0
2861,0,2,3,4,1,5,1,0,0,10,1,1,2,2,6,6,0,2,1,4,2,4,0,0
2862,0,5,3,2,1,5,1,0,0,10,1,1,2,2,3,3,0,2,1,4,2,4,0,0
2863,0,5,3,3,1,5,1,0,0,9,1,1,2,2,3,7,0,2,1,4,2,5,0,0
2864,0,5,3,3,1,5,1,0,0,5,1,1,2,2,3,3,0,2,1,4,2,4,0,0
2865,0,5,0,3,1,5,1,0,0,5,1,1,2,2,3,3,0,2,1,4,2,5,0,0
2866,0,5,0,2,1,5,1,0,0,5,1,1,2,2,3,6,0,2,1,4,3,5,0,0
2867,0,5,3,4,1,5,1,0,0,9,1,1,2,2,6,6,0,2,1,4,3,5,0,0
2868,0,5,3,3,1,5,1,0,0,7,1,1,2,2,6,3,0,2,1,4,3,5,0,0
2869,0,5,3,2,1,5,1,0,0,9,1,1,2,2,3,7,0,2,1,4,2,4,0,0
2870,0,5,3,4,1,5,1,0,0,7,1,1,2,2,7,7,0,2,1,4,2,4,0,0
2871,0,5,3,3,1,5,1,0,0,10,1,1,2,2,6,3,0,2,1,4,3,4,0,0
2872,0,5,3,4,1,5,1,0,0,9,1,1,2,2,6,7,0,2,1,4,3,5,0,0
2873,0,5,0,2,1,5,1,0,0,7,1,1,2,2,6,7,0,2,1,4,2,5,0,0
2874,0,5,0,2,1,5,1,0,0,7,1,1,2,2,7,6,0,2,1,4,3,5,0,0
2875,0,5,3,3,1,5,1,0,0,10,1,1,2,2,7,6,0,2,1,4,3,5,0,0
2876,0,2,0,3,1,5,1,0,0,5,1,1,2,2,3,7,0,2,1,4,2,5,0,0
2877,0,2,0,2,1,5,1,0,0,10,1,1,2,2,7,6,0,2,1,4,3,5,0,0
2878,0,2,0,3,1,5,1,0,0,7,1,1,2,2,3,3,0,2,1,4,3,5,0,0
2879,0,5,3,2,1,5,1,0,0,7,1,1,2,2,3,7,0,2,1,4,3,5,0,0
2880,0,5,3,2,1,5,1,0,0,7,1,1,2,2,3,7,0,2,1,4,3,4,0,0
2881,0,5,2,8,0,5,1,1,0,4,1,3,2,0,7,7,0,2,1,0,2,3,1,2
2882,0,5,3,4,1,5,1,0,0,10,1,1,2,2,7,6,0,2,1,4,2,4,0,0
2883,0,5,3,2,1,5,1,0,0,5,1,1,2,2,7,7,0,2,1,4,3,5,0,0
2884,0,2,0,2,1,5,1,0,0,9,1,1,2,2,6,6,0,2,1,4,2,4,0,0
2885,0,5,0,3,1,5,1,0,0,5,1,1,2,2,7,6,0,2,1,4,2,5,0,0
2886,0,2,0,4,1,5,1,0,0,5,1,1,2,2,6,3,0,2,1,4,2,4,0,0
2887,1,5,2,3,0,1,1,0,1,5,0,1,2,2,7,7,0,2,1,4,2,4,0,0
2888,0,2,3,2,1,5,1,0,0,10,1,1,2,2,6,6,0,2,1,4,2,4,0,0
2889,0,5,3,3,1,5,1,0,0,10,1,1,2,2,7,3,0,2,1,4,2,4,0,0
2890,0,5,0,4,0,5,1,1,0,4,1,3,2,2,7,7,0,2,1,0,2,0,1,2
2891,0,5,3,2,1,5,1,0,0,9,1,1,2,2,7,3,0,2,1,4,2,5,0,0
2892,1,5,0,8,0,1,1,1,1,9,0,1,2,2,7,7,0,2,1,4,3,4,0,0
2893,0,5,3,2,1,5,1,0,0,7,1,1,2,2,3,6,0,2,1,4,2,4,0,0
2894,0,2,0,3,1,5,1,0,0,7,1,1,2,2,6,6,0,2,1,4,2,4,0,0
2895,0,2,0,4,1,5,1,0,0,9,1,1,2,2,7,3,0,2,1,4,2,4,0,0
2896,0,5,3,4,1,5,1,0,0,7,1,1,2,2,6,6,0,2,1,4,2,4,0,0
2897,0,2,0,4,1,5,1,0,0,9,1,1,2,2,3,3,0,2,1,4,2,4,0,0
2898,0,5,0,3,1,5,1,0,0,5,1,1,2,2,7,7,0,2,1,4,3,5,0,0
2899,0,2,3,4,1,5,1,0,0,5,1,1,2,2,3,6,0,2,1,4,2,4,0,0
2900,0,5,3,3,1,5,1,0,0,10,1,1,2,2,3,7,0,2,1,4,3,5,0,0
2901,0,2,3,4,1,5,1,0,0,7,1,1,2,2,3,6,0,2,1,4,3,5,0,0
2902,0,5,0,3,1,5,1,0,0,5,1,1,2,2,6,7,0,2,1,4,3,4,0,0
2903,1,5,0,3,0,2,1,0,0,3,0,1,1,1,4,6,0,2,1,2,1,5,4,2
2904,0,5,3,3,1,5,1,0,0,5,1,1,2,2,7,7,0,2,1,4,3,5,0,0
2905,0,5,3,3,1,5,1,0,0,10,1,1,2,2,7,7,0,2,1,4,2,4,0,0
2906,0,5,0,3,1,5,1,0,0,5,1,1,2,2,6,3,0,2,1,4,2,5,0,0
2907,0,5,0,2,1,5,1,0,0,7,1,1,2,2,6,6,0,2,1,4,2,5,0,0
2908,0,5,0,3,1,5,1,0,0,7,1,1,2,2,7,7,0,2,1,4,2,5,0,0
2909,0,5,0,3,1,5,1,0,0,7,1,1,2,2,7,6,0,2,1,4,3,5,0,0
2910,0,2,0,3,1,5,1,0,0,5,1,1,2,2,3,7,0,2,1,4,3,5,0,0
2911,0,5,3,2,1,5,1,0,0,5,1,1,2,2,3,3,0,2,1,4,3,5,0,0
2912,0,5,0,3,1,5,1,0,0,7,1,1,2,2,3,7,0,2,1,4,3,4,0,0
2913,0,5,3,2,1,5,1,0,0,9,1,1,2,2,6,6,0,2,1,4,2,4,0,0
2914,0,5,0,4,1,5,1,0,0,10,1,1,2,2,6,3,0,2,1,4,2,5,0,0
2915,0,5,3,3,1,5,1,0,0,9,1,1,2,2,3,3,0,2,1,4,3,4,0,0
2916,0,5,3,2,1,5,1,0,0,5,1,1,2,2,7,6,0,2,1,4,3,5,0,0
2917,0,2,0,4,1,5,1,0,0,7,1,1,2,2,6,6,0,2,1,4,2,5,0,0
2918,0,5,0,2,1,5,1,0,0,10,1,1,2,2,7,7,0,2,1,4,2,5,0,0
2919,0,2,3,4,1,5,1,0,0,9,1,1,2,2,7,3,0,2,1,4,3,4,0,0
2920,0,5,3,4,1,5,1,0,0,10,1,1,2,2,3,3,0,2,1,4,2,5,0,0
2921,0,5,3,3,1,5,1,0,0,9,1,1,2,2,3,6,0,2,1,4,3,4,0,0
2922,0,2,0,2,1,5,1,0,0,9,1,1,2,2,6,7,0,2,1,4,2,5,0,0
2923,0,5,0,3,1,5,1,0,0,9,1,1,2,2,3,6,0,2,1,4,2,5,0,0
2924,0,5,3,3,1,5,1,0,0,5,1,1,2,2,6,7,0,2,1,4,2,5,0,0
2925,0,5,3,3,1,5,1,0,0,10,1,1,2,2,7,7,0,2,1,4,3,5,0,0
2926,1,5,0,3,0,2,1,0,0,2,0,1,1,1,0,4,0,2,1,2,1,5,4,2
2927,0,5,0,3,1,5,1,0,0,7,1,1,2,2,7,3,0,2,1,4,2,4,0,0
2928,0,5,0,3,1,5,1,0,0,5,1,1,2,2,3,6,0,2,1,4,3,5,0,0
2929,0,5,0,4,1,5,1,0,0,7,1,1,2,2,7,7,0,2,1,4,3,4,0,0
2930,0,5,0,3,1,5,1,0,0,10,1,1,2,2,3,7,0,2,1,4,3,4,0,0
2931,0,2,0,4,1,5,1,0,0,5,1,1,2,2,7,7,0,2,1,4,2,5,0,0
2932,0,5,3,4,1,5,1,0,0,7,1,1,2,2,3,3,0,2,1,4,2,5,0,0
2933,0,5,0,2,1,5,1,0,0,7,1,1,2,2,6,7,0,2,1,4,2,4,0,0
2934,0,5,3,4,1,5,1,0,0,10,1,1,2,2,3,3,0,2,1,4,2,4,0,0
2935,0,2,3,3,1,5,1,0,0,10,1,1,2,2,7,7,0,2,1,4,2,4,0,0
2936,0,2,0,3,1,5,1,0,0,5,1,1,2,2,3,7,0,2,1,4,3,4,0,0
2937,1,5,0,3,0,2,1,0,0,3,0,1,1,1,6,0,0,2,1,2,1,4,4,2
2938,0,5,0,4,1,5,1,0,0,9,1,1,2,2,6,7,0,2,1,4,3,5,0,0
2939,0,5,3,4,1,5,1,0,0,9,1,1,2,2,3,3,0,2,1,4,2,5,0,0
2940,0,5,0,2,1,5,1,0,0,5,1,1,2,2,3,3,0,2,1,4,3,4,0,0
2941,0,5,0,4,1,5,1,0,0,9,1,1,2,2,6,3,0,2,1,4,3,4,0,0
2942,0,2,0,4,1,5,1,0,0,7,1,1,2,2,7,6,0,2,1,4,3,5,0,0
2943,0,5,3,3,1,5,1,0,0,10,1,1,2,2,7,3,0,2,1,4,3,4,0,0
2944,0,5,3,4,1,5,1,0,0,9,1,1,2,2,7,3,0,2,1,4,2,4,0,0
2945,0,5,3,2,1,5,1,0,0,7,1,1,2,2,7,7,0,2,1,4,3,5,0,0
2946,0,2,0,3,1,5,1,0,0,7,1,1,2,2,7,3,0,2,1,4,2,5,0,0
2947,0,5,0,3,1,5,1,0,0,10,1,1,2,2,6,6,0,2,1,4,2,4,0,0
2948,0,5,3,2,1,5,1,0,0,5,1,1,2,2,6,3,0,2,1,4,3,4,0,0
2949,0,5,3,2,1,5,1,0,0,9,1,1,2,2,7,7,0,2,1,4,3,4,0,0
2950,0,5,0,3,1,5,1,0,0,7,1,1,2,2,6,6,0,2,1,4,2,5,0,0
2951,0,5,3,4,1,5,1,0,0,7,1,1,2,2,6,3,0,2,1,4,3,4,0,0
2952,0,5,0,2,1,5,1,0,0,9,1,1,2,2,6,7,0,2,1,4,2,5,0,0
2953,0,2,0,4,1,5,1,0,0,5,1,1,2,2,3,6,0,2,1,4,3,5,0,0
2954,0,5,0,2,1,5,1,0,0,7,1,1,2,2,7,3,0,2,1,4,3,5,0,0
2955,0,2,0,4,1,5,1,0,0,5,1,1,2,2,7,6,0,2,1,4,3,4,0,0
2956,0,5,3,2,1,5,1,0,0,5,1,1,2,2,6,3,0,2,1,4,2,5,0,0
2957,0,5,0,4,1,5,1,0,0,5,1,1,2,2,3,7,0,2,1,4,2,5,0,0
2958,0,5,0,2,1,5,1,0,0,10,1,1,2,2,7,6,0,2,1,4,3,5,0,0
2959,0,5,0,2,1,5,1,0,0,10,1,1,2,2,6,3,0,2,1,4,2,4,0,0
2960,0,5,0,4,1,5,1,0,0,9,1,1,2,2,3,7,0,2,1,4,2,4,0,0
2961,0,5,3,4,1,5,1,0,0,5,1,1,2,2,3,7,0,2,1,4,3,5,0,0
2962,0,5,3,2,1,5,1,0,0,10,1,1,2,2,7,7,0,2,1,4,3,5,0,0
2963,0,2,0,4,1,5,1,0,0,9,1,1,2,2,6,3,0,2,1,4,3,5,0,0
2964,0,5,3,4,1,5,1,0,0,9,1,1,2,2,6,7,0,2,1,4,2,5,0,0
2965,0,5,3,2,1,5,1,0,0,9,1,1,2,2,7,3,0,2,1,4,3,4,0,0
2966,0,2,0,3,0,5,1,1,0,5,1,3,0,2,7,7,0,2,1,0,3,3,1,2
2967,0,5,3,2,1,5,1,0,0,10,1,1,2,2,7,3,0,2,1,4,2,4,0,0
2968,0,5,3,2,1,5,1,0,0,7,1,1,2,2,3,3,0,2,1,4,3,5,0,0
2969,0,2,0,4,1,5,1,0,0,9,1,1,2,2,3,6,0,2,1,4,3,5,0,0
2970,0,2,0,4,1,5,1,0,0,5,1,1,2,2,3,3,0,2,1,4,2,5,0,0
2971,0,5,0,3,1,5,1,0,0,9,1,1,2,2,6,6,0,2,1,4,2,4,0,0
2972,0,5,3,3,1,5,1,0,0,10,1,1,2,2,7,6,0,2,1,4,2,4,0,0
2973,0,5,0,4,1,5,1,0,0,9,1,1,2,2,7,6,0,2,1,4,3,5,0,0
2974,0,2,0,4,1,5,1,0,0,10,1,1,2,2,6,7,0,2,1,4,3,5,0,0
2975,0,5,3,4,1,5,1,0,0,9,1,1,2,2,6,6,0,2,1,4,2,5,0,0
2976,0,5,3,3,1,5,1,0,0,9,1,1,2,2,6,6,0,2,1,4,2,4,0,0
2977,0,5,0,3,1,5,1,0,0,10,1,1,2,2,3,6,0,2,1,4,3,5,0,0
2978,0,5,3,2,1,5,1,0,0,7,1,1,2,2,7,3,0,2,1,4,2,5,0,0
2979,0,5,0,3,1,5,1,0,0,9,1,1,2,2,7,3,0,2,1,4,3,4,0,0
2980,0,5,3,2,1,5,1,0,0,9,1,1,2,2,7,6,0,2,1,4,3,4,0,0
2981,0,5,0,3,1,5,1,0,0,7,1,1,2,2,6,7,0,2,1,4,3,4,0,0
2982,0,5,0,2,1,5,1,0,0,9,1,1,2,2,3,7,0,2,1,4,3,4,0,0
2983,0,5,0,2,1,5,1,0,0,10,1,1,2,2,7,7,0,2,1,4,3,4,0,0
2984,0,5,0,2,1,5,1,0,0,9,1,1,2,2,7,3,0,2,1,4,2,5,0,0
2985,0,2,3,3,1,5,1,0,0,10,1,1,2,2,3,6,0,2,1,4,2,5,0,0
2986,0,5,0,3,1,5,1,0,0,10,1,1,2,2,3,6,0,2,1,4,2,5,0,0
2987,0,5,0,2,1,5,1,0,0,10,1,1,2,2,3,6,0,2,1,4,2,4,0,0
2988,0,5,0,3,1,5,1,0,0,10,1,1,2,2,7,7,0,2,1,4,3,5,0,0
2989,0,2,0,4,1,5,1,0,0,7,1,1,2,2,7,7,0,2,1,4,2,4,0,0
2990,1,5,0,3,0,2,1,0,0,3,0,1,1,1,0,4,0,2,1,2,1,4,0,2
2991,0,5,0,4,1,5,1,0,0,10,1,1,2,2,7,7,0,2,1,4,2,4,0,0
2992,0,5,3,3,1,5,1,0,0,7,1,1,2,2,3,3,0,2,1,4,3,5,0,0
2993,0,2,0,4,1,5,1,0,0,5,1,1,2,2,3,3,0,2,1,4,3,5,0,0
2994,0,5,0,2,1,5,1,0,0,9,1,1,2,2,7,7,0,2,1,4,2,4,0,0
2995,0,2,0,3,1,5,1,0,0,9,1,1,2,2,3,6,0,2,1,4,2,4,0,0
2996,0,5,3,4,1,5,1,0,0,5,1,1,2,2,3,3,0,2,1,4,2,5,0,0
2997,0,5,3,2,1,5,1,0,0,5,1,1,2,2,3,6,0,2,1,4,2,5,0,0
2998,0,5,3,2,1,5,1,0,0,10,1,1,2,2,3,7,0,2,1,4,2,4,0,0
2999,0,5,3,4,1,5,1,0,0,9,1,1,2,2,7,6,0,2,1,4,3,4,0,0
3000,0,5,3,4,1,5,1,0,0,5,1,1,2,2,3,6,0,2,1,4,2,4,0,0
3001,1,5,3,9,0,2,1,0,0,3,0,1,1,1,0,4,0,2,1,2,1,4,4,2
3002,0,2,3,4,1,5,1,0,0,9,1,1,2,2,3,3,0,2,1,4,3,5,0,0
3003,1,5,0,3,0,2,1,0,0,7,0,1,1,1,0,4,0,2,1,2,1,5,0,0
3004,1,5,0,3,0,1,1,1,1,2,0,1,2,2,7,7,0,2,1,4,2,3,0,2
3005,0,2,0,3,1,5,1,0,0,9,1,1,2,2,6,6,0,2,1,4,3,5,0,0
3006,0,2,0,2,1,5,1,0,0,9,1,1,2,2,3,6,0,2,1,4,3,4,0,0
3007,0,2,3,4,1,5,1,0,0,7,1,1,2,2,7,7,0,2,1,4,2,5,0,0
3008,0,2,0,2,1,5,1,0,0,7,1,1,2,2,3,7,0,2,1,4,2,5,0,0
3009,1,5,0,3,0,2,1,0,0,3,0,1,1,1,6,6,0,2,1,2,1,5,4,2
3010,0,2,0,3,1,5,1,0,0,10,1,1,2,2,7,7,0,2,1,4,3,4,0,0
3011,0,2,3,2,1,5,1,0,0,9,1,1,2,2,6,3,0,2,1,4,2,5,0,0
3012,0,2,3,2,1,5,1,0,0,9,1,1,2,2,6,3,0,2,1,4,3,5,0,0
3013,1,5,0,8,0,1,1,0,1,7,0,1,2,2,7,7,0,2,1,4,3,3,0,2
3014,0,5,0,2,1,5,1,0,0,9,1,1,2,2,6,3,0,2,1,4,3,5,0,0
3015,0,2,3,4,1,5,1,0,0,9,1,1,2,2,7,7,0,2,1,4,2,4,0,0
3016,1,5,0,3,0,2,1,0,0,2,0,1,1,1,6,4,0,2,1,2,1,4,1,2
3017,1,5,0,3,0,2,1,0,0,2,0,1,1,1,6,0,0,2,1,2,1,5,4,2
3018,0,2,3,2,1,5,1,0,0,7,1,1,2,2,3,7,0,2,1,4,3,4,0,0
3019,0,2,3,2,1,5,1,0,0,5,1,1,2,2,3,7,0,2,1,4,2,4,0,0
3020,0,2,0,4,1,5,1,0,0,10,1,1,2,2,6,7,0,2,1,4,2,4,0,0
3021,0,2,0,3,1,5,1,0,0,10,1,1,2,2,7,3,0,2,1,4,2,4,0,0
3022,0,2,0,2,1,5,1,0,0,10,1,1,2,2,3,3,0,2,1,4,3,5,0,0
3023,0,2,3,2,1,5,1,0,0,9,1,1,2,2,3,6,0,2,1,4,3,4,0,0
3024,0,2,3,2,1,5,1,0,0,10,1,1,2,2,3,6,0,2,1,4,3,5,0,0
3025,0,2,3,2,1,5,1,0,0,7,1,1,2,2,3,7,0,2,1,4,2,4,0,0
3026,1,5,0,5,0,1,1,1,1,9,0,1,2,2,7,7,0,2,1,4,2,3,0,0
3027,1,5,0,3,0,2,1,0,0,2,0,1,1,1,4,0,0,2,1,2,1,5,0,2
3028,0,2,0,2,1,5,1,0,0,7,1,1,2,2,7,6,0,2,1,4,3,5,0,0
3029,0,2,3,3,1,5,1,0,0,10,1,1,2,2,3,6,0,2,1,4,2,4,0,0
3030,0,2,3,3,1,5,1,0,0,10,1,1,2,2,3,7,0,2,1,4,2,4,0,0
3031,0,2,0,3,1,5,1,0,0,10,1,1,2,2,7,6,0,2,1,4,3,5,0,0
3032,0,2,0,2,1,5,1,0,0,9,1,1,2,2,3,6,0,2,1,4,2,5,0,0
3033,0,2,3,2,1,5,1,0,0,10,1,1,2,2,6,7,0,2,1,4,3,4,0,0
3034,1,2,0,3,0,2,1,0,0,3,0,1,1,1,0,6,0,2,1,2,1,4,4,2
3035,0,2,3,4,1,5,1,0,0,10,1,1,2,2,3,6,0,2,1,4,3,5,0,0
3036,0,2,3,2,1,5,1,0,0,7,1,1,2,2,6,6,0,2,1,4,3,4,0,0
3037,1,5,0,3,0,1,1,0,1,7,0,1,2,2,7,7,0,2,1,4,3,3,0,0
3038,0,2,0,2,1,5,1,0,0,7,1,1,2,2,3,6,0,2,1,4,2,5,0,0
3039,0,2,3,2,1,5,1,0,0,7,1,1,2,2,7,3,0,2,1,4,2,4,0,0
3040,1,5,3,9,0,2,1,0,0,7,0,1,1,1,0,6,0,2,1,2,1,4,1,2
3041,1,2,0,9,0,2,1,0,0,7,0,1,1,1,6,6,0,2,1,2,1,4,0,2
3042,0,2,3,4,1,5,1,0,0,9,1,1,2,2,6,3,0,2,1,4,2,4,0,0
3043,0,2,3,4,1,5,1,0,0,7,1,1,2,2,7,3,0,2,1,4,2,4,0,0
3044,0,2,3,3,1,5,1,0,0,10,1,1,2,2,7,7,0,2,1,4,3,4,0,0
3045,0,2,3,4,1,5,1,0,0,7,1,1,2,2,7,7,0,2,1,4,3,4,0,0
3046,0,5,3,2,1,5,1,0,0,5,1,1,2,2,6,6,0,2,1,4,2,4,0,0
3047,1,5,2,5,0,1,1,1,1,5,0,1,2,2,7,7,0,2,1,4,3,4,0,2
3048,0,2,3,4,1,5,1,0,0,7,1,1,2,2,6,7,0,2,1,4,2,5,0,0
3049,0,5,3,2,1,5,1,0,0,9,1,1,2,2,6,7,0,2,1,4,2,4,0,0
3050,0,2,0,2,1,5,1,0,0,7,1,1,2,2,6,6,0,2,1,4,2,5,0,0
3051,0,2,3,4,1,5,1,0,0,5,1,1,2,2,3,3,0,2,1,4,2,4,0,0
3052,1,5,2,8,0,1,1,0,1,7,0,1,2,2,7,7,0,2,1,4,2,4,0,2
3053,0,2,0,3,1,5,1,0,0,10,1,1,2,2,7,3,0,2,1,4,3,4,0,0
3054,0,2,3,3,1,5,1,0,0,9,1,1,2,2,3,6,0,2,1,4,3,5,0,0
3055,0,2,3,3,1,5,1,0,0,7,1,1,2,2,6,6,0,2,1,4,3,4,0,0
3056,0,2,3,4,1,5,1,0,0,7,1,1,2,2,7,7,0,2,1,4,2,4,0,0
3057,1,5,2,3,0,1,1,0,1,9,0,1,2,2,7,7,0,2,1,4,3,3,0,0
3058,1,5,0,5,0,1,1,0,1,5,0,1,2,2,7,7,0,2,1,4,2,3,0,2
3059,0,2,3,2,1,5,1,0,0,9,1,1,2,2,3,3,0,2,1,4,2,5,0,0
3060,1,5,0,3,0,2,1,0,0,7,0,1,1,1,6,4,0,2,1,2,1,5,0,0
3061,1,5,2,8,0,1,1,1,1,2,0,1,2,2,7,7,0,2,1,4,2,4,0,2
3062,1,5,0,3,0,2,1,0,0,2,0,1,1,1,0,0,0,2,1,2,1,4,4,2
3063,0,2,3,4,1,5,1,0,0,5,1,1,2,2,6,6,0,2,1,4,3,4,0,0
3064,1,5,3,9,0,2,1,0,0,2,0,1,1,1,4,0,0,2,1,2,1,5,4,2
3065,0,2,3,3,1,5,1,0,0,9,1,1,2,2,6,3,0,2,1,4,3,4,0,0
3066,0,2,3,4,1,5,1,0,0,9,1,1,2,2,6,7,0,2,1,4,2,5,0,0
3067,0,2,3,3,1,5,1,0,0,7,1,1,2,2,7,3,0,2,1,4,2,5,0,0
3068,1,5,2,8,0,1,1,0,1,7,0,1,2,2,7,7,0,2,1,4,3,3,0,2
3069,1,5,0,3,0,2,1,0,0,2,0,1,1,1,4,0,0,2,1,2,1,4,4,2
3070,0,2,3,3,1,5,1,0,0,9,1,1,2,2,7,7,0,2,1,4,2,4,0,0
3071,0,5,3,4,1,5,1,0,0,10,1,1,2,2,6,7,0,2,1,4,2,5,0,0
3072,0,2,3,3,1,5,1,0,0,5,1,1,2,2,6,6,0,2,1,4,2,5,0,0
3073,1,5,0,3,0,2,1,0,0,7,0,1,1,1,4,6,0,2,1,2,1,4,4,0
3074,0,2,3,4,1,5,1,0,0,7,1,1,2,2,7,3,0,2,1,4,3,5,0,0
3075,1,2,0,3,0,2,1,0,0,3,0,1,1,1,6,0,0,2,1,2,1,5,4,2
3076,0,2,0,2,1,5,1,0,0,5,1,1,2,2,7,3,0,2,1,4,3,5,0,0
3077,0,5,0,4,1,5,1,0,0,9,1,1,2,2,7,7,0,2,1,4,2,4,0,0
3078,1,2,0,3,0,2,1,0,0,2,0,1,1,1,6,0,0,2,1,2,1,4,4,2
3079,0,2,3,3,1,5,1,0,0,9,1,1,2,2,6,7,0,2,1,4,2,4,0,0
3080,0,2,3,3,1,5,1,0,0,9,1,1,2,2,3,7,0,2,1,4,3,5,0,0
3081,0,2,3,2,1,5,1,0,0,7,1,1,2,2,6,3,0,2,1,4,3,5,0,0
3082,1,5,0,3,0,2,1,0,0,2,0,1,1,1,6,6,0,2,1,2,1,4,4,2
3083,0,2,0,2,1,5,1,0,0,7,1,1,2,2,7,7,0,2,1,4,3,4,0,0
3084,0,2,3,4,1,5,1,0,0,9,1,1,2,2,3,6,0,2,1,4,2,4,0,0
3085,1,5,0,3,0,2,1,0,0,7,0,1,1,1,4,6,0,2,1,2,1,4,1,0
3086,0,2,3,2,1,5,1,0,0,9,1,1,2,2,3,7,0,2,1,4,2,5,0,0
3087,1,5,0,3,0,2,1,0,0,3,0,1,1,1,6,0,0,2,1,2,1,5,0,2
3088,0,2,3,2,1,5,1,0,0,10,1,1,2,2,7,3,0,2,1,4,3,5,0,0
3089,1,5,0,3,0,2,1,0,0,3,0,1,1,1,0,4,0,2,1,2,1,5,1,2
3090,1,5,0,3,0,2,1,0,0,2,0,1,1,1,4,6,0,2,1,2,1,5,4,2
3091,1,5,0,3,0,2,1,0,0,2,0,1,1,1,0,0,0,2,1,2,1,5,1,2
3092,0,2,3,2,1,5,1,0,0,9,1,1,2,2,3,3,0,2,1,4,3,5,0,0
3093,1,5,0,3,0,2,1,0,0,7,0,1,1,1,4,0,0,2,1,2,1,4,1,0
3094,0,2,0,2,1,5,1,0,0,9,1,1,2,2,6,6,0,2,1,4,3,4,0,0
3095,1,5,2,3,0,1,1,1,1,2,0,1,2,2,7,7,0,2,1,4,3,4,0,2
3096,0,2,3,3,1,5,1,0,0,10,1,1,2,2,6,3,0,2,1,4,2,4,0,0
3097,1,5,2,5,0,1,1,0,1,7,0,1,2,2,7,7,0,2,1,4,3,3,0,0
3098,0,2,0,2,1,5,1,0,0,5,1,1,2,2,3,3,0,2,1,4,3,5,0,0
3099,0,2,0,2,1,5,1,0,0,9,1,1,2,2,3,3,0,2,1,4,3,5,0,0
3100,0,2,3,2,1,5,1,0,0,7,1,1,2,2,3,7,0,2,1,4,2,5,0,0
3101,0,2,3,4,1,5,1,0,0,5,1,1,2,2,7,6,0,2,1,4,2,5,0,0
3102,1,5,0,3,0,2,1,0,0,7,0,1,1,1,0,6,0,2,1,2,1,5,1,0
3103,1,2,0,9,0,2,1,0,0,2,0,1,1,1,4,4,0,2,1,2,1,5,4,2
3104,1,5,2,3,0,1,1,1,1,2,0,1,2,2,7,7,0,2,1,4,2,3,0,2
3105,0,2,0,2,1,5,1,0,0,9,1,1,2,2,3,6,0,2,1,4,2,4,0,0
3106,0,2,0,2,1,5,1,0,0,10,1,1,2,2,3,3,0,2,1,4,2,5,0,0
3107,0,2,3,2,1,5,1,0,0,9,1,1,2,2,6,6,0,2,1,4,2,4,0,0
3108,0,2,3,4,1,5,1,0,0,10,1,1,2,2,6,3,0,2,1,4,2,5,0,0
3109,1,5,0,3,0,2,1,0,0,7,0,1,1,1,6,0,0,2,1,2,1,4,1,0
3110,1,5,0,3,0,1,1,0,1,9,0,1,2,2,7,7,0,2,1,4,2,4,0,0
3111,0,2,0,3,1,5,1,0,0,10,1,1,2,2,7,6,0,2,1,4,2,5,0,0
3112,0,2,3,2,1,5,1,0,0,5,1,1,2,2,3,7,0,2,1,4,3,4,0,0
3113,0,2,3,2,1,5,1,0,0,5,1,1,2,2,3,6,0,2,1,4,2,4,0,0
3114,0,2,0,3,1,5,1,0,0,10,1,1,2,2,6,6,0,2,1,4,3,4,0,0
3115,0,2,3,4,1,5,1,0,0,7,1,1,2,2,3,6,0,2,1,4,2,5,0,0
3116,0,2,3,4,1,5,1,0,0,5,1,1,2,2,3,7,0,2,1,4,2,5,0,0
3117,0,2,0,2,1,5,1,0,0,5,1,1,2,2,3,6,0,2,1,4,2,4,0,0
3118,1,5,2,3,0,1,1,0,1,9,0,1,2,2,7,7,0,2,1,4,2,4,0,0
3119,1,5,0,8,0,1,1,0,1,5,0,1,2,2,7,7,0,2,1,4,3,4,0,2
3120,0,2,0,3,1,5,1,0,0,9,1,1,2,2,6,3,0,2,1,4,2,5,0,0
3121,0,2,3,3,1,5,1,0,0,10,1,1,2,2,3,7,0,2,1,4,3,5,0,0
3122,1,5,0,3,0,2,1,0,0,7,0,1,1,1,4,0,0,2,1,2,1,5,0,0
3123,0,5,3,2,1,5,1,0,0,5,1,1,2,2,7,3,0,2,1,4,2,4,0,0
3124,1,5,2,8,0,1,1,1,1,7,0,1,2,2,7,7,0,2,1,4,2,3,0,2
3125,0,2,3,3,1,5,1,0,0,5,1,1,2,2,6,6,0,2,1,4,3,5,0,0
3126,0,2,3,3,1,5,1,0,0,5,1,1,2,2,7,6,0,2,1,4,2,5,0,0
3127,0,2,3,3,1,5,1,0,0,7,1,1,2,2,7,6,0,2,1,4,3,4,0,0
3128,0,2,0,2,1,5,1,0,0,10,1,1,2,2,6,3,0,2,1,4,3,4,0,0
3129,0,2,3,4,1,5,1,0,0,10,1,1,2,2,6,7,0,2,1,4,3,5,0,0
3130,0,2,3,3,1,5,1,0,0,7,1,1,2,2,3,3,0,2,1,4,2,4,0,0
3131,0,2,3,4,1,5,1,0,0,9,1,1,2,2,7,3,0,2,1,4,3,5,0,0
3132,0,2,3,3,1,5,1,0,0,7,1,1,2,2,7,6,0,2,1,4,2,5,0,0
3133,0,2,3,3,1,5,1,0,0,9,1,1,2,2,3,6,0,2,1,4,3,4,0,0
3134,0,5,0,4,1,5,1,0,0,9,1,1,2,2,7,6,0,2,1,4,2,5,0,0
3135,0,2,3,2,1,5,1,0,0,7,1,1,2,2,7,6,0,2,1,4,2,5,0,0
3136,0,2,0,2,1,5,1,0,0,7,1,1,2,2,3,7,0,2,1,4,2,4,0,0
3137,0,2,3,2,1,5,1,0,0,7,1,1,2,2,7,6,0,2,1,4,3,4,0,0
3138,1,5,0,9,0,2,1,0,0,2,0,1,1,1,4,4,0,2,1,2,1,4,4,2
3139,0,2,3,3,1,5,1,0,0,9,1,1,2,2,6,7,0,2,1,4,3,5,0,0
3140,0,2,3,4,1,5,1,0,0,7,1,1,2,2,6,6,0,2,1,4,2,4,0,0
3141,1,5,0,3,0,2,1,0,0,7,0,1,1,1,6,0,0,2,1,2,1,5,0,0
3142,0,2,3,3,1,5,1,0,0,10,1,1,2,2,6,6,0,2,1,4,2,5,0,0
3143,0,2,3,3,1,5,1,0,0,9,1,1,2,2,7,3,0,2,1,4,2,5,0,0
3144,0,2,3,3,1,5,1,0,0,7,1,1,2,2,3,7,0,2,1,4,3,5,0,0
3145,0,2,3,2,1,5,1,0,0,5,1,1,2,2,3,3,0,2,1,4,3,5,0,0
3146,0,2,3,3,1,5,1,0,0,5,1,1,2,2,3,6,0,2,1,4,2,4,0,0
3147,1,5,2,8,0,1,1,0,1,2,0,1,2,2,7,7,0,2,1,4,3,3,0,2
3148,1,5,0,8,0,1,1,1,1,5,0,1,2,2,7,7,0,2,1,4,3,3,0,2
3149,0,2,0,4,1,5,1,0,0,5,1,1,2,2,7,7,0,2,1,4,2,4,0,0
3150,0,2,0,2,1,5,1,0,0,9,1,1,2,2,7,6,0,2,1,4,2,5,0,0
3151,0,2,3,2,1,5,1,0,0,5,1,1,2,2,3,6,0,2,1,4,3,5,0,0
3152,1,5,0,3,0,2,1,0,0,3,0,1,1,1,4,6,0,2,1,2,1,5,0,2
3153,0,2,0,3,1,5,1,0,0,7,1,1,2,2,3,7,0,2,1,4,3,4,0,0
3154,0,2,0,3,1,5,1,0,0,5,1,1,2,2,7,6,0,2,1,4,2,5,0,0
3155,0,2,0,3,1,5,1,0,0,9,1,1,2,2,7,7,0,2,1,4,2,5,0,0
3156,1,5,2,8,0,1,1,1,1,2,0,1,2,2,7,7,0,2,1,4,3,3,0,2
3157,0,5,3,2,1,5,1,0,0,5,1,1,2,2,7,6,0,2,1,4,2,4,0,0
3158,0,2,3,2,1,5,1,0,0,9,1,1,2,2,6,3,0,2,1,4,2,4,0,0
3159,1,5,0,3,0,2,1,0,0,2,0,1,1,1,6,0,0,2,1,2,1,5,0,2
3160,0,2,0,2,1,5,1,0,0,10,1,1,2,2,7,3,0,2,1,4,2,5,0,0
3161,1,5,0,3,0,2,1,0,0,7,0,1,1,1,4,0,0,2,1,2,1,4,4,0
3162,1,5,0,5,0,1,1,1,1,2,0,1,2,2,7,7,0,2,1,4,2,3,0,2
3163,0,2,3,3,1,5,1,0,0,10,1,1,2,2,6,7,0,2,1,4,2,4,0,0
3164,1,5,0,3,0,2,1,0,0,2,0,1,1,1,4,6,0,2,1,2,1,4,4,2
3165,1,5,0,8,0,1,1,0,1,2,0,1,2,2,7,7,0,2,1,4,3,3,0,2
3166,1,5,0,3,0,2,1,0,0,7,0,1,1,1,6,6,0,2,1,2,1,4,4,0
3167,0,2,3,2,1,5,1,0,0,10,1,1,2,2,6,3,0,2,1,4,3,4,0,0
3168,1,5,3,3,0,2,1,0,0,7,0,1,1,1,4,6,0,2,1,2,1,4,4,0
3169,1,5,2,3,0,1,1,1,1,9,0,1,2,2,7,7,0,2,1,4,3,3,0,0
3170,0,2,3,3,1,5,1,0,0,5,1,1,2,2,3,3,0,2,1,4,3,5,0,0
3171,0,2,3,4,1,5,1,0,0,7,1,1,2,2,3,6,0,2,1,4,2,4,0,0
3172,0,2,0,2,1,5,1,0,0,5,1,1,2,2,7,7,0,2,1,4,3,5,0,0
3173,1,5,0,3,0,2,1,0,0,7,0,1,1,1,4,4,0,2,1,2,1,4,4,0
3174,1,5,0,5,0,1,1,1,1,2,0,1,2,2,7,7,0,2,1,4,2,4,0,2
3175,0,5,3,4,1,5,1,0,0,7,1,1,2,2,3,6,0,2,1,4,3,4,0,0
3176,0,2,0,2,1,5,1,0,0,10,1,1,2,2,6,6,0,2,1,4,2,5,0,0
3177,0,2,3,4,1,5,1,0,0,10,1,1,2,2,7,3,0,2,1,4,2,5,0,0
3178,0,2,3,3,1,5,1,0,0,5,1,1,2,2,3,3,0,2,1,4,2,4,0,0
3179,1,5,3,3,0,2,1,0,0,2,0,1,1,1,4,6,0,2,1,2,1,4,1,2
3180,0,2,3,4,1,5,1,0,0,9,1,1,2,2,7,7,0,2,1,4,3,4,0,0
3181,1,5,0,5,0,1,1,0,1,9,0,1,2,2,7,7,0,2,1,4,2,4,0,0
3182,1,5,0,8,0,1,1,0,1,5,0,1,2,2,7,7,0,2,1,4,2,3,0,2
3183,0,2,0,2,1,5,1,0,0,10,1,1,2,2,3,7,0,2,1,4,3,5,0,0
3184,0,2,3,4,1,5,1,0,0,7,1,1,2,2,3,7,0,2,1,4,3,5,0,0
3185,0,2,3,2,1,5,1,0,0,9,1,1,2,2,3,6,0,2,1,4,2,4,0,0
3186,0,2,3,3,1,5,1,0,0,9,1,1,2,2,3,7,0,2,1,4,2,4,0,0
3187,1,5,0,3,0,2,1,0,0,2,0,1,1,1,0,0,0,2,1,2,1,4,0,2
3188,1,5,0,3,0,2,1,0,0,7,0,1,1,1,4,0,0,2,1,2,1,5,4,0
3189,0,2,0,2,1,5,1,0,0,7,1,1,2,2,7,7,0,2,1,4,2,5,0,0
3190,1,5,3,9,0,2,1,0,0,2,0,1,1,1,6,4,0,2,1,2,1,4,1,2
3191,1,5,2,5,0,1,1,0,1,9,0,1,2,2,7,7,0,2,1,4,2,3,0,0
3192,0,2,0,2,1,5,1,0,0,7,1,1,2,2,3,7,0,2,1,4,3,5,0,0
3193,1,2,0,9,0,2,1,0,0,7,0,1,1,1,0,4,0,2,1,2,1,4,0,2
3194,0,2,3,2,1,5,1,0,0,9,1,1,2,2,3,6,0,2,1,4,2,5,0,0
3195,0,2,3,2,1,5,1,0,0,5,1,1,2,2,7,3,0,2,1,4,3,4,0,0
3196,0,5,0,4,1,5,1,0,0,9,1,1,2,2,7,7,0,2,1,4,2,5,0,0
3197,0,2,0,2,1,5,1,0,0,10,1,1,2,2,3,6,0,2,1,4,2,4,0,0
3198,0,2,0,3,1,5,1,0,0,10,1,1,2,2,7,6,0,2,1,4,3,4,0,0
3199,1,5,0,3,0,2,1,0,0,7,0,1,1,1,0,0,0,2,1,2,1,4,1,0
3200,0,2,3,2,1,5,1,0,0,9,1,1,2,2,6,6,0,2,1,4,3,5,0,0
3201,1,2,0,3,0,2,1,0,0,3,0,1,1,1,4,0,0,2,1,2,1,5,4,2
3202,0,2,3,2,1,5,1,0,0,9,1,1,2,2,3,7,0,2,1,4,3,5,0,0
3203,0,2,0,2,1,5,1,0,0,7,1,1,2,2,6,7,0,2,1,4,2,4,0,0
3204,0,2,0,3,1,5,1,0,0,10,1,1,2,2,3,3,0,2,1,4,3,5,0,0
3205,1,5,0,3,0,2,1,0,0,2,0,1,1,1,0,6,0,2,1,2,1,5,1,2
3206,0,2,3,3,1,5,1,0,0,9,1,1,2,2,6,3,0,2,1,4,2,4,0,0
3207,0,2,3,3,1,5,1,0,0,9,1,1,2,2,3,6,0,2,1,4,2,5,0,0
3208,1,5,0,3,0,2,1,0,0,3,0,1,1,1,4,4,0,2,1,2,1,4,1,2
3209,1,5,0,8,0,1,1,0,1,9,0,1,2,2,7,7,0,2,1,4,3,3,0,0
3210,0,2,0,2,1,5,1,0,0,10,1,1,2,2,7,3,0,2,1,4,2,4,0,0
3211,1,5,0,9,0,2,1,0,0,2,0,1,1,1,4,0,0,2,1,2,1,4,0,2
3212,0,2,3,2,1,5,1,0,0,10,1,1,2,2,6,3,0,2,1,4,3,5,0,0
3213,0,2,3,3,1,5,1,0,0,5,1,1,2,2,6,6,0,2,1,4,3,4,0,0
3214,0,2,0,2,1,5,1,0,0,5,1,1,2,2,7,3,0,2,1,4,2,4,0,0
3215,0,2,0,3,1,5,1,0,0,9,1,1,2,2,7,6,0,2,1,4,3,4,0,0
3216,0,2,3,3,1,5,1,0,0,10,1,1,2,2,3,3,0,2,1,4,2,4,0,0
3217,0,2,0,2,1,5,1,0,0,7,1,1,2,2,6,3,0,2,1,4,3,4,0,0
3218,1,5,2,3,0,1,1,1,1,2,0,1,2,2,7,7,0,2,1,4,2,4,0,2
3219,0,2,3,3,1,5,1,0,0,9,1,1,2,2,7,7,0,2,1,4,3,5,0,0
3220,0,2,3,4,1,5,1,0,0,10,1,1,2,2,7,3,0,2,1,4,3,5,0,0
3221,0,2,3,3,1,5,1,0,0,5,1,1,2,2,6,3,0,2,1,4,3,5,0,0
3222,0,2,3,3,1,5,1,0,0,5,1,1,2,2,7,6,0,2,1,4,3,5,0,0
3223,0,2,3,4,1,5,1,0,0,10,1,1,2,2,3,7,0,2,1,4,2,5,0,0
3224,0,5,0,3,1,5,1,0,0,5,1,1,2,2,7,3,0,2,1,4,3,4,0,0
3225,0,2,0,3,1,5,1,0,0,9,1,1,2,2,3,6,0,2,1,4,3,5,0,0
3226,1,5,0,3,0,2,1,0,0,7,0,1,1,1,6,0,0,2,1,2,1,5,4,0
3227,1,5,2,8,0,1,1,1,1,7,0,1,2,2,7,7,0,2,1,4,2,4,0,2
3228,0,2,0,3,1,5,1,0,0,9,1,1,2,2,6,3,0,2,1,4,2,4,0,0
3229,0,2,0,3,1,5,1,0,0,10,1,1,2,2,3,7,0,2,1,4,2,4,0,0
3230,0,2,3,3,1,5,1,0,0,5,1,1,2,2,7,3,0,2,1,4,3,4,0,0
3231,1,5,0,3,0,2,1,0,0,3,0,1,1,1,6,0,0,2,1,2,1,5,4,2
3232,1,5,2,8,0,1,1,1,1,9,0,1,2,2,7,7,0,2,1,4,3,3,0,0
3233,1,5,0,3,0,2,1,0,0,7,0,1,1,1,4,4,0,2,1,2,1,5,4,0
3234,0,5,3,3,1,5,1,0,0,5,1,1,2,2,6,6,0,2,1,4,2,5,0,0
3235,1,5,0,3,0,2,1,0,0,3,0,1,1,1,0,4,0,2,1,2,1,4,1,2
3236,0,2,3,2,1,5,1,0,0,7,1,1,2,2,7,7,0,2,1,4,3,5,0,0
3237,0,2,3,3,1,5,1,0,0,7,1,1,2,2,7,6,0,2,1,4,3,5,0,0
3238,0,5,0,3,1,5,1,0,0,10,1,1,2,2,3,7,0,2,1,4,2,4,0,0
3239,1,5,0,3,0,2,1,0,0,3,0,1,1,1,0,0,0,2,1,2,1,4,0,2
3240,0,2,3,3,1,5,1,0,0,7,1,1,2,2,6,7,0,2,1,4,2,5,0,0
3241,0,2,3,3,1,5,1,0,0,5,1,1,2,2,6,6,0,2,1,4,2,4,0,0
3242,1,5,2,8,0,1,1,0,1,7,0,1,2,2,7,7,0,2,1,4,2,3,0,2
3243,1,5,3,9,0,2,1,0,0,2,0,1,1,1,0,4,0,2,1,2,1,5,1,2
3244,0,2,0,2,1,5,1,0,0,5,1,1,2,2,6,3,0,2,1,4,2,5,0,0
3245,1,5,0,3,0,2,1,0,0,2,0,1,1,1,6,6,0,2,1,2,1,5,0,2
3246,1,5,0,3,0,2,1,0,0,2,0,1,1,1,4,4,0,2,1,2,1,5,0,2
3247,0,5,3,4,1,5,1,0,0,9,1,1,2,2,7,3,0,2,1,4,3,4,0,0
3248,1,5,0,3,0,2,1,0,0,2,0,1,1,1,0,4,0,2,1,2,1,5,1,2
3249,0,2,3,4,1,5,1,0,0,9,1,1,2,2,6,3,0,2,1,4,3,5,0,0
3250,0,2,0,3,1,5,1,0,0,9,1,1,2,2,7,6,0,2,1,4,2,5,0,0
3251,0,2,3,3,1,5,1,0,0,7,1,1,2,2,3,6,0,2,1,4,3,4,0,0
3252,0,2,3,3,1,5,1,0,0,9,1,1,2,2,6,6,0,2,1,4,2,5,0,0
3253,1,5,2,3,0,1,1,1,1,5,0,1,2,2,7,7,0,2,1,4,3,3,0,0
3254,0,2,0,3,1,5,1,0,0,10,1,1,2,2,6,3,0,2,1,4,2,4,0,0
3255,0,2,3,2,1,5,1,0,0,5,1,1,2,2,6,3,0,2,1,4,3,4,0,0
3256,0,2,3,4,1,5,1,0,0,5,1,1,2,2,3,7,0,2,1,4,3,4,0,0
3257,0,2,3,3,1,5,1,0,0,9,1,1,2,2,3,6,0,2,1,4,2,4,0,0
3258,1,5,0,5,0,1,1,0,1,2,0,1,2,2,7,7,0,2,1,4,3,4,0,2
3259,1,5,0,3,0,2,1,0,0,7,0,1,1,1,4,6,0,2,1,2,1,5,1,0
3260,0,2,3,3,1,5,1,0,0,7,1,1,2,2,3,6,0,2,1,4,2,5,0,0
3261,0,2,0,3,1,5,1,0,0,9,1,1,2,2,7,3,0,2,1,4,2,5,0,0
3262,1,5,2,5,0,1,1,1,1,7,0,1,2,2,7,7,0,2,1,4,3,4,0,0
3263,0,5,3,3,1,5,1,0,0,9,1,1,2,2,7,6,0,2,1,4,3,5,0,0
3264,1,5,0,3,0,2,1,0,0,3,0,1,1,1,6,4,0,2,1,2,1,5,4,2
3265,1,5,0,3,0,2,1,0,0,3,0,1,1,1,0,4,0,2,1,2,1,5,4,2
3266,0,2,3,4,1,5,1,0,0,10,1,1,2,2,6,6,0,2,1,4,3,5,0,0
3267,0,2,3,4,1,5,1,0,0,7,1,1,2,2,6,7,0,2,1,4,3,4,0,0
3268,1,5,2,3,0,1,1,0,1,9,0,1,2,2,7,7,0,2,1,4,3,4,0,0
3269,1,2,0,3,0,2,1,0,0,2,0,1,1,1,4,4,0,2,1,2,1,4,0,2
3270,1,5,0,5,0,1,1,1,1,7,0,1,2,2,7,7,0,2,1,4,3,3,0,0
3271,0,2,3,2,1,5,1,0,0,10,1,1,2,2,3,7,0,2,1,4,2,4,0,0
3272,0,2,3,3,1,5,1,0,0,10,1,1,2,2,7,6,0,2,1,4,2,4,0,0
3273,0,2,0,2,1,5,1,0,0,5,1,1,2,2,3,6,0,2,1,4,3,5,0,0
3274,1,5,0,9,0,2,1,0,0,7,0,1,1,1,6,0,0,2,1,2,1,5,1,2
3275,0,2,0,3,1,5,1,0,0,10,1,1,2,2,3,7,0,2,1,4,2,5,0,0
3276,1,5,0,8,0,1,1,1,1,7,0,1,2,2,7,7,0,2,1,4,2,4,0,2
3277,1,5,0,3,0,2,1,0,0,2,0,1,1,1,4,4,0,2,1,2,1,4,0,2
3278,0,2,0,2,1,5,1,0,0,7,1,1,2,2,6,3,0,2,1,4,3,5,0,0
3279,0,2,3,3,1,5,1,0,0,10,1,1,2,2,3,6,0,2,1,4,3,5,0,0
3280,1,5,0,3,0,2,1,0,0,7,0,1,1,1,0,4,0,2,1,2,1,4,4,0
3281,1,5,0,3,0,2,1,0,0,3,0,1,1,1,4,6,0,2,1,2,1,4,4,2
3282,1,5,2,5,0,1,1,1,1,7,0,1,2,2,7,7,0,2,1,4,2,4,0,0
3283,0,5,3,3,1,5,1,0,0,9,1,1,2,2,7,3,0,2,1,4,2,4,0,0
3284,1,5,0,3,0,2,1,0,0,7,0,1,1,1,0,6,0,2,1,2,1,4,0,0
3285,0,2,3,4,1,5,1,0,0,10,1,1,2,2,6,3,0,2,1,4,3,5,0,0
3286,0,5,3,4,1,5,1,0,0,9,1,1,2,2,7,7,0,2,1,4,3,4,0,0
3287,0,2,3,2,1,5,1,0,0,7,1,1,2,2,3,3,0,2,1,4,3,5,0,0
3288,0,2,3,3,1,5,1,0,0,7,1,1,2,2,7,3,0,2,1,4,3,5,0,0
3289,0,2,0,2,1,5,1,0,0,7,1,1,2,2,7,3,0,2,1,4,2,5,0,0
3290,0,2,3,3,1,5,1,0,0,7,1,1,2,2,3,7,0,2,1,4,2,5,0,0
3291,0,2,0,3,1,5,1,0,0,10,1,1,2,2,7,3,0,2,1,4,3,5,0,0
3292,1,5,0,5,0,1,1,1,1,5,0,1,2,2,7,7,0,2,1,4,2,3,0,2
3293,0,2,0,2,1,5,1,0,0,5,1,1,2,2,3,3,0,2,1,4,3,4,0,0
3294,0,2,0,2,1,5,1,0,0,9,1,1,2,2,3,7,0,2,1,4,2,4,0,0
3295,1,5,2,8,0,1,1,1,1,5,0,1,2,2,7,7,0,2,1,4,3,3,0,2
3296,0,2,0,3,1,5,1,0,0,10,1,1,2,2,3,6,0,2,1,4,2,5,0,0
3297,0,2,3,4,1,5,1,0,0,5,1,1,2,2,7,7,0,2,1,4,2,4,0,0
3298,1,5,0,3,0,2,1,0,0,3,0,1,1,1,6,6,0,2,1,2,1,4,1,2
3299,0,2,0,2,1,5,1,0,0,5,1,1,2,2,7,6,0,2,1,4,3,4,0,0
3300,1,5,0,3,0,2,1,0,0,3,0,1,1,1,6,6,0,2,1,2,1,5,1,2
3301,0,2,0,2,1,5,1,0,0,10,1,1,2,2,6,7,0,2,1,4,3,5,0,0
3302,0,2,3,3,1,5,1,0,0,9,1,1,2,2,6,3,0,2,1,4,3,5,0,0
3303,0,2,0,3,1,5,1,0,0,10,1,1,2,2,6,3,0,2,1,4,3,4,0,0
3304,1,5,0,3,0,2,1,0,0,2,0,1,1,1,0,4,0,2,1,2,1,4,1,2
3305,0,2,3,2,1,5,1,0,0,5,1,1,2,2,3,6,0,2,1,4,3,4,0,0
3306,1,5,0,8,0,1,1,0,1,7,0,1,2,2,7,7,0,2,1,4,2,3,0,2
3307,0,2,3,4,1,5,1,0,0,5,1,1,2,2,7,6,0,2,1,4,3,5,0,0
3308,0,5,3,3,1,5,1,0,0,7,1,1,2,2,6,6,0,2,1,4,2,5,0,0
3309,0,2,3,4,1,5,1,0,0,9,1,1,2,2,6,6,0,2,1,4,3,5,0,0
3310,0,2,3,2,1,5,1,0,0,5,1,1,2,2,6,7,0,2,1,4,3,4,0,0
3311,0,2,3,3,1,5,1,0,0,7,1,1,2,2,6,3,0,2,1,4,3,5,0,0
3312,0,2,3,2,1,5,1,0,0,9,1,1,2,2,7,3,0,2,1,4,3,4,0,0
3313,1,5,0,3,0,2,1,0,0,3,0,1,1,1,6,6,0,2,1,2,1,5,0,2
3314,0,2,3,3,1,5,1,0,0,9,1,1,2,2,7,6,0,2,1,4,2,5,0,0
3315,0,2,3,3,1,5,1,0,0,10,1,1,2,2,7,3,0,2,1,4,3,4,0,0
3316,0,2,0,3,1,5,1,0,0,10,1,1,2,2,6,6,0,2,1,4,3,5,0,0
3317,0,2,3,3,1,5,1,0,0,7,1,1,2,2,6,3,0,2,1,4,3,4,0,0
3318,0,2,0,2,1,5,1,0,0,7,1,1,2,2,6,3,0,2,1,4,2,5,0,0
3319,0,2,0,2,1,5,1,0,0,5,1,1,2,2,7,3,0,2,1,4,2,5,0,0
3320,0,2,3,4,1,5,1,0,0,7,1,1,2,2,3,7,0,2,1,4,3,4,0,0
3321,0,2,0,4,1,5,1,0,0,10,1,1,2,2,7,6,0,2,1,4,2,4,0,0
3322,1,5,0,5,0,1,1,0,1,9,0,1,2,2,7,7,0,2,1,4,3,3,0,0
3323,1,5,0,3,0,2,1,0,0,7,0,1,1,1,4,4,0,2,1,2,1,4,0,0
3324,0,2,3,3,1,5,1,0,0,5,1,1,2,2,3,7,0,2,1,4,3,4,0,0
3325,0,2,3,2,1,5,1,0,0,9,1,1,2,2,3,3,0,2,1,4,3,4,0,0
3326,1,5,2,8,0,1,1,0,1,2,0,1,2,2,7,7,0,2,1,4,2,3,0,2
3327,1,5,0,5,0,1,1,1,1,2,0,1,2,2,7,7,0,2,1,4,3,4,0,2
3328,1,5,0,3,0,2,1,0,0,2,0,1,1,1,0,0,0,2,1,2,1,5,4,2
3329,0,5,0,3,1,5,1,0,0,7,1,1,2,2,7,6,0,2,1,4,2,4,0,0
3330,0,2,3,2,1,5,1,0,0,9,1,1,2,2,7,6,0,2,1,4,2,4,0,0
3331,1,5,2,5,0,1,1,1,1,7,0,1,2,2,7,7,0,2,1,4,2,3,0,0
3332,0,2,3,3,1,5,1,0,0,5,1,1,2,2,3,6,0,2,1,4,3,5,0,0
3333,0,2,3,4,1,5,1,0,0,5,1,1,2,2,6,6,0,2,1,4,2,5,0,0
3334,1,5,0,3,0,2,1,0,0,2,0,1,1,1,0,6,0,2,1,2,1,4,1,2
3335,0,2,3,4,1,5,1,0,0,10,1,1,2,2,3,6,0,2,1,4,2,4,0,0
3336,0,5,0,2,1,5,1,0,0,7,1,1,2,2,3,3,0,2,1,4,2,5,0,0
3337,1,5,0,8,0,1,1,1,1,2,0,1,2,2,7,7,0,2,1,4,2,4,0,2
3338,0,2,3,4,1,5,1,0,0,5,1,1,2,2,6,3,0,2,1,4,3,5,0,0
3339,1,5,0,3,0,2,1,0,0,2,0,1,1,1,6,4,0,2,1,2,1,4,0,2
3340,0,2,3,2,1,5,1,0,0,5,1,1,2,2,7,3,0,2,1,4,2,5,0,0
3341,1,5,0,9,0,2,1,0,0,7,0,1,1,1,4,4,0,2,1,2,1,5,4,2
3342,0,2,0,3,1,5,1,0,0,9,1,1,2,2,3,3,0,2,1,4,2,4,0,0
3343,0,5,0,2,1,5,1,0,0,5,1,1,2,2,3,6,0,2,1,4,2,5,0,0
3344,0,2,3,2,1,5,1,0,0,5,1,1,2,2,6,6,0,2,1,4,3,4,0,0
3345,0,2,3,3,1,5,1,0,0,9,1,1,2,2,7,3,0,2,1,4,2,4,0,0
3346,1,5,0,3,0,1,1,1,1,9,0,1,2,2,7,7,0,2,1,4,2,4,0,0
3347,0,2,3,3,1,5,1,0,0,10,1,1,2,2,7,7,0,2,1,4,3,5,0,0
3348,0,2,0,2,1,5,1,0,0,5,1,1,2,2,6,7,0,2,1,4,2,4,0,0
3349,1,5,0,3,0,2,1,0,0,3,0,1,1,1,4,0,0,2,1,2,1,5,4,2
3350,0,2,3,4,1,5,1,0,0,10,1,1,2,2,3,6,0,2,1,4,3,4,0,0
3351,1,5,2,3,0,1,1,1,1,2,0,1,2,2,7,7,0,2,1,4,3,3,0,2
3352,1,5,0,3,0,2,1,0,0,3,0,1,1,1,6,4,0,2,1,2,1,4,1,2
3353,0,2,0,2,1,5,1,0,0,9,1,1,2,2,7,3,0,2,1,4,2,4,0,0
3354,0,2,3,4,1,5,1,0,0,9,1,1,2,2,6,7,0,2,1,4,3,4,0,0
3355,0,2,3,3,1,5,1,0,0,5,1,1,2,2,7,6,0,2,1,4,2,4,0,0
3356,0,2,0,3,1,5,1,0,0,9,1,1,2,2,7,6,0,2,1,4,3,5,0,0
3357,1,5,0,8,0,1,1,0,1,7,0,1,2,2,7,7,0,2,1,4,2,4,0,2
3358,1,5,0,3,0,2,1,0,0,7,0,1,1,1,6,6,0,2,1,2,1,4,1,0
3359,1,5,0,3,0,1,1,1,1,9,0,1,2,2,7,7,0,2,1,4,3,4,0,0
3360,0,2,0,2,1,5,1,0,0,5,1,1,2,2,7,7,0,2,1,4,3,4,0,0
3361,0,2,3,2,1,5,1,0,0,10,1,1,2,2,6,6,0,2,1,4,3,4,0,0
3362,1,2,3,3,0,2,1,0,0,3,0,1,1,1,0,4,0,2,1,2,1,5,0,2
3363,1,5,0,3,0,2,1,0,0,3,0,1,1,1,4,4,0,2,1,2,1,5,1,2
3364,0,2,3,2,1,5,1,0,0,7,1,1,2,2,3,6,0,2,1,4,3,5,0,0
3365,1,5,0,5,0,1,1,1,1,2,0,1,2,2,7,7,0,2,1,4,3,3,0,2
3366,1,5,2,3,0,1,1,0,1,9,0,1,2,2,7,7,0,2,1,4,2,3,0,0
3367,0,2,3,2,1,5,1,0,0,10,1,1,2,2,7,3,0,2,1,4,2,4,0,0
3368,0,2,0,2,1,5,1,0,0,7,1,1,2,2,3,6,0,2,1,4,3,5,0,0
3369,0,2,3,2,1,5,1,0,0,10,1,1,2,2,6,3,0,2,1,4,2,5,0,0
3370,0,2,3,4,1,5,1,0,0,10,1,1,2,2,7,3,0,2,1,4,2,4,0,0
3371,1,5,2,5,0,1,1,1,1,2,0,1,2,2,7,7,0,2,1,4,3,4,0,2
3372,1,5,0,3,0,2,1,0,0,7,0,1,1,1,4,4,0,2,1,2,1,5,0,0
3373,0,2,0,2,1,5,1,0,0,10,1,1,2,2,7,7,0,2,1,4,2,4,0,0
3374,0,2,3,2,1,5,1,0,0,9,1,1,2,2,7,6,0,2,1,4,3,4,0,0
3375,0,2,0,3,1,5,1,0,0,9,1,1,2,2,7,3,0,2,1,4,2,4,0,0
3376,0,2,0,2,1,5,1,0,0,9,1,1,2,2,7,6,0,2,1,4,3,5,0,0
3377,0,2,3,4,1,5,1,0,0,5,1,1,2,2,3,6,0,2,1,4,3,5,0,0
3378,0,2,3,2,1,5,1,0,0,10,1,1,2,2,3,3,0,2,1,4,2,4,0,0
3379,1,2,0,9,0,2,1,0,0,2,0,1,1,1,0,4,0,2,1,2,1,4,4,2
3380,0,5,0,3,1,5,1,0,0,7,1,1,2,2,7,6,0,2,1,4,2,5,0,0
3381,1,5,2,5,0,1,1,1,1,7,0,1,2,2,7,7,0,2,1,4,3,3,0,0
3382,0,5,3,2,1,5,1,0,0,10,1,1,2,2,7,6,0,2,1,4,3,5,0,0
3383,0,2,0,3,1,5,1,0,0,9,1,1,2,2,3,3,0,2,1,4,2,5,0,0
3384,0,2,0,2,1,5,1,0,0,9,1,1,2,2,3,7,0,2,1,4,3,4,0,0
3385,0,5,0,2,1,5,1,0,0,9,1,1,2,2,6,7,0,2,1,4,2,4,0,0
3386,0,2,3,3,1,5,1,0,0,7,1,1,2,2,7,7,0,2,1,4,2,4,0,0
3387,0,2,0,2,1,5,1,0,0,5,1,1,2,2,3,7,0,2,1,4,3,4,0,0
3388,1,5,2,8,0,1,1,1,1,5,0,1,2,2,7,7,0,2,1,4,3,4,0,2
3389,1,5,3,3,0,2,1,0,0,2,0,1,1,1,6,6,0,2,1,2,1,5,0,2
3390,1,5,0,5,0,1,1,0,1,5,0,1,2,2,7,7,0,2,1,4,2,4,0,2
3391,0,2,3,3,1,5,1,0,0,10,1,1,2,2,7,3,0,2,1,4,3,5,0,0
3392,0,5,3,4,1,5,1,0,0,10,1,1,2,2,3,7,0,2,1,4,3,4,0,0
3393,1,5,0,3,0,1,1,0,1,5,0,1,2,2,7,7,0,2,1,4,3,3,0,0
3394,0,2,3,4,1,5,1,0,0,10,1,1,2,2,6,6,0,2,1,4,2,5,0,0
3395,1,5,0,5,0,1,1,0,1,2,0,1,2,2,7,7,0,2,1,4,2,4,0,2
3396,0,2,0,2,1,5,1,0,0,5,1,1,2,2,6,7,0,2,1,4,3,5,0,0
3397,1,5,2,8,0,1,1,1,1,5,0,1,2,2,7,7,0,2,1,4,2,3,0,2
3398,0,5,3,4,1,5,1,0,0,5,1,1,2,2,3,6,0,2,1,4,3,4,0,0
3399,1,5,0,3,0,2,1,0,0,2,0,1,1,1,6,4,0,2,1,2,1,5,1,2
3400,1,5,2,3,0,1,1,0,1,5,0,1,2,2,7,7,0,2,1,4,2,3,0,0
3401,0,2,3,4,1,5,1,0,0,5,1,1,2,2,3,3,0,2,1,4,3,5,0,0
3402,1,5,0,3,0,2,1,0,0,2,0,1,1,1,6,6,0,2,1,2,1,5,1,2
3403,1,5,2,5,0,1,1,0,1,7,0,1,2,2,7,7,0,2,1,4,2,4,0,0
3404,0,2,3,2,1,5,1,0,0,9,1,1,2,2,6,7,0,2,1,4,2,5,0,0
3405,1,5,2,3,0,1,1,1,1,7,0,1,2,2,7,7,0,2,1,4,3,3,0,0
3406,0,5,3,3,1,5,1,0,0,7,1,1,2,2,3,7,0,2,1,4,3,4,0,0
3407,0,5,3,3,1,5,1,0,0,10,1,1,2,2,6,7,0,2,1,4,2,5,0,0
3408,0,2,3,4,1,5,1,0,0,5,1,1,2,2,3,7,0,2,1,4,3,5,0,0
3409,0,2,3,4,1,5,1,0,0,9,1,1,2,2,3,7,0,2,1,4,2,4,0,0
3410,0,2,0,4,1,5,1,0,0,9,1,1,2,2,3,3,0,2,1,4,3,5,0,0
3411,1,5,2,3,0,1,1,0,1,5,0,1,2,2,7,7,0,2,1,4,3,3,0,0
3412,0,2,0,3,1,5,1,0,0,10,1,1,2,2,7,6,0,2,1,4,2,4,0,0
3413,0,5,0,2,1,5,1,0,0,9,1,1,2,2,6,3,0,2,1,4,3,4,0,0
3414,0,2,0,3,1,5,1,0,0,10,1,1,2,2,3,7,0,2,1,4,3,5,0,0
3415,0,2,3,2,1,5,1,0,0,5,1,1,2,2,7,3,0,2,1,4,3,5,0,0
3416,0,2,3,4,1,5,1,0,0,5,1,1,2,2,6,3,0,2,1,4,2,4,0,0
3417,1,5,0,3,0,2,1,0,0,2,0,1,1,1,4,6,0,2,1,2,1,5,1,2
3418,1,5,2,3,0,1,1,0,1,7,0,1,2,2,7,7,0,2,1,4,3,3,0,0
3419,0,2,3,2,1,5,1,0,0,10,1,1,2,2,3,3,0,2,1,4,2,5,0,0
3420,0,5,3,3,1,5,1,0,0,10,1,1,2,2,6,7,0,2,1,4,3,5,0,0
3421,1,5,0,3,0,1,1,1,1,2,0,1,2,2,7,7,0,2,1,4,2,4,0,2
3422,0,2,3,4,1,5,1,0,0,5,1,1,2,2,7,7,0,2,1,4,2,5,0,0
3423,0,2,3,3,1,5,1,0,0,5,1,1,2,2,3,7,0,2,1,4,2,5,0,0
3424,0,2,0,2,1,5,1,0,0,9,1,1,2,2,6,7,0,2,1,4,2,4,0,0
3425,1,5,0,9,0,2,1,0,0,7,0,1,1,1,4,0,0,2,1,2,1,4,4,2
3426,1,5,2,3,0,1,1,1,1,7,0,1,2,2,7,7,0,2,1,4,2,4,0,0
3427,0,2,3,3,1,5,1,0,0,5,1,1,2,2,3,7,0,2,1,4,3,5,0,0
3428,0,2,3,4,1,5,1,0,0,7,1,1,2,2,3,3,0,2,1,4,3,5,0,0
3429,0,2,3,4,1,5,1,0,0,9,1,1,2,2,3,3,0,2,1,4,2,5,0,0
3430,0,2,3,3,1,5,1,0,0,7,1,1,2,2,6,7,0,2,1,4,3,4,0,0
3431,0,2,3,3,1,5,1,0,0,5,1,1,2,2,6,7,0,2,1,4,2,4,0,0
3432,1,5,0,3,0,2,1,0,0,2,0,1,1,1,4,4,0,2,1,2,1,4,4,2
3433,0,2,3,3,1,5,1,0,0,10,1,1,2,2,6,7,0,2,1,4,2,5,0,0
3434,0,2,0,2,1,5,1,0,0,7,1,1,2,2,3,7,0,2,1,4,3,4,0,0
3435,1,5,0,3,0,1,1,1,1,2,0,1,2,2,7,7,0,2,1,4,3,4,0,2
3436,0,2,3,3,1,5,1,0,0,9,1,1,2,2,7,6,0,2,1,4,3,4,0,0
3437,1,2,3,3,0,2,1,0,0,3,0,1,1,1,6,6,0,2,1,2,1,5,4,2
3438,0,2,0,2,1,5,1,0,0,9,1,1,2,2,6,3,0,2,1,4,2,5,0,0
3439,1,5,0,3,0,2,1,0,0,3,0,1,1,1,0,6,0,2,1,2,1,4,4,2
3440,0,2,3,3,1,5,1,0,0,9,1,1,2,2,7,6,0,2,1,4,2,4,0,0
3441,1,5,0,5,0,1,1,0,1,5,0,1,2,2,7,7,0,2,1,4,3,3,0,2
3442,0,2,0,2,1,5,1,0,0,10,1,1,2,2,6,6,0,2,1,4,3,4,0,0
3443,1,5,0,5,0,1,1,1,1,7,0,1,2,2,7,7,0,2,1,4,3,4,0,0
3444,1,5,2,8,0,1,1,0,1,9,0,1,2,2,7,7,0,2,1,4,3,3,0,0
3445,0,2,3,3,1,5,1,0,0,5,1,1,2,2,6,7,0,2,1,4,3,4,0,0
3446,1,5,2,5,0,1,1,1,1,9,0,1,2,2,7,7,0,2,1,4,3,4,0,0
3447,1,5,0,3,0,2,1,0,0,2,0,1,1,1,0,0,0,2,1,2,1,5,0,2
3448,0,5,0,4,1,5,1,0,0,9,1,1,2,2,7,3,0,2,1,4,3,4,0,0
3449,0,2,3,3,1,5,1,0,0,7,1,1,2,2,6,6,0,2,1,4,2,5,0,0
3450,0,2,3,2,1,5,1,0,0,9,1,1,2,2,7,7,0,2,1,4,2,5,0,0
3451,1,5,0,3,0,2,1,0,0,7,0,1,1,1,6,0,0,2,1,2,1,5,1,0
3452,1,5,0,3,0,1,1,1,1,5,0,1,2,2,7,7,0,2,1,4,3,4,0,0
3453,1,5,0,3,0,2,1,0,0,2,0,1,1,1,6,0,0,2,1,2,1,4,4,2
3454,1,5,0,8,0,1,1,1,1,9,0,1,2,2,7,7,0,2,1,4,3,3,0,0
3455,0,2,3,4,1,5,1,0,0,7,1,1,2,2,3,7,0,2,1,4,2,5,0,0
3456,0,2,3,3,1,5,1,0,0,7,1,1,2,2,7,7,0,2,1,4,2,5,0,0
3457,1,5,0,8,0,1,1,1,1,2,0,1,2,2,7,7,0,2,1,4,2,3,0,2
3458,0,5,3,3,1,5,1,0,0,10,1,1,2,2,3,7,0,2,1,4,2,5,0,0
3459,0,2,3,4,1,5,1,0,0,10,1,1,2,2,7,6,0,2,1,4,2,4,0,0
3460,0,2,0,3,1,5,1,0,0,9,1,1,2,2,3,7,0,2,1,4,2,5,0,0
3461,0,5,3,2,1,5,1,0,0,7,1,1,2,2,6,3,0,2,1,4,2,5,0,0
3462,0,2,3,2,1,5,1,0,0,5,1,1,2,2,6,3,0,2,1,4,2,5,0,0
3463,1,5,0,8,0,1,1,1,1,5,0,1,2,2,7,7,0,2,1,4,2,3,0,2
3464,0,2,0,2,1,5,1,0,0,7,1,1,2,2,3,3,0,2,1,4,3,5,0,0
3465,1,5,3,9,0,2,1,0,0,3,0,1,1,1,4,6,0,2,1,2,1,5,0,2
3466,0,2,0,3,1,5,1,0,0,7,1,1,2,2,7,6,0,2,1,4,3,4,0,0
3467,0,2,3,4,1,5,1,0,0,5,1,1,2,2,6,3,0,2,1,4,3,4,0,0
3468,1,5,0,3,0,1,1,1,1,7,0,1,2,2,7,7,0,2,1,4,3,4,0,0
3469,1,5,2,5,0,1,1,0,1,5,0,1,2,2,7,7,0,2,1,4,3,4,0,2
3470,0,2,0,2,1,5,1,0,0,9,1,1,2,2,3,6,0,2,1,4,3,5,0,0
3471,0,5,0,3,1,5,1,0,0,7,1,1,2,2,6,6,0,2,1,4,2,4,0,0
3472,0,2,3,3,1,5,1,0,0,9,1,1,2,2,3,3,0,2,1,4,2,5,0,0
3473,1,5,0,3,0,2,1,0,0,3,0,1,1,1,4,0,0,2,1,2,1,4,4,2
3474,0,5,3,4,1,5,1,0,0,9,1,1,2,2,7,7,0,2,1,4,2,4,0,0
3475,0,2,3,3,1,5,1,0,0,5,1,1,2,2,6,7,0,2,1,4,2,5,0,0
3476,0,2,0,3,1,5,1,0,0,9,1,1,2,2,3,3,0,2,1,4,3,5,0,0
3477,1,5,0,3,0,1,1,0,1,7,0,1,2,2,7,7,0,2,1,4,2,3,0,0
3478,0,2,3,4,1,5,1,0,0,7,1,1,2,2,7,6,0,2,1,4,3,4,0,0
3479,1,5,0,3,0,2,1,0,0,3,0,1,1,1,6,6,0,2,1,2,1,4,4,2
3480,0,2,3,3,1,5,1,0,0,9,1,1,2,2,6,6,0,2,1,4,2,4,0,0
3481,0,2,0,2,1,5,1,0,0,9,1,1,2,2,6,3,0,2,1,4,2,4,0,0
3482,0,2,0,2,1,5,1,0,0,5,1,1,2,2,7,6,0,2,1,4,2,5,0,0
3483,1,5,2,8,0,1,1,0,1,9,0,1,2,2,7,7,0,2,1,4,3,4,0,0
3484,1,5,0,8,0,1,1,1,1,7,0,1,2,2,7,7,0,2,1,4,3,3,0,2
3485,0,2,0,2,1,5,1,0,0,10,1,1,2,2,6,7,0,2,1,4,2,4,0,0
3486,0,2,0,2,1,5,1,0,0,7,1,1,2,2,7,7,0,2,1,4,2,4,0,0
3487,0,2,3,4,1,5,1,0,0,9,1,1,2,2,6,3,0,2,1,4,2,5,0,0
3488,1,5,0,3,0,2,1,0,0,3,0,1,1,1,4,0,0,2,1,2,1,4,1,2
3489,0,2,3,3,1,5,1,0,0,10,1,1,2,2,3,3,0,2,1,4,2,5,0,0
3490,1,5,0,3,0,2,1,0,0,7,0,1,1,1,6,4,0,2,1,2,1,5,4,0
3491,0,2,0,2,1,5,1,0,0,10,1,1,2,2,3,6,0,2,1,4,3,5,0,0
3492,1,5,0,3,0,2,1,0,0,3,0,1,1,1,4,6,0,2,1,2,1,4,1,2
3493,0,2,3,3,1,5,1,0,0,9,1,1,2,2,6,7,0,2,1,4,3,4,0,0
3494,0,2,0,2,1,5,1,0,0,9,1,1,2,2,7,7,0,2,1,4,2,5,0,0
3495,0,2,3,4,1,5,1,0,0,10,1,1,2,2,7,7,0,2,1,4,3,4,0,0
3496,1,5,0,3,0,2,1,0,0,3,0,1,1,1,6,4,0,2,1,2,1,5,0,2
3497,0,2,0,2,1,5,1,0,0,9,1,1,2,2,3,3,0,2,1,4,2,5,0,0
3498,0,5,0,3,1,5,1,0,0,7,1,1,2,2,3,3,0,2,1,4,3,4,0,0
3499,0,2,3,3,1,5,1,0,0,5,1,1,2,2,6,3,0,2,1,4,3,4,0,0
3500,1,5,0,8,0,1,1,1,1,9,0,1,2,2,7,7,0,2,1,4,2,3,0,0
3501,0,2,0,2,1,5,1,0,0,7,1,1,2,2,7,6,0,2,1,4,2,5,0,0
3502,0,2,0,2,1,5,1,0,0,5,1,1,2,2,6,6,0,2,1,4,2,5,0,0
3503,0,2,3,2,1,5,1,0,0,9,1,1,2,2,7,3,0,2,1,4,3,5,0,0
3504,0,5,0,2,1,5,1,0,0,5,1,1,2,2,3,6,0,2,1,4,2,4,0,0
3505,0,2,3,4,1,5,1,0,0,9,1,1,2,2,6,7,0,2,1,4,2,4,0,0
3506,1,5,0,3,0,2,1,0,0,7,0,1,1,1,6,4,0,2,1,2,1,4,1,0
3507,0,5,0,3,1,5,1,0,0,5,1,1,2,2,6,7,0,2,1,4,2,4,0,0
3508,1,5,0,3,0,2,1,0,0,2,0,1,1,1,0,4,0,2,1,2,1,5,0,2
3509,0,2,3,3,1,5,1,0,0,5,1,1,2,2,3,7,0,2,1,4,2,4,0,0
3510,0,2,3,4,1,5,1,0,0,7,1,1,2,2,6,6,0,2,1,4,3,5,0,0
3511,1,5,3,3,0,2,1,0,0,3,0,1,1,1,0,6,0,2,1,2,1,4,0,2
3512,0,2,3,3,1,5,1,0,0,10,1,1,2,2,7,6,0,2,1,4,3,5,0,0
3513,1,2,0,3,0,2,1,0,0,7,0,1,1,1,4,6,0,2,1,2,1,4,0,0
3514,0,2,3,2,1,5,1,0,0,10,1,1,2,2,6,6,0,2,1,4,2,5,0,0
3515,1,5,2,3,0,1,1,0,1,2,0,1,2,2,7,7,0,2,1,4,3,4,0,2
3516,0,2,3,2,1,5,1,0,0,9,1,1,2,2,6,7,0,2,1,4,2,4,0,0
3517,0,2,3,4,1,5,1,0,0,9,1,1,2,2,3,7,0,2,1,4,2,5,0,0
3518,0,5,0,2,1,5,1,0,0,5,1,1,2,2,3,7,0,2,1,4,2,4,0,0
3519,0,2,3,2,1,5,1,0,0,5,1,1,2,2,6,7,0,2,1,4,2,4,0,0
3520,0,2,3,3,1,5,1,0,0,10,1,1,2,2,6,3,0,2,1,4,3,4,0,0
3521,1,5,2,5,0,1,1,1,1,5,0,1,2,2,7,7,0,2,1,4,2,3,0,2
3522,1,2,0,3,0,2,1,0,0,3,0,1,1,1,0,6,0,2,1,2,1,4,0,2
3523,0,2,0,3,1,5,1,0,0,10,1,1,2,2,6,7,0,2,1,4,3,4,0,0
3524,0,2,0,2,1,5,1,0,0,10,1,1,2,2,7,3,0,2,1,4,3,5,0,0
3525,1,5,0,5,0,1,1,0,1,9,0,1,2,2,7,7,0,2,1,4,3,4,0,0
3526,0,2,0,4,1,5,1,0,0,7,1,1,2,2,3,3,0,2,1,4,3,5,0,0
3527,0,2,3,3,1,5,1,0,0,7,1,1,2,2,6,7,0,2,1,4,2,4,0,0
3528,0,2,3,2,1,5,1,0,0,7,1,1,2,2,6,7,0,2,1,4,2,5,0,0
3529,0,2,3,2,1,5,1,0,0,10,1,1,2,2,7,7,0,2,1,4,2,5,0,0
3530,0,5,0,3,1,5,1,0,0,5,1,1,2,2,6,3,0,2,1,4,3,5,0,0
3531,1,5,2,8,0,1,1,1,1,7,0,1,2,2,7,7,0,2,1,4,3,4,0,2
3532,0,2,3,3,1,5,1,0,0,5,1,1,2,2,3,3,0,2,1,4,2,5,0,0
3533,1,5,3,3,0,2,1,0,0,7,0,1,1,1,0,6,0,2,1,2,1,4,0,0
3534,0,2,3,4,1,5,1,0,0,7,1,1,2,2,6,7,0,2,1,4,2,4,0,0
3535,0,2,3,4,1,5,1,0,0,7,1,1,2,2,3,3,0,2,1,4,2,4,0,0
3536,1,5,2,3,0,1,1,1,1,5,0,1,2,2,7,7,0,2,1,4,2,3,0,0
3537,0,2,3,3,1,5,1,0,0,7,1,1,2,2,6,7,0,2,1,4,3,5,0,0
3538,0,2,3,2,1,5,1,0,0,10,1,1,2,2,7,7,0,2,1,4,3,4,0,0
3539,1,5,0,3,0,2,1,0,0,2,0,1,1,1,6,4,0,2,1,2,1,5,0,2
3540,0,5,3,4,1,5,1,0,0,10,1,1,2,2,3,6,0,2,1,4,3,5,0,0
3541,0,2,3,2,1,5,1,0,0,9,1,1,2,2,6,3,0,2,1,4,3,4,0,0
3542,0,2,0,2,1,5,1,0,0,5,1,1,2,2,6,3,0,2,1,4,2,4,0,0
3543,1,5,2,5,0,1,1,0,1,5,0,1,2,2,7,7,0,2,1,4,3,3,0,2
3544,1,5,0,3,0,2,1,0,0,3,0,1,1,1,6,6,0,2,1,2,1,4,0,2
3545,0,2,3,2,1,5,1,0,0,7,1,1,2,2,6,7,0,2,1,4,2,4,0,0
3546,0,2,3,3,1,5,1,0,0,7,1,1,2,2,3,7,0,2,1,4,2,4,0,0
3547,1,5,2,5,0,1,1,0,1,7,0,1,2,2,7,7,0,2,1,4,3,4,0,0
3548,0,2,0,3,1,5,1,0,0,9,1,1,2,2,7,3,0,2,1,4,3,5,0,0
3549,0,2,0,2,1,5,1,0,0,5,1,1,2,2,7,7,0,2,1,4,2,5,0,0
3550,0,2,0,4,1,5,1,0,0,9,1,1,2,2,3,7,0,2,1,4,2,4,0,0
3551,0,5,3,3,1,5,1,0,0,5,1,1,2,2,7,7,0,2,1,4,3,4,0,0
3552,0,5,3,4,1,5,1,0,0,10,1,1,2,2,7,6,0,2,1,4,3,5,0,0
3553,0,2,3,4,1,5,1,0,0,9,1,1,2,2,3,6,0,2,1,4,3,5,0,0
3554,1,5,0,5,0,1,1,0,1,7,0,1,2,2,7,7,0,2,1,4,2,4,0,0
3555,0,2,0,2,1,5,1,0,0,7,1,1,2,2,7,6,0,2,1,4,2,4,0,0
3556,1,5,3,9,0,2,1,0,0,7,0,1,1,1,4,4,0,2,1,2,1,5,0,2
3557,1,5,2,3,0,1,1,1,1,7,0,1,2,2,7,7,0,2,1,4,3,4,0,0
3558,0,2,3,4,1,5,1,0,0,10,1,1,2,2,7,7,0,2,1,4,2,4,0,0
3559,1,2,0,3,0,2,1,0,0,7,0,1,1,1,4,4,0,2,1,2,1,4,0,0
3560,1,5,0,3,0,1,1,1,1,5,0,1,2,2,7,7,0,2,1,4,2,3,0,2
3561,0,2,3,3,1,5,1,0,0,7,1,1,2,2,6,3,0,2,1,4,2,5,0,0
3562,0,2,3,3,1,5,1,0,0,9,1,1,2,2,3,3,0,2,1,4,2,4,0,0
3563,0,2,3,3,1,5,1,0,0,10,1,1,2,2,3,6,0,2,1,4,3,4,0,0
3564,0,5,3,4,1,5,1,0,0,10,1,1,2,2,3,7,0,2,1,4,3,5,0,0
3565,1,5,0,9,0,2,1,0,0,7,0,1,1,1,0,4,0,2,1,2,1,4,1,2
3566,0,2,0,3,1,5,1,0,0,9,1,1,2,2,3,7,0,2,1,4,3,5,0,0
3567,1,5,0,3,0,2,1,0,0,7,0,1,1,1,0,6,0,2,1,2,1,4,4,0
3568,0,2,3,2,1,5,1,0,0,9,1,1,2,2,3,7,0,2,1,4,3,4,0,0
3569,0,2,0,2,1,5,1,0,0,10,1,1,2,2,6,3,0,2,1,4,3,5,0,0
3570,1,2,0,3,0,2,1,0,0,7,0,1,1,1,4,6,0,2,1,2,1,5,0,0
3571,0,2,0,2,1,5,1,0,0,7,1,1,2,2,6,3,0,2,1,4,2,4,0,0
3572,1,5,0,9,0,2,1,0,0,2,0,1,1,1,6,4,0,2,1,2,1,5,4,2
3573,0,2,0,2,1,5,1,0,0,9,1,1,2,2,3,3,0,2,1,4,3,4,0,0
3574,0,2,0,3,1,5,1,0,0,9,1,1,2,2,7,7,0,2,1,4,3,4,0,0
3575,0,2,0,2,1,5,1,0,0,7,1,1,2,2,3,3,0,2,1,4,2,4,0,0
3576,0,2,3,2,1,5,1,0,0,5,1,1,2,2,7,7,0,2,1,4,3,4,0,0
3577,0,2,3,2,1,5,1,0,0,5,1,1,2,2,3,7,0,2,1,4,2,5,0,0
3578,0,2,3,4,1,5,1,0,0,5,1,1,2,2,3,6,0,2,1,4,3,4,0,0
3579,0,2,0,3,1,5,1,0,0,10,1,1,2,2,3,3,0,2,1,4,3,4,0,0
3580,0,2,0,2,1,5,1,0,0,7,1,1,2,2,6,7,0,2,1,4,3,4,0,0
3581,1,5,0,3,0,2,1,0,0,2,0,1,1,1,0,0,0,2,1,2,1,4,1,2
3582,0,2,3,4,1,5,1,0,0,9,1,1,2,2,7,3,0,2,1,4,2,5,0,0
3583,1,5,0,3,0,1,1,0,1,5,0,1,2,2,7,7,0,2,1,4,2,4,0,0
3584,0,2,3,4,1,5,1,0,0,10,1,1,2,2,3,7,0,2,1,4,3,4,0,0
3585,0,2,3,3,1,5,1,0,0,10,1,1,2,2,7,3,0,2,1,4,2,4,0,0
3586,0,5,0,2,1,5,1,0,0,7,1,1,2,2,6,3,0,2,1,4,2,5,0,0
3587,0,2,3,2,1,5,1,0,0,7,1,1,2,2,6,6,0,2,1,4,2,5,0,0
3588,0,2,0,3,1,5,1,0,0,7,1,1,2,2,6,6,0,2,1,4,3,4,0,0
3589,0,5,3,3,1,5,1,0,0,7,1,1,2,2,3,3,0,2,1,4,3,4,0,0
3590,1,5,0,5,0,1,1,0,1,2,0,1,2,2,7,7,0,2,1,4,2,3,0,2
3591,0,5,3,4,1,5,1,0,0,5,1,1,2,2,6,6,0,2,1,4,3,5,0,0
3592,0,2,3,4,1,5,1,0,0,5,1,1,2,2,7,3,0,2,1,4,2,4,0,0
3593,0,2,3,3,1,5,1,0,0,10,1,1,2,2,6,3,0,2,1,4,2,5,0,0
3594,1,2,0,3,0,2,1,0,0,2,0,1,1,1,4,4,0,2,1,2,1,5,1,2
3595,0,2,3,3,1,5,1,0,0,10,1,1,2,2,6,6,0,2,1,4,3,4,0,0
3596,0,2,3,2,1,5,1,0,0,5,1,1,2,2,3,3,0,2,1,4,2,5,0,0
3597,1,5,0,3,0,2,1,0,0,2,0,1,1,1,6,0,0,2,1,2,1,5,1,2
3598,0,2,3,4,1,5,1,0,0,5,1,1,2,2,6,3,0,2,1,4,2,5,0,0
3599,1,5,0,3,0,2,1,0,0,3,0,1,1,1,6,0,0,2,1,2,1,4,1,2
3600,0,2,0,2,1,5,1,0,0,10,1,1,2,2,7,6,0,2,1,4,2,5,0,0
3601,0,5,3,4,1,5,1,0,0,10,1,1,2,2,3,7,0,2,1,4,2,5,0,0
3602,0,5,3,3,1,5,1,0,0,7,1,1,2,2,6,7,0,2,1,4,2,5,0,0
3603,0,2,3,2,1,5,1,0,0,9,1,1,2,2,7,3,0,2,1,4,2,4,0,0
3604,1,5,3,3,0,2,1,0,0,7,0,1,1,1,0,4,0,2,1,2,1,4,0,0
3605,1,5,2,3,0,1,1,0,1,2,0,1,2,2,7,7,0,2,1,4,2,4,0,2
3606,1,5,0,3,0,2,1,0,0,7,0,1,1,1,0,4,0,2,1,2,1,4,1,0
3607,1,5,0,3,0,2,1,0,0,7,0,1,1,1,0,0,0,2,1,2,1,4,4,0
3608,1,2,0,3,0,2,1,0,0,7,0,1,1,1,0,0,0,2,1,2,1,5,4,0
3609,0,2,0,3,1,5,1,0,0,9,1,1,2,2,7,7,0,2,1,4,2,4,0,0
3610,1,5,0,3,0,2,1,0,0,2,0,1,1,1,0,4,0,2,1,2,1,4,0,2
3611,0,2,3,2,1,5,1,0,0,7,1,1,2,2,7,6,0,2,1,4,2,4,0,0
3612,0,2,3,4,1,5,1,0,0,10,1,1,2,2,6,3,0,2,1,4,3,4,0,0
3613,0,2,3,4,1,5,1,0,0,5,1,1,2,2,7,3,0,2,1,4,2,5,0,0
3614,1,5,3,9,0,2,1,0,0,7,0,1,1,1,4,0,0,2,1,2,1,5,0,2
3615,0,2,3,3,1,5,1,0,0,5,1,1,2,2,7,7,0,2,1,4,2,5,0,0
3616,1,5,0,5,0,1,1,1,1,9,0,1,2,2,7,7,0,2,1,4,3,3,0,0
3617,0,2,0,2,1,5,1,0,0,10,1,1,2,2,7,7,0,2,1,4,3,5,0,0
3618,0,2,3,4,1,5,1,0,0,5,1,1,2,2,3,6,0,2,1,4,2,5,0,0
3619,0,5,3,4,1,5,1,0,0,5,1,1,2,2,7,3,0,2,1,4,2,4,0,0
3620,0,2,0,2,1,5,1,0,0,7,1,1,2,2,7,7,0,2,1,4,3,5,0,0
3621,1,5,0,3,0,2,1,0,0,3,0,1,1,1,6,4,0,2,1,2,1,5,1,2
3622,1,5,0,3,0,2,1,0,0,3,0,1,1,1,6,4,0,2,1,2,1,4,4,2
3623,0,2,0,3,1,5,1,0,0,5,1,1,2,2,6,3,0,2,1,4,2,4,0,0
3624,0,5,0,4,1,5,1,0,0,9,1,1,2,2,6,7,0,2,1,4,3,4,0,0
3625,1,5,0,3,0,2,1,0,0,7,0,1,1,1,6,6,0,2,1,2,1,4,0,0
3626,0,2,0,3,1,5,1,0,0,10,1,1,2,2,6,3,0,2,1,4,3,5,0,0
3627,1,5,0,5,0,1,1,0,1,2,0,1,2,2,7,7,0,2,1,4,3,3,0,2
3628,0,2,3,4,1,5,1,0,0,5,1,1,2,2,7,7,0,2,1,4,3,4,0,0
3629,0,2,3,3,1,5,1,0,0,5,1,1,2,2,3,6,0,2,1,4,2,5,0,0
3630,1,5,0,3,0,2,1,0,0,2,0,1,1,1,4,4,0,2,1,2,1,5,4,2
3631,0,5,0,2,1,5,1,0,0,10,1,1,2,2,3,3,0,2,1,4,2,5,0,0
3632,1,5,2,3,0,1,1,1,1,9,0,1,2,2,7,7,0,2,1,4,2,3,0,0
3633,1,5,0,3,0,2,1,0,0,3,0,1,1,1,0,6,0,2,1,2,1,4,1,2
3634,0,2,3,4,1,5,1,0,0,5,1,1,2,2,7,6,0,2,1,4,3,4,0,0
3635,1,5,0,3,0,2,1,0,0,2,0,1,1,1,4,0,0,2,1,2,1,4,0,2
3636,0,2,3,2,1,5,1,0,0,7,1,1,2,2,6,3,0,2,1,4,2,4,0,0
3637,0,2,0,3,1,5,1,0,0,9,1,1,2,2,6,7,0,2,1,4,3,5,0,0
3638,0,2,0,3,1,5,1,0,0,10,1,1,2,2,3,6,0,2,1,4,3,5,0,0
3639,0,2,3,4,1,5,1,0,0,10,1,1,2,2,7,6,0,2,1,4,3,5,0,0
3640,0,2,3,2,1,5,1,0,0,9,1,1,2,2,7,6,0,2,1,4,3,5,0,0
3641,0,2,3,3,1,5,1,0,0,7,1,1,2,2,3,3,0,2,1,4,2,5,0,0
3642,0,2,3,2,1,5,1,0,0,9,1,1,2,2,7,3,0,2,1,4,2,5,0,0
3643,0,2,3,4,1,5,1,0,0,5,1,1,2,2,6,7,0,2,1,4,2,5,0,0
3644,1,5,3,9,0,2,1,0,0,7,0,1,1,1,6,4,0,2,1,2,1,5,1,2
3645,0,2,0,3,1,5,1,0,0,9,1,1,2,2,6,6,0,2,1,4,2,5,0,0
3646,0,2,3,4,1,5,1,0,0,9,1,1,2,2,3,7,0,2,1,4,3,4,0,0
3647,1,5,0,3,0,2,1,0,0,2,0,1,1,1,4,0,0,2,1,2,1,5,1,2
3648,1,5,0,3,0,2,1,0,0,7,0,1,1,1,6,0,0,2,1,2,1,4,0,0
3649,1,5,0,3,0,2,1,0,0,7,0,1,1,1,0,4,0,2,1,2,1,5,4,0
3650,0,2,3,2,1,5,1,0,0,9,1,1,2,2,3,6,0,2,1,4,3,5,0,0
3651,0,2,3,4,1,5,1,0,0,7,1,1,2,2,7,6,0,2,1,4,2,4,0,0
3652,1,5,3,3,0,2,1,0,0,7,0,1,1,1,4,4,0,2,1,2,1,5,0,0
3653,1,5,0,3,0,2,1,0,0,7,0,1,1,1,6,0,0,2,1,2,1,4,4,0
3654,1,2,3,3,0,2,1,0,0,7,0,1,1,1,0,0,0,2,1,2,1,4,4,0
3655,0,2,3,4,1,5,1,0,0,10,1,1,2,2,6,7,0,2,1,4,3,4,0,0
3656,1,5,0,3,0,1,1,1,1,5,0,1,2,2,7,7,0,2,1,4,3,3,0,0
3657,0,2,0,2,1,5,1,0,0,5,1,1,2,2,6,6,0,2,1,4,3,4,0,0
3658,1,2,0,9,0,2,1,0,0,3,0,1,1,1,4,0,0,2,1,2,1,5,0,2
3659,0,2,3,4,1,5,1,0,0,9,1,1,2,2,3,6,0,2,1,4,3,4,0,0
3660,0,5,3,2,1,5,1,0,0,9,1,1,2,2,7,6,0,2,1,4,2,5,0,0
3661,1,5,0,3,0,2,1,0,0,3,0,1,1,1,0,0,0,2,1,2,1,5,4,2
3662,0,5,3,4,1,5,1,0,0,7,1,1,2,2,7,7,0,2,1,4,2,5,0,0
3663,1,5,2,8,0,1,1,0,1,2,0,1,2,2,7,7,0,2,1,4,3,4,0,2
3664,0,2,3,3,1,5,1,0,0,7,1,1,2,2,7,3,0,2,1,4,2,4,0,0
3665,0,2,0,2,1,5,1,0,0,7,1,1,2,2,6,6,0,2,1,4,3,4,0,0
3666,0,2,3,3,1,5,1,0,0,7,1,1,2,2,6,6,0,2,1,4,3,5,0,0
3667,1,5,0,3,0,2,1,0,0,2,0,1,1,1,6,0,0,2,1,2,1,4,0,2
3668,0,2,3,2,1,5,1,0,0,9,1,1,2,2,7,7,0,2,1,4,3,4,0,0
3669,0,2,3,2,1,5,1,0,0,7,1,1,2,2,7,3,0,2,1,4,3,5,0,0
3670,1,5,2,5,0,1,1,0,1,2,0,1,2,2,7,7,0,2,1,4,2,3,0,2
3671,0,2,0,2,1,5,1,0,0,9,1,1,2,2,7,7,0,2,1,4,2,4,0,0
3672,0,2,0,3,1,5,1,0,0,9,1,1,2,2,3,6,0,2,1,4,2,5,0,0
3673,0,2,0,3,1,5,1,0,0,10,1,1,2,2,7,7,0,2,1,4,3,5,0,0
3674,0,2,0,3,1,5,1,0,0,9,1,1,2,2,3,6,0,2,1,4,3,4,0,0
3675,1,5,0,3,0,2,1,0,0,3,0,1,1,1,0,0,0,2,1,2,1,4,4,2
3676,0,2,3,4,1,5,1,0,0,7,1,1,2,2,6,3,0,2,1,4,3,5,0,0
3677,0,2,3,3,1,5,1,0,0,5,1,1,2,2,7,3,0,2,1,4,2,4,0,0
3678,0,2,3,4,1,5,1,0,0,9,1,1,2,2,6,6,0,2,1,4,2,5,0,0
3679,1,5,2,5,0,1,1,0,1,5,0,1,2,2,7,7,0,2,1,4,2,3,0,2
3680,0,2,3,2,1,5,1,0,0,5,1,1,2,2,6,6,0,2,1,4,2,5,0,0
3681,0,2,3,3,1,5,1,0,0,7,1,1,2,2,3,6,0,2,1,4,2,4,0,0
3682,0,2,3,2,1,5,1,0,0,5,1,1,2,2,7,6,0,2,1,4,2,5,0,0
3683,1,5,2,8,0,1,1,0,1,9,0,1,2,2,7,7,0,2,1,4,2,3,0,0
3684,1,5,0,3,0,2,1,0,0,3,0,1,1,1,4,4,0,2,1,2,1,4,4,2
3685,0,2,3,4,1,5,1,0,0,10,1,1,2,2,7,6,0,2,1,4,3,4,0,0
3686,1,5,0,3,0,2,1,0,0,2,0,1,1,1,6,6,0,2,1,2,1,4,1,2
3687,1,5,0,8,0,1,1,0,1,5,0,1,2,2,7,7,0,2,1,4,3,3,0,2
3688,0,2,3,4,1,5,1,0,0,10,1,1,2,2,3,3,0,2,1,4,2,5,0,0
3689,0,2,3,3,1,5,1,0,0,7,1,1,2,2,7,7,0,2,1,4,3,4,0,0
3690,0,2,3,3,1,5,1,0,0,5,1,1,2,2,7,7,0,2,1,4,3,4,0,0
3691,0,2,3,3,1,5,1,0,0,10,1,1,2,2,7,6,0,2,1,4,3,4,0,0
3692,1,5,0,8,0,1,1,1,1,7,0,1,2,2,7,7,0,2,1,4,3,4,0,2
3693,0,2,0,2,1,5,1,0,0,9,1,1,2,2,7,7,0,2,1,4,3,4,0,0
3694,1,5,0,3,0,2,1,0,0,2,0,1,1,1,6,0,0,2,1,2,1,4,1,2
3695,0,2,3,4,1,5,1,0,0,10,1,1,2,2,3,7,0,2,1,4,3,5,0,0
3696,0,2,3,4,1,5,1,0,0,7,1,1,2,2,6,3,0,2,1,4,3,4,0,0
3697,1,5,2,5,0,1,1,0,1,9,0,1,2,2,7,7,0,2,1,4,2,4,0,0
3698,0,2,3,3,1,5,1,0,0,5,1,1,2,2,7,3,0,2,1,4,3,5,0,0
3699,1,5,2,5,0,1,1,0,1,2,0,1,2,2,7,7,0,2,1,4,3,4,0,2
3700,0,5,3,4,1,5,1,0,0,5,1,1,2,2,7,6,0,2,1,4,3,5,0,0
3701,1,5,3,3,0,2,1,0,0,7,0,1,1,1,0,0,0,2,1,2,1,5,1,0
3702,0,2,3,2,1,5,1,0,0,10,1,1,2,2,3,7,0,2,1,4,2,5,0,0
3703,1,5,0,5,0,1,1,0,1,7,0,1,2,2,7,7,0,2,1,4,3,3,0,0
3704,1,5,0,3,0,2,1,0,0,7,0,1,1,1,6,4,0,2,1,2,1,4,4,0
3705,0,2,0,2,1,5,1,0,0,9,1,1,2,2,7,3,0,2,1,4,3,5,0,0
3706,0,2,0,2,1,5,1,0,0,10,1,1,2,2,3,7,0,2,1,4,2,5,0,0
3707,1,5,0,3,0,1,1,0,1,9,0,1,2,2,7,7,0,2,1,4,3,3,0,0
3708,1,5,0,3,0,2,1,0,0,7,0,1,1,1,4,4,0,2,1,2,1,4,1,0
3709,0,2,3,3,1,5,1,0,0,5,1,1,2,2,7,7,0,2,1,4,3,5,0,0
3710,1,5,0,3,0,2,1,0,0,7,0,1,1,1,4,0,0,2,1,2,1,4,0,0
3711,0,2,0,2,1,5,1,0,0,10,1,1,2,2,6,6,0,2,1,4,2,4,0,0
3712,0,2,3,4,1,5,1,0,0,9,1,1,2,2,7,6,0,2,1,4,2,4,0,0
3713,1,2,3,9,0,2,1,0,0,3,0,1,1,1,0,4,0,2,1,2,1,5,0,2
3714,0,2,3,2,1,5,1,0,0,5,1,1,2,2,7,7,0,2,1,4,2,5,0,0
3715,0,2,3,2,1,5,1,0,0,7,1,1,2,2,7,7,0,2,1,4,2,4,0,0
3716,0,2,3,4,1,5,1,0,0,10,1,1,2,2,3,3,0,2,1,4,3,5,0,0
3717,0,5,0,4,1,5,1,0,0,10,1,1,2,2,3,6,0,2,1,4,2,4,0,0
3718,1,2,3,3,0,2,1,0,0,2,0,1,1,1,6,0,0,2,1,2,1,4,0,2
3719,0,2,3,3,1,5,1,0,0,9,1,1,2,2,3,7,0,2,1,4,3,4,0,0
3720,0,2,0,2,1,5,1,0,0,10,1,1,2,2,6,7,0,2,1,4,2,5,0,0
3721,0,2,3,4,1,5,1,0,0,7,1,1,2,2,6,6,0,2,1,4,3,4,0,0
3722,0,5,3,3,1,5,1,0,0,7,1,1,2,2,6,7,0,2,1,4,3,5,0,0
3723,0,5,3,4,1,5,1,0,0,10,1,1,2,2,3,7,0,2,1,4,2,4,0,0
3724,1,5,0,3,0,2,1,0,0,7,0,1,1,1,0,0,0,2,1,2,1,4,0,0
3725,1,5,2,8,0,1,1,1,1,2,0,1,2,2,7,7,0,2,1,4,3,4,0,2
3726,1,2,0,9,0,2,1,0,0,2,0,1,1,1,4,0,0,2,1,2,1,4,4,2
3727,0,2,3,4,1,5,1,0,0,9,1,1,2,2,6,3,0,2,1,4,3,4,0,0
3728,0,2,3,2,1,5,1,0,0,7,1,1,2,2,6,3,0,2,1,4,2,5,0,0
3729,0,2,0,2,1,5,1,0,0,9,1,1,2,2,6,3,0,2,1,4,3,5,0,0
3730,0,2,0,2,1,5,1,0,0,10,1,1,2,2,6,6,0,2,1,4,3,5,0,0
3731,0,2,3,2,1,5,1,0,0,10,1,1,2,2,3,6,0,2,1,4,3,4,0,0
3732,0,2,3,4,1,5,1,0,0,5,1,1,2,2,3,3,0,2,1,4,2,5,0,0
3733,0,2,3,2,1,5,1,0,0,5,1,1,2,2,7,3,0,2,1,4,2,4,0,0
3734,1,5,3,3,0,2,1,0,0,3,0,1,1,1,4,4,0,2,1,2,1,5,1,2
3735,0,2,3,2,1,5,1,0,0,10,1,1,2,2,6,6,0,2,1,4,3,5,0,0
3736,0,2,3,4,1,5,1,0,0,7,1,1,2,2,7,7,0,2,1,4,3,5,0,0
3737,1,5,0,3,0,2,1,0,0,7,0,1,1,1,6,4,0,2,1,2,1,4,0,0
3738,1,5,0,8,0,1,1,1,1,7,0,1,2,2,7,7,0,2,1,4,2,3,0,2
3739,1,5,0,3,0,1,1,1,1,7,0,1,2,2,7,7,0,2,1,4,2,4,0,0
3740,0,5,3,4,1,5,1,0,0,9,1,1,2,2,7,3,0,2,1,4,3,5,0,0
3741,1,2,0,9,0,2,1,0,0,3,0,1,1,1,6,6,0,2,1,2,1,4,4,2
3742,1,5,2,3,0,1,1,1,1,5,0,1,2,2,7,7,0,2,1,4,3,4,0,0
3743,0,2,3,2,1,5,1,0,0,10,1,1,2,2,3,7,0,2,1,4,3,4,0,0
3744,0,2,3,2,1,5,1,0,0,9,1,1,2,2,7,7,0,2,1,4,3,5,0,0
3745,0,2,0,2,1,5,1,0,0,7,1,1,2,2,3,6,0,2,1,4,2,4,0,0
3746,1,5,0,9,0,2,1,0,0,7,0,1,1,1,0,4,0,2,1,2,1,4,0,2
3747,0,2,3,4,1,5,1,0,0,9,1,1,2,2,3,3,0,2,1,4,3,4,0,0
3748,0,2,0,2,1,5,1,0,0,10,1,1,2,2,7,7,0,2,1,4,3,4,0,0
3749,0,2,3,2,1,5,1,0,0,9,1,1,2,2,6,7,0,2,1,4,3,4,0,0
3750,1,5,0,9,0,2,1,0,0,7,0,1,1,1,6,6,0,2,1,2,1,4,4,2
3751,1,5,0,3,0,1,1,0,1,5,0,1,2,2,7,7,0,2,1,4,3,4,0,0
3752,0,2,0,2,1,5,1,0,0,9,1,1,2,2,7,6,0,2,1,4,2,4,0,0
3753,1,5,2,3,0,1,1,0,1,2,0,1,2,2,7,7,0,2,1,4,3,3,0,2
3754,1,5,0,8,0,1,1,0,1,9,0,1,2,2,7,7,0,2,1,4,3,4,0,0
3755,1,5,0,3,0,2,1,0,0,3,0,1,1,1,6,0,0,2,1,2,1,5,1,2
3756,0,2,3,3,1,5,1,0,0,5,1,1,2,2,7,6,0,2,1,4,3,4,0,0
3757,0,2,0,2,1,5,1,0,0,5,1,1,2,2,3,3,0,2,1,4,2,4,0,0
3758,1,2,0,9,0,2,1,0,0,7,0,1,1,1,0,6,0,2,1,2,1,5,4,2
3759,0,2,0,2,1,5,1,0,0,9,1,1,2,2,3,7,0,2,1,4,2,5,0,0
3760,0,2,3,2,1,5,1,0,0,10,1,1,2,2,7,6,0,2,1,4,3,4,0,0
3761,0,2,0,3,1,5,1,0,0,9,1,1,2,2,6,7,0,2,1,4,3,4,0,0
3762,0,2,3,2,1,5,1,0,0,5,1,1,2,2,3,7,0,2,1,4,3,5,0,0
3763,0,2,0,3,1,5,1,0,0,9,1,1,2,2,7,6,0,2,1,4,2,4,0,0
3764,0,2,3,4,1,5,1,0,0,9,1,1,2,2,7,6,0,2,1,4,2,5,0,0
3765,0,2,3,2,1,5,1,0,0,10,1,1,2,2,6,7,0,2,1,4,2,4,0,0
3766,0,2,3,4,1,5,1,0,0,10,1,1,2,2,3,3,0,2,1,4,3,4,0,0
3767,0,2,0,2,1,5,1,0,0,5,1,1,2,2,6,6,0,2,1,4,3,5,0,0
3768,0,2,3,2,1,5,1,0,0,10,1,1,2,2,7,6,0,2,1,4,3,5,0,0
3769,0,2,0,3,1,5,1,0,0,10,1,1,2,2,7,3,0,2,1,4,2,5,0,0
3770,0,5,0,3,1,5,1,0,0,7,1,1,2,2,6,7,0,2,1,4,3,5,0,0
3771,0,2,3,4,1,5,1,0,0,7,1,1,2,2,7,6,0,2,1,4,3,5,0,0
3772,0,2,3,4,1,5,1,0,0,7,1,1,2,2,3,6,0,2,1,4,3,4,0,0
3773,0,5,0,2,1,5,1,0,0,5,1,1,2,2,3,7,0,2,1,4,2,5,0,0
3774,0,2,0,4,1,5,1,0,0,7,1,1,2,2,7,6,0,2,1,4,2,5,0,0
3775,1,5,0,3,0,2,1,0,0,3,0,1,1,1,4,4,0,2,1,2,1,5,4,2
3776,0,2,3,2,1,5,1,0,0,7,1,1,2,2,7,6,0,2,1,4,3,5,0,0
3777,0,5,3,3,1,5,1,0,0,5,1,1,2,2,7,3,0,2,1,4,2,5,0,0
3778,0,2,3,4,1,5,1,0,0,10,1,1,2,2,6,6,0,2,1,4,3,4,0,0
3779,0,2,3,4,1,5,1,0,0,10,1,1,2,2,3,6,0,2,1,4,2,5,0,0
3780,0,2,3,3,1,5,1,0,0,10,1,1,2,2,6,3,0,2,1,4,3,5,0,0
3781,1,5,0,3,0,2,1,0,0,3,0,1,1,1,6,4,0,2,1,2,1,4,0,2
3782,0,2,0,2,1,5,1,0,0,10,1,1,2,2,6,7,0,2,1,4,3,4,0,0
3783,1,2,0,3,0,2,1,0,0,2,0,1,1,1,6,0,0,2,1,2,1,4,0,2
3784,0,2,3,3,1,5,1,0,0,9,1,1,2,2,6,6,0,2,1,4,3,5,0,0
3785,0,2,3,3,1,5,1,0,0,5,1,1,2,2,3,3,0,2,1,4,3,4,0,0
3786,0,2,0,3,1,5,1,0,0,9,1,1,2,2,6,7,0,2,1,4,2,5,0,0
3787,1,2,0,9,0,2,1,0,0,3,0,1,1,1,6,0,0,2,1,2,1,4,4,2
3788,0,5,3,4,1,5,1,0,0,5,1,1,2,2,3,7,0,2,1,4,3,4,0,0
3789,0,2,3,3,1,5,1,0,0,7,1,1,2,2,3,3,0,2,1,4,3,5,0,0
3790,1,2,0,3,0,2,1,0,0,3,0,1,1,1,0,4,0,2,1,2,1,4,0,2
3791,0,2,3,4,1,5,1,0,0,10,1,1,2,2,3,7,0,2,1,4,2,4,0,0
3792,1,5,0,3,0,1,1,1,1,9,0,1,2,2,7,7,0,2,1,4,2,3,0,0
3793,0,2,3,2,1,5,1,0,0,10,1,1,2,2,6,7,0,2,1,4,3,5,0,0
3794,1,5,2,8,0,1,1,1,1,2,0,1,2,2,7,7,0,2,1,4,2,3,0,2
3795,0,2,3,4,1,5,1,0,0,5,1,1,2,2,7,6,0,2,1,4,2,4,0,0
3796,1,5,2,8,0,1,1,0,1,5,0,1,2,2,7,7,0,2,1,4,3,4,0,2
3797,0,2,3,2,1,5,1,0,0,7,1,1,2,2,6,6,0,2,1,4,3,5,0,0
3798,0,2,0,3,1,5,1,0,0,9,1,1,2,2,7,3,0,2,1,4,3,4,0,0
3799,0,2,0,2,1,5,1,0,0,7,1,1,2,2,6,7,0,2,1,4,2,5,0,0
3800,0,2,3,2,1,5,1,0,0,10,1,1,2,2,3,7,0,2,1,4,3,5,0,0
3801,1,5,2,3,0,1,1,0,1,7,0,1,2,2,7,7,0,2,1,4,2,3,0,0
3802,0,2,3,2,1,5,1,0,0,5,1,1,2,2,6,7,0,2,1,4,2,5,0,0
3803,0,2,3,2,1,5,1,0,0,5,1,1,2,2,3,3,0,2,1,4,2,4,0,0
3804,1,5,0,5,0,1,1,1,1,5,0,1,2,2,7,7,0,2,1,4,2,4,0,2
3805,0,2,0,2,1,5,1,0,0,9,1,1,2,2,6,6,0,2,1,4,2,5,0,0
3806,1,5,2,5,0,1,1,0,1,9,0,1,2,2,7,7,0,2,1,4,3,4,0,0
3807,0,2,0,2,1,5,1,0,0,10,1,1,2,2,6,3,0,2,1,4,2,5,0,0
3808,1,2,0,3,0,2,1,0,0,2,0,1,1,1,0,6,0,2,1,2,1,5,1,2
3809,0,2,3,3,1,5,1,0,0,7,1,1,2,2,3,6,0,2,1,4,3,5,0,0
3810,1,5,0,3,0,2,1,0,0,3,0,1,1,1,4,6,0,2,1,2,1,5,1,2
3811,0,2,3,4,1,5,1,0,0,5,1,1,2,2,6,6,0,2,1,4,2,4,0,0
3812,0,2,3,2,1,5,1,0,0,9,1,1,2,2,6,6,0,2,1,4,3,4,0,0
3813,0,2,3,4,1,5,1,0,0,9,1,1,2,2,6,6,0,2,1,4,2,4,0,0
3814,1,5,2,5,0,1,1,1,1,2,0,1,2,2,7,7,0,2,1,4,2,3,0,2
3815,1,5,3,3,0,2,1,0,0,3,0,1,1,1,4,6,0,2,1,2,1,5,4,2
3816,0,2,0,2,1,5,1,0,0,7,1,1,2,2,3,6,0,2,1,4,3,4,0,0
3817,0,2,0,3,1,5,1,0,0,10,1,1,2,2,7,7,0,2,1,4,2,4,0,0
3818,0,2,3,3,1,5,1,0,0,5,1,1,2,2,7,7,0,2,1,4,2,4,0,0
3819,0,2,3,2,1,5,1,0,0,7,1,1,2,2,3,7,0,2,1,4,3,5,0,0
3820,0,2,3,2,1,5,1,0,0,9,1,1,2,2,7,7,0,2,1,4,2,4,0,0
3821,0,5,0,3,1,5,1,0,0,5,1,1,2,2,7,6,0,2,1,4,3,5,0,0
3822,1,5,0,3,0,2,1,0,0,2,0,1,1,1,4,6,0,2,1,2,1,5,0,2
3823,0,5,3,4,1,5,1,0,0,9,1,1,2,2,3,6,0,2,1,4,3,5,0,0
3824,0,2,3,2,1,5,1,0,0,9,1,1,2,2,7,6,0,2,1,4,2,5,0,0
3825,0,2,0,2,1,5,1,0,0,5,1,1,2,2,6,7,0,2,1,4,2,5,0,0
3826,1,5,0,8,0,1,1,0,1,5,0,1,2,2,7,7,0,2,1,4,2,4,0,2
3827,0,2,3,2,1,5,1,0,0,7,1,1,2,2,3,6,0,2,1,4,2,5,0,0
3828,0,2,3,3,1,5,1,0,0,7,1,1,2,2,7,7,0,2,1,4,3,5,0,0
3829,1,5,0,3,0,2,1,0,0,7,0,1,1,1,4,0,0,2,1,2,1,5,1,0
3830,0,2,3,3,1,5,1,0,0,5,1,1,2,2,6,7,0,2,1,4,3,5,0,0
3831,1,5,2,8,0,1,1,1,1,5,0,1,2,2,7,7,0,2,1,4,2,4,0,2
3832,0,2,0,2,1,5,1,0,0,5,1,1,2,2,6,6,0,2,1,4,2,4,0,0
3833,1,5,2,8,0,1,1,0,1,5,0,1,2,2,7,7,0,2,1,4,2,3,0,2
3834,1,5,0,3,0,2,1,0,0,2,0,1,1,1,6,6,0,2,1,2,1,4,0,2
3835,1,5,0,3,0,2,1,0,0,3,0,1,1,1,0,6,0,2,1,2,1,5,0,2
3836,0,2,3,3,1,5,1,0,0,9,1,1,2,2,3,3,0,2,1,4,3,4,0,0
3837,0,2,3,3,1,5,1,0,0,7,1,1,2,2,7,3,0,2,1,4,3,4,0,0
3838,0,2,3,2,1,5,1,0,0,7,1,1,2,2,6,7,0,2,1,4,3,5,0,0
3839,0,2,3,2,1,5,1,0,0,7,1,1,2,2,7,3,0,2,1,4,2,5,0,0
3840,1,5,0,3,0,2,1,0,0,3,0,1,1,1,0,4,0,2,1,2,1,4,4,2
3841,0,2,0,2,1,5,1,0,0,9,1,1,2,2,6,7,0,2,1,4,3,5,0,0
3842,0,2,0,2,1,5,1,0,0,5,1,1,2,2,3,6,0,2,1,4,2,5,0,0
3843,1,5,3,3,0,2,1,0,0,2,0,1,1,1,4,4,0,2,1,2,1,4,1,2
3844,0,2,0,2,1,5,1,0,0,9,1,1,2,2,7,3,0,2,1,4,2,5,0,0
3845,1,5,0,3,0,1,1,1,1,7,0,1,2,2,7,7,0,2,1,4,3,3,0,0
3846,0,2,3,3,1,5,1,0,0,9,1,1,2,2,3,7,0,2,1,4,2,5,0,0
3847,0,2,3,2,1,5,1,0,0,10,1,1,2,2,3,3,0,2,1,4,3,5,0,0
3848,0,2,3,2,1,5,1,0,0,5,1,1,2,2,6,7,0,2,1,4,3,5,0,0
3849,0,2,3,3,1,5,1,0,0,10,1,1,2,2,7,6,0,2,1,4,2,5,0,0
3850,0,5,0,2,1,5,1,0,0,5,1,1,2,2,7,7,0,2,1,4,3,5,0,0
3851,0,2,3,3,1,5,1,0,0,9,1,1,2,2,6,7,0,2,1,4,2,5,0,0
3852,1,5,2,5,0,1,1,0,1,7,0,1,2,2,7,7,0,2,1,4,2,3,0,0
3853,0,2,3,4,1,5,1,0,0,9,1,1,2,2,7,6,0,2,1,4,3,4,0,0
3854,1,5,0,3,0,2,1,0,0,7,0,1,1,1,0,4,0,2,1,2,1,5,1,0
3855,0,2,3,2,1,5,1,0,0,5,1,1,2,2,7,6,0,2,1,4,2,4,0,0
3856,0,2,3,3,1,5,1,0,0,10,1,1,2,2,3,7,0,2,1,4,3,4,0,0
3857,0,2,0,2,1,5,1,0,0,5,1,1,2,2,6,3,0,2,1,4,3,4,0,0
3858,1,5,2,8,0,1,1,1,1,9,0,1,2,2,7,7,0,2,1,4,3,4,0,0
3859,1,5,0,8,0,1,1,1,1,5,0,1,2,2,7,7,0,2,1,4,3,4,0,2
3860,0,5,3,4,1,5,1,0,0,5,1,1,2,2,7,7,0,2,1,4,3,4,0,0
3861,0,2,0,2,1,5,1,0,0,10,1,1,2,2,6,3,0,2,1,4,2,4,0,0
3862,0,2,3,2,1,5,1,0,0,10,1,1,2,2,3,6,0,2,1,4,2,4,0,0
3863,0,5,3,3,1,5,1,0,0,9,1,1,2,2,3,6,0,2,1,4,3,5,0,0
3864,1,5,0,3,0,2,1,0,0,7,0,1,1,1,4,6,0,2,1,2,1,4,0,0
3865,1,5,0,8,0,1,1,1,1,5,0,1,2,2,7,7,0,2,1,4,2,4,0,2
3866,0,2,3,4,1,5,1,0,0,10,1,1,2,2,7,7,0,2,1,4,2,5,0,0
3867,0,2,0,2,1,5,1,0,0,10,1,1,2,2,3,3,0,2,1,4,2,4,0,0
3868,1,5,0,8,0,1,1,1,1,9,0,1,2,2,7,7,0,2,1,4,2,4,0,0
3869,1,5,2,3,0,1,1,1,1,7,0,1,2,2,7,7,0,2,1,4,2,3,0,0
3870,0,5,3,2,1,5,1,0,0,7,1,1,2,2,6,6,0,2,1,4,2,4,0,0
3871,1,5,0,3,0,2,1,0,0,3,0,1,1,1,0,6,0,2,1,2,1,4,0,2
3872,1,5,0,3,0,1,1,0,1,7,0,1,2,2,7,7,0,2,1,4,3,4,0,0
3873,1,5,0,3,0,2,1,0,0,3,0,1,1,1,4,6,0,2,1,2,1,4,0,2
3874,1,5,2,3,0,1,1,0,1,5,0,1,2,2,7,7,0,2,1,4,3,4,0,0
3875,0,5,0,3,1,5,1,0,0,10,1,1,2,2,6,3,0,2,1,4,2,4,0,0
3876,1,5,0,5,0,1,1,0,1,9,0,1,2,2,7,7,0,2,1,4,2,3,0,0
3877,0,2,0,2,1,5,1,0,0,5,1,1,2,2,3,6,0,2,1,4,3,4,0,0
3878,1,5,2,5,0,1,1,0,1,5,0,1,2,2,7,7,0,2,1,4,2,4,0,2
3879,1,5,0,3,0,1,1,1,1,7,0,1,2,2,7,7,0,2,1,4,2,3,0,0
3880,0,2,3,2,1,5,1,0,0,7,1,1,2,2,3,3,0,2,1,4,2,5,0,0
3881,1,5,0,3,0,1,1,0,1,5,0,1,2,2,7,7,0,2,1,4,2,3,0,0
3882,1,5,2,3,0,1,1,1,1,5,0,1,2,2,7,7,0,2,1,4,2,4,0,0
3883,0,2,3,3,1,5,1,0,0,9,1,1,2,2,7,3,0,2,1,4,3,5,0,0
3884,0,2,3,4,1,5,1,0,0,9,1,1,2,2,3,7,0,2,1,4,3,5,0,0
3885,1,5,0,3,0,1,1,1,1,2,0,1,2,2,7,7,0,2,1,4,3,3,0,2
3886,0,2,0,2,1,5,1,0,0,7,1,1,2,2,7,3,0,2,1,4,2,4,0,0
3887,1,5,2,8,0,1,1,0,1,5,0,1,2,2,7,7,0,2,1,4,3,3,0,2
3888,0,2,3,4,1,5,1,0,0,10,1,1,2,2,3,3,0,2,1,4,2,4,0,0
3889,1,5,0,3,0,2,1,0,0,3,0,1,1,1,4,0,0,2,1,2,1,4,0,2
3890,1,2,3,3,0,2,1,0,0,2,0,1,1,1,0,0,0,2,1,2,1,5,1,2
3891,0,2,3,3,1,5,1,0,0,5,1,1,2,2,6,3,0,2,1,4,2,4,0,0
3892,1,5,0,3,0,2,1,0,0,2,0,1,1,1,4,0,0,2,1,2,1,4,1,2
3893,0,2,3,3,1,5,1,0,0,7,1,1,2,2,3,7,0,2,1,4,3,4,0,0
3894,1,5,0,3,0,2,1,0,0,2,0,1,1,1,4,4,0,2,1,2,1,5,1,2
3895,1,2,0,3,0,2,1,0,0,7,0,1,1,1,4,6,0,2,1,2,1,5,4,0
3896,0,2,0,2,1,5,1,0,0,5,1,1,2,2,7,7,0,2,1,4,2,4,0,0
3897,0,2,0,3,1,5,1,0,0,10,1,1,2,2,3,3,0,2,1,4,2,4,0,0
3898,1,5,0,8,0,1,1,0,1,7,0,1,2,2,7,7,0,2,1,4,3,4,0,2
3899,0,2,0,3,1,5,1,0,0,5,1,1,2,2,7,7,0,2,1,4,3,5,0,0
3900,1,5,0,3,0,2,1,0,0,7,0,1,1,1,0,6,0,2,1,2,1,5,4,0
3901,1,5,3,9,0,2,1,0,0,3,0,1,1,1,4,0,0,2,1,2,1,4,0,2
3902,1,2,3,3,0,2,1,0,0,7,0,1,1,1,4,6,0,2,1,2,1,5,4,0
3903,1,5,0,9,0,2,1,0,0,7,0,1,1,1,6,0,0,2,1,2,1,4,1,2
3904,1,5,0,8,0,1,1,1,1,2,0,1,2,2,7,7,0,2,1,4,3,4,0,2
3905,1,5,3,9,0,2,1,0,0,3,0,1,1,1,0,4,0,2,1,2,1,5,0,2
3906,1,5,3,9,0,2,1,0,0,2,0,1,1,1,0,6,0,2,1,2,1,4,0,2
3907,1,5,0,9,0,2,1,0,0,3,0,1,1,1,4,4,0,2,1,2,1,4,4,2
3908,1,2,0,9,0,2,1,0,0,3,0,1,1,1,6,4,0,2,1,2,1,4,0,2
3909,1,2,0,9,0,2,1,0,0,2,0,1,1,1,4,4,0,2,1,2,1,5,0,2
3910,0,2,3,3,1,5,1,0,0,5,1,1,2,2,7,3,0,2,1,4,2,5,0,0
3911,1,5,3,3,0,2,1,0,0,2,0,1,1,1,0,4,0,2,1,2,1,5,1,2
3912,1,2,0,9,0,2,1,0,0,7,0,1,1,1,4,0,0,2,1,2,1,5,4,2
3913,1,2,0,9,0,2,1,0,0,2,0,1,1,1,6,0,0,2,1,2,1,5,1,2
3914,0,5,0,3,1,5,1,0,0,10,1,1,2,2,7,7,0,2,1,4,2,5,0,0
3915,0,2,3,4,1,5,1,0,0,5,1,1,2,2,7,3,0,2,1,4,3,4,0,0
3916,0,2,3,2,1,5,1,0,0,5,1,1,2,2,7,6,0,2,1,4,3,4,0,0
3917,1,5,3,9,0,2,1,0,0,3,0,1,1,1,4,6,0,2,1,2,1,4,1,2
3918,1,2,3,3,0,2,1,0,0,2,0,1,1,1,0,0,0,2,1,2,1,4,1,2
3919,1,2,3,3,0,2,1,0,0,3,0,1,1,1,4,0,0,2,1,2,1,4,0,2
3920,0,2,3,2,1,5,1,0,0,10,1,1,2,2,6,7,0,2,1,4,2,5,0,0
3921,1,2,3,3,0,2,1,0,0,7,0,1,1,1,4,0,0,2,1,2,1,4,1,0
3922,0,2,0,2,1,5,1,0,0,5,1,1,2,2,3,7,0,2,1,4,2,4,0,0
3923,0,2,0,3,1,5,1,0,0,7,1,1,2,2,3,7,0,2,1,4,2,4,0,0
3924,0,2,0,3,1,5,1,0,0,10,1,1,2,2,3,6,0,2,1,4,3,4,0,0
3925,1,5,0,3,0,2,1,0,0,7,0,1,1,1,0,0,0,2,1,2,1,5,0,0
3926,1,5,3,9,0,2,1,0,0,7,0,1,1,1,0,0,0,2,1,2,1,5,1,2
3927,1,2,0,9,0,2,1,0,0,3,0,1,1,1,0,4,0,2,1,2,1,5,1,2
3928,0,2,3,2,1,5,1,0,0,7,1,1,2,2,3,6,0,2,1,4,3,4,0,0
3929,1,5,0,9,0,2,1,0,0,3,0,1,1,1,6,4,0,2,1,2,1,5,0,2
3930,1,2,3,3,0,2,1,0,0,3,0,1,1,1,6,0,0,2,1,2,1,5,4,2
3931,1,2,0,9,0,2,1,0,0,2,0,1,1,1,6,6,0,2,1,2,1,4,1,2
3932,1,2,3,9,0,2,1,0,0,2,0,1,1,1,6,0,0,2,1,2,1,4,0,2
3933,1,5,3,3,0,2,1,0,0,7,0,1,1,1,4,4,0,2,1,2,1,5,4,0
3934,1,2,0,9,0,2,1,0,0,3,0,1,1,1,0,0,0,2,1,2,1,4,4,2
3935,1,5,2,5,0,1,1,0,1,2,0,1,2,2,7,7,0,2,1,4,3,3,0,2
3936,1,5,3,9,0,2,1,0,0,7,0,1,1,1,4,4,0,2,1,2,1,4,1,2
3937,0,2,0,2,1,5,1,0,0,9,1,1,2,2,3,3,0,2,1,4,2,4,0,0
3938,0,2,3,2,1,5,1,0,0,5,1,1,2,2,3,6,0,2,1,4,2,5,0,0
3939,1,5,0,5,0,1,1,0,1,5,0,1,2,2,7,7,0,2,1,4,3,4,0,2
3940,1,5,0,9,0,2,1,0,0,3,0,1,1,1,0,0,0,2,1,2,1,4,1,2
3941,1,2,3,3,0,2,1,0,0,7,0,1,1,1,0,6,0,2,1,2,1,4,1,0
3942,0,5,3,3,1,5,1,0,0,7,1,1,2,2,7,6,0,2,1,4,2,5,0,0
3943,0,2,0,2,1,5,1,0,0,7,1,1,2,2,7,3,0,2,1,4,3,5,0,0
3944,1,2,3,3,0,2,1,0,0,7,0,1,1,1,0,0,0,2,1,2,1,4,0,0
3945,0,2,3,3,1,5,1,0,0,9,1,1,2,2,7,3,0,2,1,4,3,4,0,0
3946,1,5,0,9,0,2,1,0,0,2,0,1,1,1,4,6,0,2,1,2,1,4,0,2
3947,1,2,3,3,0,2,1,0,0,2,0,1,1,1,4,4,0,2,1,2,1,5,1,2
3948,0,2,0,2,1,5,1,0,0,7,1,1,2,2,3,3,0,2,1,4,3,4,0,0
3949,1,5,3,9,0,2,1,0,0,3,0,1,1,1,4,4,0,2,1,2,1,4,1,2
3950,1,2,0,9,0,2,1,0,0,2,0,1,1,1,4,0,0,2,1,2,1,5,1,2
3951,1,5,3,9,0,2,1,0,0,7,0,1,1,1,6,6,0,2,1,2,1,4,1,2
3952,1,2,0,3,0,2,1,0,0,2,0,1,1,1,6,0,0,2,1,2,1,5,1,2
3953,1,5,2,5,0,1,1,1,1,5,0,1,2,2,7,7,0,2,1,4,3,3,0,2
3954,1,5,0,3,0,1,1,0,1,2,0,1,2,2,7,7,0,2,1,4,2,3,0,2
3955,1,5,3,3,0,2,1,0,0,2,0,1,1,1,0,6,0,2,1,2,1,4,4,2
3956,1,5,3,9,0,2,1,0,0,3,0,1,1,1,0,6,0,2,1,2,1,5,4,2
3957,1,2,0,3,0,2,1,0,0,3,0,1,1,1,6,4,0,2,1,2,1,4,0,2
3958,0,2,3,3,1,5,1,0,0,9,1,1,2,2,7,7,0,2,1,4,3,4,0,0
3959,1,5,2,3,1,2,1,0,0,10,1,1,0,2,7,7,0,2,1,4,1,4,5,0
3960,1,5,3,9,0,2,1,0,0,2,0,1,1,1,6,0,0,2,1,2,1,5,0,2
3961,0,2,0,3,1,5,1,0,0,10,1,1,2,2,6,6,0,2,1,4,2,4,0,0
3962,1,2,0,9,0,2,1,0,0,2,0,1,1,1,6,0,0,2,1,2,1,5,0,2
3963,1,5,3,3,0,2,1,0,0,3,0,1,1,1,0,0,0,2,1,2,1,5,4,2
3964,1,2,0,9,0,2,1,0,0,2,0,1,1,1,0,0,0,2,1,2,1,4,4,2
3965,1,5,3,3,0,2,1,0,0,3,0,1,1,1,0,4,0,2,1,2,1,5,1,2
3966,1,2,3,3,0,2,1,0,0,3,0,1,1,1,0,6,0,2,1,2,1,5,1,2
3967,1,2,3,9,0,2,1,0,0,3,0,1,1,1,4,0,0,2,1,2,1,5,4,2
3968,1,5,0,9,0,2,1,0,0,7,0,1,1,1,6,4,0,2,1,2,1,5,4,2
3969,1,5,2,8,0,1,1,0,1,2,0,1,2,2,7,7,0,2,1,4,2,4,0,2
3970,1,5,3,3,0,2,1,0,0,2,0,1,1,1,0,4,0,2,1,2,1,4,4,2
3971,1,5,0,3,0,2,1,0,0,7,0,1,1,1,0,0,0,2,1,2,1,5,4,0
3972,0,2,3,4,1,5,1,0,0,9,1,1,2,2,6,6,0,2,1,4,3,4,0,0
3973,0,2,0,3,1,5,1,0,0,10,1,1,2,2,6,7,0,2,1,4,2,4,0,0
3974,1,5,0,9,0,2,1,0,0,2,0,1,1,1,4,0,0,2,1,2,1,5,4,2
3975,1,5,2,5,0,1,1,0,1,9,0,1,2,2,7,7,0,2,1,4,3,3,0,0
3976,1,2,0,3,0,2,1,0,0,7,0,1,1,1,4,4,0,2,1,2,1,4,1,0
3977,1,5,0,3,0,2,1,0,0,3,0,1,1,1,0,0,0,2,1,2,1,4,1,2
3978,1,5,2,8,0,1,1,0,1,9,0,1,2,2,7,7,0,2,1,4,2,4,0,0
3979,0,2,0,2,1,5,1,0,0,10,1,1,2,2,7,6,0,2,1,4,3,4,0,0
3980,1,2,3,3,0,2,1,0,0,7,0,1,1,1,0,4,0,2,1,2,1,4,1,0
3981,1,5,0,5,0,1,1,1,1,7,0,1,2,2,7,7,0,2,1,4,2,4,0,0
3982,1,2,2,8,1,2,1,0,0,7,1,1,0,2,7,7,0,2,1,4,1,4,1,2
3983,1,5,3,9,0,2,1,0,0,7,0,1,1,1,4,4,0,2,1,2,1,4,4,2
3984,0,5,3,0,1,5,1,0,0,1,0,0,2,2,2,7,0,2,2,0,7,1,6,1
3985,1,2,0,3,0,2,1,0,0,2,0,1,1,1,4,6,0,2,1,2,1,5,1,2
3986,1,5,0,3,0,2,1,0,0,7,0,1,1,1,6,4,0,2,1,2,1,5,1,0
3987,1,5,0,9,0,2,1,0,0,3,0,1,1,1,4,0,0,2,1,2,1,5,1,2
3988,1,2,0,9,0,2,1,0,0,3,0,1,1,1,6,6,0,2,1,2,1,5,1,2
3989,0,2,0,3,1,5,1,0,0,9,1,1,2,2,6,3,0,2,1,4,3,5,0,0
3990,1,5,0,9,0,2,1,0,0,3,0,1,1,1,6,6,0,2,1,2,1,4,0,2
3991,1,5,3,3,0,2,1,0,0,3,0,1,1,1,6,6,0,2,1,2,1,4,0,2
3992,1,2,0,3,0,2,1,0,0,7,0,1,1,1,4,4,0,2,1,2,1,5,1,0
3993,1,5,0,3,0,1,1,1,1,9,0,1,2,2,7,7,0,2,1,4,3,3,0,0
3994,1,5,0,3,0,1,1,0,1,9,0,1,2,2,7,7,0,2,1,4,3,4,0,0
3995,1,5,3,3,0,2,1,0,0,7,0,1,1,1,6,4,0,2,1,2,1,4,1,0
3996,1,5,2,3,1,2,1,0,0,3,1,1,2,2,7,7,0,2,1,4,1,3,1,2
3997,1,5,3,3,0,2,1,0,0,3,0,1,1,1,6,0,0,2,1,2,1,4,1,2
3998,0,2,3,3,1,5,1,0,0,5,1,1,2,2,6,3,0,2,1,4,2,5,0,0
3999,1,2,0,9,0,2,1,0,0,7,0,1,1,1,0,0,0,2,1,2,1,4,0,2
4000,0,2,0,2,1,5,1,0,0,7,1,1,2,2,6,6,0,2,1,4,2,4,0,0
4001,1,2,3,3,0,2,1,0,0,7,0,1,1,1,6,0,0,2,1,2,1,5,4,0
4002,0,2,3,4,1,5,1,0,0,5,1,1,2,2,3,7,0,2,1,4,2,4,0,0
4003,0,2,0,2,1,5,1,0,0,10,1,1,2,2,3,6,0,2,1,4,2,5,0,0
4004,1,5,3,3,0,2,1,0,0,2,0,1,1,1,4,6,0,2,1,2,1,5,4,2
4005,1,5,3,3,0,2,1,0,0,3,0,1,1,1,0,6,0,2,1,2,1,5,0,2
4006,0,2,0,2,1,5,1,0,0,10,1,1,2,2,3,3,0,2,1,4,3,4,0,0
4007,1,2,0,3,0,2,1,0,0,7,0,1,1,1,0,0,0,2,1,2,1,4,4,0
4008,0,2,0,3,1,5,1,0,0,10,1,1,2,2,6,6,0,2,1,4,2,5,0,0
4009,0,2,3,2,1,5,1,0,0,10,1,1,2,2,7,3,0,2,1,4,2,5,0,0
4010,0,2,3,2,1,5,1,0,0,10,1,1,2,2,3,3,0,2,1,4,3,4,0,0
4011,1,2,0,3,0,2,1,0,0,2,0,1,1,1,4,4,0,2,1,2,1,5,4,2
4012,0,5,0,2,1,5,1,0,0,9,1,1,2,2,3,6,0,2,1,4,2,4,0,0
4013,1,2,3,3,0,2,1,0,0,7,0,1,1,1,6,0,0,2,1,2,1,4,0,0
4014,1,5,3,9,0,2,1,0,0,7,0,1,1,1,6,4,0,2,1,2,1,4,4,2
4015,1,2,3,9,0,2,1,0,0,7,0,1,1,1,0,0,0,2,1,2,1,4,0,2
4016,1,5,0,9,0,2,1,0,0,2,0,1,1,1,4,6,0,2,1,2,1,4,4,2
4017,1,5,3,9,0,2,1,0,0,7,0,1,1,1,4,4,0,2,1,2,1,4,0,2
4018,0,5,0,3,1,5,1,0,0,9,1,1,2,2,3,3,0,2,1,4,3,4,0,0
4019,0,5,3,3,1,5,1,0,0,9,1,1,2,2,3,7,0,2,1,4,3,4,0,0
4020,1,2,3,3,0,2,1,0,0,2,0,1,1,1,0,6,0,2,1,2,1,4,1,2
4021,1,2,0,9,0,2,1,0,0,3,0,1,1,1,6,6,0,2,1,2,1,5,0,2
4022,1,5,3,3,0,2,1,0,0,7,0,1,1,1,6,0,0,2,1,2,1,5,4,0
4023,1,5,3,2,0,8,1,0,1,0,1,0,1,2,7,7,0,2,1,0,7,4,4,1
4024,1,5,3,3,0,2,1,0,0,3,0,1,1,1,4,4,0,2,1,2,1,5,4,2
4025,1,5,3,3,0,2,1,0,0,2,0,1,1,1,6,6,0,2,1,2,1,4,1,2
4026,1,5,2,3,0,1,1,1,1,9,0,1,2,2,7,7,0,2,1,4,3,4,0,0
4027,1,2,0,3,0,2,1,0,0,7,0,1,1,1,6,0,0,2,1,2,1,4,1,0
4028,1,2,2,0,1,2,1,0,0,7,1,1,2,0,7,7,0,2,1,4,1,3,1,0
4029,1,5,3,3,0,2,1,0,0,7,0,1,1,1,4,6,0,2,1,2,1,4,0,0
4030,1,5,3,9,0,2,1,0,0,7,0,1,1,1,6,6,0,2,1,2,1,5,0,2
4031,1,5,2,8,0,1,1,1,1,9,0,1,2,2,7,7,0,2,1,4,2,3,0,0
4032,1,5,3,9,0,2,1,0,0,3,0,1,1,1,6,4,0,2,1,2,1,4,0,2
4033,0,2,0,2,1,5,1,0,0,10,1,1,2,2,7,6,0,2,1,4,2,4,0,0
4034,1,5,3,3,0,2,1,0,0,3,0,1,1,1,6,6,0,2,1,2,1,5,1,2
4035,1,5,0,9,0,2,1,0,0,7,0,1,1,1,4,6,0,2,1,2,1,4,0,2
4036,1,5,0,9,0,2,1,0,0,7,0,1,1,1,6,0,0,2,1,2,1,4,4,2
4037,1,2,0,3,0,2,1,0,0,7,0,1,1,1,6,4,0,2,1,2,1,4,1,0
4038,1,5,0,9,0,2,1,0,0,3,0,1,1,1,4,0,0,2,1,2,1,5,0,2
4039,0,2,0,3,1,5,1,0,0,9,1,1,2,2,3,7,0,2,1,4,2,4,0,0
4040,1,5,0,3,0,2,1,0,0,7,0,1,1,1,6,6,0,2,1,2,1,5,0,0
4041,0,2,3,4,1,5,1,0,0,9,1,1,2,2,7,6,0,2,1,4,3,5,0,0
4042,1,2,3,3,0,2,1,0,0,3,0,1,1,1,0,6,0,2,1,2,1,4,0,2
4043,1,2,0,3,0,2,1,0,0,7,0,1,1,1,6,6,0,2,1,2,1,5,4,0
4044,1,2,0,3,0,2,1,0,0,2,0,1,1,1,0,0,0,2,1,2,1,4,0,2
4045,1,5,2,8,0,1,1,1,1,9,0,1,2,2,7,7,0,2,1,4,2,4,0,0
4046,1,5,3,3,0,2,1,0,0,3,0,1,1,1,4,4,0,2,1,2,1,5,0,2
4047,0,2,3,4,1,5,1,0,0,7,1,1,2,2,3,7,0,2,1,4,2,4,0,0
4048,1,5,0,8,0,1,1,0,1,9,0,1,2,2,7,7,0,2,1,4,2,3,0,0
4049,1,5,0,9,0,2,1,0,0,7,0,1,1,1,6,0,0,2,1,2,1,4,0,2
4050,1,5,0,9,0,2,1,0,0,7,0,1,1,1,0,4,0,2,1,2,1,5,0,2
4051,1,5,0,5,0,1,1,1,1,9,0,1,2,2,7,7,0,2,1,4,3,4,0,0
4052,1,2,0,9,0,2,1,0,0,7,0,1,1,1,6,6,0,2,1,2,1,5,0,2
4053,1,2,0,3,0,2,1,0,0,3,0,1,1,1,6,4,0,2,1,2,1,4,4,2
4054,0,2,3,2,1,5,1,0,0,7,1,1,2,2,3,3,0,2,1,4,2,4,0,0
4055,1,5,3,9,0,2,1,0,0,2,0,1,1,1,6,0,0,2,1,2,1,4,4,2
4056,1,2,0,9,0,2,1,0,0,2,0,1,1,1,0,6,0,2,1,2,1,4,4,2
4057,1,5,0,3,0,1,1,0,1,2,0,1,2,2,7,7,0,2,1,4,3,3,0,2
4058,1,5,2,5,0,1,1,1,1,9,0,1,2,2,7,7,0,2,1,4,2,4,0,0
4059,0,5,0,2,1,5,1,0,0,5,1,1,2,2,7,6,0,2,1,4,3,4,0,0
4060,1,5,3,9,0,2,1,0,0,3,0,1,1,1,0,0,0,2,1,2,1,4,1,2
4061,0,2,0,4,1,5,1,0,0,5,1,1,2,2,7,7,0,2,1,4,3,5,0,0
4062,0,2,3,2,1,5,1,0,0,7,1,1,2,2,7,7,0,2,1,4,2,5,0,0
4063,1,2,3,9,0,2,1,0,0,7,0,1,1,1,0,6,0,2,1,2,1,5,0,2
4064,1,5,0,9,0,2,1,0,0,7,0,1,1,1,0,4,0,2,1,2,1,5,1,2
4065,1,5,3,3,0,2,1,0,0,2,0,1,1,1,4,6,0,2,1,2,1,4,0,2
4066,1,2,0,3,0,2,1,0,0,2,0,1,1,1,4,0,0,2,1,2,1,5,0,2
4067,1,2,0,9,0,2,1,0,0,2,0,1,1,1,6,4,0,2,1,2,1,5,4,2
4068,0,2,3,3,1,5,1,0,0,10,1,1,2,2,6,6,0,2,1,4,3,5,0,0
4069,1,5,3,3,0,2,1,0,0,7,0,1,1,1,0,6,0,2,1,2,1,4,4,0
4070,1,5,3,9,0,2,1,0,0,3,0,1,1,1,4,4,0,2,1,2,1,4,4,2
4071,1,2,0,3,0,2,1,0,0,7,0,1,1,1,0,4,0,2,1,2,1,4,4,0
4072,1,2,0,9,0,2,1,0,0,7,0,1,1,1,0,4,0,2,1,2,1,5,4,2
4073,0,2,0,2,1,5,1,0,0,9,1,1,2,2,7,3,0,2,1,4,3,4,0,0
4074,0,2,3,4,1,5,1,0,0,7,1,1,2,2,3,3,0,2,1,4,3,4,0,0
4075,1,5,0,9,0,2,1,0,0,3,0,1,1,1,6,4,0,2,1,2,1,5,1,2
4076,0,2,3,7,0,5,1,0,1,3,0,0,2,0,7,7,0,2,1,1,1,5,0,2
4077,0,2,3,4,1,5,1,0,0,9,1,1,2,2,6,7,0,2,1,4,3,5,0,0
4078,1,2,3,9,0,2,1,0,0,7,0,1,1,1,6,6,0,2,1,2,1,4,1,2
4079,1,2,0,9,0,2,1,0,0,2,0,1,1,1,0,0,0,2,1,2,1,4,1,2
4080,1,5,3,3,0,2,1,0,0,2,0,1,1,1,4,6,0,2,1,2,1,5,0,2
4081,1,5,3,3,0,2,1,0,0,7,0,1,1,1,4,6,0,2,1,2,1,5,4,0
4082,1,2,0,9,0,2,1,0,0,2,0,1,1,1,6,0,0,2,1,2,1,4,4,2
4083,1,5,3,9,0,2,1,0,0,2,0,1,1,1,0,0,0,2,1,2,1,5,0,2
4084,1,5,0,9,0,2,1,0,0,3,0,1,1,1,0,0,0,2,1,2,1,4,4,2
4085,1,5,3,3,0,2,1,0,0,7,0,1,1,1,0,4,0,2,1,2,1,4,4,0
4086,1,5,0,9,0,2,1,0,0,3,0,1,1,1,4,0,0,2,1,2,1,5,4,2
4087,0,5,0,3,1,5,1,0,0,9,1,1,2,2,6,3,0,2,1,4,3,4,0,0
4088,1,2,3,3,0,2,1,0,0,3,0,1,1,1,4,6,0,2,1,2,1,5,0,2
4089,0,2,3,2,1,5,1,0,0,7,1,1,2,2,3,3,0,2,1,4,3,4,0,0
4090,1,5,0,3,0,2,1,0,0,7,0,1,1,1,0,4,0,2,1,2,1,4,0,0
4091,1,2,0,9,0,2,1,0,0,3,0,1,1,1,0,0,0,2,1,2,1,4,0,2
4092,0,2,3,4,1,5,1,0,0,5,1,1,2,2,7,7,0,2,1,4,3,5,0,0
4093,0,2,0,3,1,5,1,0,0,10,1,1,2,2,6,3,0,2,1,4,2,5,0,0
4094,1,2,3,3,0,2,1,0,0,7,0,1,1,1,4,6,0,2,1,2,1,4,1,0
4095,0,5,0,2,1,5,1,0,0,10,1,1,2,2,6,6,0,2,1,4,2,4,0,0
4096,0,2,0,2,1,5,1,0,0,7,1,1,2,2,6,7,0,2,1,4,3,5,0,0
4097,1,2,3,9,0,2,1,0,0,3,0,1,1,1,0,0,0,2,1,2,1,4,4,2
4098,1,5,0,8,0,1,1,0,1,9,0,1,2,2,7,7,0,2,1,4,2,4,0,0
4099,1,5,3,3,0,2,1,0,0,7,0,1,1,1,0,4,0,2,1,2,1,5,0,0
4100,1,5,3,2,0,8,1,0,1,0,1,0,1,2,6,6,0,2,1,0,7,4,0,1
4101,1,5,0,9,0,2,1,0,0,7,0,1,1,1,0,6,0,2,1,2,1,4,4,2
4102,1,2,3,3,0,2,1,0,0,7,0,1,1,1,0,6,0,2,1,2,1,5,0,0
4103,0,2,3,3,1,5,1,0,0,9,1,1,2,2,7,6,0,2,1,4,3,5,0,0
4104,1,5,3,4,0,2,1,0,1,0,1,0,2,2,6,6,0,2,1,0,7,4,2,1
4105,0,2,3,2,1,5,1,0,0,5,1,1,2,2,3,3,0,2,1,4,3,4,0,0
4106,1,0,2,0,1,5,1,0,0,2,0,1,2,2,7,7,0,2,2,4,5,4,3,1
4107,0,2,0,3,1,5,1,0,0,10,1,1,2,2,3,3,0,2,1,4,2,5,0,0
4108,1,2,0,3,0,2,1,0,0,7,0,1,1,1,0,4,0,2,1,2,1,4,1,0
4109,0,2,3,3,1,5,1,0,0,10,1,1,2,2,7,3,0,2,1,4,2,5,0,0
4110,1,2,0,9,0,2,1,0,0,7,0,1,1,1,6,4,0,2,1,2,1,5,4,2
4111,1,2,0,9,0,2,1,0,0,2,0,1,1,1,4,4,0,2,1,2,1,5,1,2
4112,1,2,0,3,0,2,1,0,0,2,0,1,1,1,4,6,0,2,1,2,1,4,1,2
4113,0,2,0,2,1,5,1,0,0,9,1,1,2,2,6,7,0,2,1,4,3,4,0,0
4114,1,5,0,3,0,2,1,0,0,7,0,1,1,1,4,6,0,2,1,2,1,5,4,0
4115,1,2,0,9,0,2,1,0,0,2,0,1,1,1,6,0,0,2,1,2,1,4,1,2
4116,1,5,0,9,0,2,1,0,0,2,0,1,1,1,4,4,0,2,1,2,1,4,0,2
4117,1,5,0,9,0,2,1,0,0,2,0,1,1,1,0,0,0,2,1,2,1,5,4,2
4118,1,2,0,9,0,2,1,0,0,7,0,1,1,1,6,4,0,2,1,2,1,4,1,2
4119,1,2,0,9,0,2,1,0,0,3,0,1,1,1,4,0,0,2,1,2,1,4,1,2
4120,1,5,3,3,0,2,1,0,0,7,0,1,1,1,4,0,0,2,1,2,1,4,4,0
4121,0,2,3,2,1,5,1,0,0,9,1,1,2,2,3,3,0,2,1,4,2,4,0,0
4122,1,2,0,3,0,2,1,0,0,2,0,1,1,1,4,6,0,2,1,2,1,4,0,2
4123,1,2,0,9,0,2,1,0,0,3,0,1,1,1,4,6,0,2,1,2,1,4,1,2
4124,0,2,0,4,1,5,1,0,0,9,1,1,2,2,7,6,0,2,1,4,2,4,0,0
4125,1,5,3,9,0,2,1,0,0,2,0,1,1,1,6,6,0,2,1,2,1,4,4,2
4126,1,5,3,9,0,2,1,0,0,3,0,1,1,1,0,6,0,2,1,2,1,4,4,2
4127,0,2,3,4,1,5,1,0,0,7,1,1,2,2,6,6,0,2,1,4,2,5,0,0
4128,1,2,3,3,0,2,1,0,0,7,0,1,1,1,0,6,0,2,1,2,1,5,4,0
4129,0,2,0,2,1,5,1,0,0,7,1,1,2,2,3,3,0,2,1,4,2,5,0,0
4130,1,5,3,9,0,2,1,0,0,2,0,1,1,1,0,0,0,2,1,2,1,4,1,2
4131,1,2,3,3,0,2,1,0,0,3,0,1,1,1,0,0,0,2,1,2,1,4,0,2
4132,1,5,3,9,0,2,1,0,0,7,0,1,1,1,0,0,0,2,1,2,1,4,0,2
4133,1,5,2,3,0,1,1,0,1,2,0,1,2,2,7,7,0,2,1,4,2,3,0,2
4134,0,2,0,3,1,5,1,0,0,10,1,1,2,2,3,6,0,2,1,4,2,4,0,0
4135,1,2,3,3,0,2,1,0,0,2,0,1,1,1,6,6,0,2,1,2,1,5,1,2
4136,1,5,0,3,0,2,1,0,0,3,0,1,1,1,0,0,0,2,1,2,1,5,0,2
4137,1,2,3,3,0,2,1,0,0,3,0,1,1,1,0,4,0,2,1,2,1,4,4,2
4138,0,2,3,4,1,5,1,0,0,10,1,1,2,2,6,7,0,2,1,4,2,4,0,0
4139,1,5,3,9,0,2,1,0,0,7,0,1,1,1,0,4,0,2,1,2,1,5,0,2
4140,1,2,0,3,0,2,1,0,0,2,0,1,1,1,6,0,0,2,1,2,1,5,0,2
4141,0,2,3,2,1,5,1,0,0,10,1,1,2,2,7,3,0,2,1,4,3,4,0,0
4142,0,2,3,2,1,5,1,0,0,10,1,1,2,2,6,3,0,2,1,4,2,4,0,0
4143,1,2,2,3,1,2,1,0,0,7,1,1,0,0,7,7,0,2,1,4,1,4,5,0
4144,1,5,0,3,0,2,1,0,0,2,0,1,1,1,6,4,0,2,1,2,1,5,4,2
4145,1,2,3,3,0,2,1,0,0,2,0,1,1,1,4,0,0,2,1,2,1,4,4,2
4146,1,5,3,3,0,2,1,0,0,2,0,1,1,1,6,0,0,2,1,2,1,4,4,2
4147,1,5,0,9,0,2,1,0,0,3,0,1,1,1,0,4,0,2,1,2,1,4,0,2
4148,1,2,3,3,0,2,1,0,0,7,0,1,1,1,0,4,0,2,1,2,1,4,0,0
4149,1,2,3,3,0,2,1,0,0,7,0,1,1,1,4,6,0,2,1,2,1,4,4,0
4150,0,2,3,2,1,5,1,0,0,10,1,1,2,2,7,7,0,2,1,4,3,5,0,0
4151,1,5,3,3,0,2,1,0,0,3,0,1,1,1,0,4,0,2,1,2,1,4,1,2
4152,1,2,3,3,0,2,1,0,0,7,0,1,1,1,6,6,0,2,1,2,1,4,1,0
4153,1,5,3,3,0,2,1,0,0,7,0,1,1,1,0,0,0,2,1,2,1,5,4,0
4154,0,2,0,2,1,5,1,0,0,7,1,1,2,2,7,6,0,2,1,4,3,4,0,0
4155,0,2,3,2,1,5,1,0,0,7,1,1,2,2,6,7,0,2,1,4,3,4,0,0
4156,0,2,3,2,1,5,1,0,0,5,1,1,2,2,6,6,0,2,1,4,3,5,0,0
4157,1,2,0,9,0,2,1,0,0,3,0,1,1,1,0,4,0,2,1,2,1,4,1,2
4158,1,2,0,3,0,2,1,0,0,3,0,1,1,1,0,6,0,2,1,2,1,5,4,2
4159,0,2,3,4,1,5,1,0,0,9,1,1,2,2,3,6,0,2,1,4,2,5,0,0
4160,1,5,3,3,0,2,1,0,0,2,0,1,1,1,6,0,0,2,1,2,1,5,1,2
4161,0,2,0,3,1,5,1,0,0,9,1,1,2,2,3,7,0,2,1,4,3,4,0,0
4162,1,5,0,9,0,2,1,0,0,7,0,1,1,1,4,6,0,2,1,2,1,4,4,2
4163,1,5,3,9,0,2,1,0,0,7,0,1,1,1,6,4,0,2,1,2,1,4,0,2
4164,1,5,3,9,0,2,1,0,0,7,0,1,1,1,4,6,0,2,1,2,1,4,0,2
4165,0,2,0,1,0,5,1,1,1,10,0,1,0,0,7,4,0,2,1,0,7,4,2,0
4166,1,5,0,3,0,2,1,0,0,3,0,1,1,1,4,4,0,2,1,2,1,4,0,2
4167,1,2,0,3,0,2,1,0,0,7,0,1,1,1,4,6,0,2,1,2,1,5,1,0
4168,1,5,3,3,0,2,1,0,0,3,0,1,1,1,6,4,0,2,1,2,1,4,1,2
4169,1,2,3,3,0,2,1,0,0,7,0,1,1,1,6,0,0,2,1,2,1,5,1,0
4170,1,5,2,0,1,2,1,0,0,10,1,1,0,2,7,7,0,2,1,4,1,3,5,0
4171,1,2,0,3,0,2,1,0,0,3,0,1,1,1,4,4,0,2,1,2,1,4,0,2
4172,1,5,3,3,0,2,1,0,0,7,0,1,1,1,4,6,0,2,1,2,1,4,1,0
4173,1,2,0,9,0,2,1,0,0,2,0,1,1,1,0,0,0,2,1,2,1,5,4,2
4174,1,2,0,3,0,2,1,0,0,3,0,1,1,1,4,6,0,2,1,2,1,4,4,2
4175,1,2,0,3,0,2,1,0,0,2,0,1,1,1,6,6,0,2,1,2,1,5,0,2
4176,0,2,0,3,1,5,1,0,0,10,1,1,2,2,6,7,0,2,1,4,2,5,0,0
4177,1,5,0,9,0,2,1,0,0,7,0,1,1,1,0,0,0,2,1,2,1,5,4,2
4178,1,5,0,9,0,2,1,0,0,3,0,1,1,1,0,0,0,2,1,2,1,5,4,2
4179,0,2,3,2,1,5,1,0,0,9,1,1,2,2,6,6,0,2,1,4,2,5,0,0
4180,1,2,3,3,0,2,1,0,0,3,0,1,1,1,0,6,0,2,1,2,1,4,4,2
4181,1,2,0,3,0,2,1,0,0,3,0,1,1,1,0,0,0,2,1,2,1,5,0,2
4182,1,5,3,9,0,2,1,0,0,2,0,1,1,1,6,4,0,2,1,2,1,5,0,2
4183,0,2,0,3,1,5,1,0,0,10,1,1,2,2,7,7,0,2,1,4,2,5,0,0
4184,1,5,0,3,0,2,1,0,0,2,0,1,1,1,4,6,0,2,1,2,1,4,1,2
4185,1,5,0,3,0,2,1,0,0,2,0,1,1,1,6,6,0,2,1,2,1,5,4,2
4186,0,2,3,4,1,5,1,0,0,7,1,1,2,2,6,7,0,2,1,4,3,5,0,0
4187,0,2,0,3,1,5,1,0,0,9,1,1,2,2,6,3,0,2,1,4,3,4,0,0
4188,1,5,3,3,0,2,1,0,0,3,0,1,1,1,4,4,0,2,1,2,1,4,0,2
4189,1,2,3,9,0,2,1,0,0,3,0,1,1,1,6,6,0,2,1,2,1,4,4,2
4190,1,2,0,9,0,2,1,0,0,3,0,1,1,1,4,0,0,2,1,2,1,4,0,2
4191,1,2,0,3,0,2,1,0,0,2,0,1,1,1,4,6,0,2,1,2,1,4,4,2
4192,1,2,0,3,0,2,1,0,0,3,0,1,1,1,0,0,0,2,1,2,1,5,4,2
4193,1,2,3,3,0,2,1,0,0,7,0,1,1,1,6,4,0,2,1,2,1,5,1,0
4194,1,2,2,0,1,2,1,0,0,10,1,1,0,0,7,7,0,2,1,4,1,3,5,0
4195,0,2,0,2,1,5,1,0,0,9,1,1,2,2,6,6,0,2,1,4,3,5,0,0
4196,1,5,3,4,0,8,1,0,1,0,1,0,1,1,6,6,0,2,1,0,7,4,0,1
4197,0,5,3,3,1,5,1,0,0,5,1,1,2,2,3,7,0,2,1,4,3,4,0,0
4198,1,5,0,3,0,1,1,1,1,5,0,1,2,2,7,7,0,2,1,4,2,4,0,0
4199,1,5,0,5,0,1,1,1,1,5,0,1,2,2,7,7,0,2,1,4,3,4,0,2
4200,1,5,3,4,0,8,1,0,1,0,1,0,2,1,6,7,0,2,1,0,7,4,2,1
4201,1,2,0,3,0,2,1,0,0,2,0,1,1,1,4,6,0,2,1,2,1,5,4,2
4202,1,5,0,9,0,2,1,0,0,2,0,1,1,1,0,0,0,2,1,2,1,4,1,2
4203,1,5,2,3,1,2,1,0,0,10,1,1,2,0,7,7,0,2,1,4,1,3,5,0
4204,1,2,3,3,0,2,1,0,0,3,0,1,1,1,0,6,0,2,1,2,1,5,4,2
4205,1,5,0,9,0,2,1,0,0,7,0,1,1,1,0,0,0,2,1,2,1,5,0,2
4206,1,2,3,3,0,2,1,0,0,2,0,1,1,1,4,6,0,2,1,2,1,5,4,2
4207,1,2,0,3,0,2,1,0,0,3,0,1,1,1,4,0,0,2,1,2,1,5,0,2
4208,1,2,3,3,0,2,1,0,0,3,0,1,1,1,0,0,0,2,1,2,1,5,0,2
4209,1,5,3,3,0,2,1,0,0,2,0,1,1,1,4,6,0,2,1,2,1,5,1,2
4210,1,2,0,3,0,2,1,0,0,3,0,1,1,1,6,6,0,2,1,2,1,5,1,2
4211,1,5,0,9,0,2,1,0,0,7,0,1,1,1,0,0,0,2,1,2,1,5,1,2
4212,1,2,0,9,0,2,1,0,0,7,0,1,1,1,4,4,0,2,1,2,1,4,1,2
4213,1,5,0,9,0,2,1,0,0,3,0,1,1,1,4,0,0,2,1,2,1,4,1,2
4214,1,5,0,9,0,2,1,0,0,2,0,1,1,1,0,6,0,2,1,2,1,5,1,2
4215,1,5,3,9,0,2,1,0,0,7,0,1,1,1,4,6,0,2,1,2,1,4,1,2
4216,1,2,2,3,1,2,1,0,0,3,1,1,2,2,7,7,0,2,1,4,1,4,5,2
4217,1,5,0,9,0,2,1,0,0,3,0,1,1,1,4,4,0,2,1,2,1,5,1,2
4218,1,2,0,9,0,2,1,0,0,7,0,1,1,1,6,0,0,2,1,2,1,5,1,2
4219,1,2,3,3,0,2,1,0,0,7,0,1,1,1,4,6,0,2,1,2,1,5,0,0
4220,1,2,0,9,0,2,1,0,0,7,0,1,1,1,6,4,0,2,1,2,1,5,0,2
4221,1,2,0,9,0,2,1,0,0,2,0,1,1,1,0,6,0,2,1,2,1,4,0,2
4222,1,5,3,3,0,2,1,0,0,3,0,1,1,1,0,4,0,2,1,2,1,4,4,2
4223,1,5,3,3,0,2,1,0,0,7,0,1,1,1,4,0,0,2,1,2,1,5,4,0
4224,0,2,3,2,1,5,1,0,0,7,1,1,2,2,7,7,0,2,1,4,3,4,0,0
4225,1,2,0,9,0,2,1,0,0,3,0,1,1,1,4,6,0,2,1,2,1,4,0,2
4226,1,2,0,3,0,2,1,0,0,3,0,1,1,1,0,6,0,2,1,2,1,5,0,2
4227,1,2,3,3,0,2,1,0,0,3,0,1,1,1,4,6,0,2,1,2,1,4,4,2
4228,1,5,0,9,0,2,1,0,0,2,0,1,1,1,0,6,0,2,1,2,1,4,1,2
4229,1,5,0,9,0,2,1,0,0,2,0,1,1,1,6,6,0,2,1,2,1,4,4,2
4230,1,5,0,3,0,2,1,0,0,3,0,1,1,1,4,0,0,2,1,2,1,5,0,2
4231,1,5,3,9,0,2,1,0,0,7,0,1,1,1,6,6,0,2,1,2,1,5,4,2
4232,1,2,2,8,1,2,1,0,0,7,1,1,0,0,7,7,0,2,1,4,1,3,5,2
4233,1,2,0,9,0,2,1,0,0,3,0,1,1,1,6,4,0,2,1,2,1,4,1,2
4234,1,2,0,9,0,2,1,0,0,7,0,1,1,1,0,6,0,2,1,2,1,4,0,2
4235,1,2,3,3,0,2,1,0,0,3,0,1,1,1,4,4,0,2,1,2,1,5,4,2
4236,1,2,0,9,0,2,1,0,0,7,0,1,1,1,6,0,0,2,1,2,1,5,0,2
4237,1,2,0,9,0,2,1,0,0,3,0,1,1,1,0,4,0,2,1,2,1,4,0,2
4238,1,2,0,3,0,2,1,0,0,2,0,1,1,1,0,0,0,2,1,2,1,4,4,2
4239,1,5,3,3,0,2,1,0,0,7,0,1,1,1,4,0,0,2,1,2,1,5,1,0
4240,1,5,0,9,0,2,1,0,0,3,0,1,1,1,0,6,0,2,1,2,1,5,4,2
4241,1,2,0,3,0,2,1,0,0,2,0,1,1,1,6,0,0,2,1,2,1,4,1,2
4242,1,5,0,9,0,2,1,0,0,7,0,1,1,1,4,0,0,2,1,2,1,5,0,2
4243,1,2,3,3,0,2,1,0,0,7,0,1,1,1,4,4,0,2,1,2,1,4,0,0
4244,1,5,3,9,0,2,1,0,0,2,0,1,1,1,4,0,0,2,1,2,1,4,0,2
4245,1,5,2,8,1,2,1,0,0,3,1,1,0,2,7,7,0,2,1,4,1,3,1,2
4246,1,2,0,3,0,2,1,0,0,7,0,1,1,1,4,0,0,2,1,2,1,5,1,0
4247,1,5,2,0,1,2,1,0,0,7,1,1,0,2,7,7,0,2,1,4,1,3,1,0
4248,1,2,3,3,0,2,1,0,0,3,0,1,1,1,6,0,0,2,1,2,1,4,0,2
4249,1,5,3,3,0,2,1,0,0,7,0,1,1,1,4,4,0,2,1,2,1,4,0,0
4250,1,5,0,9,0,2,1,0,0,2,0,1,1,1,4,0,0,2,1,2,1,5,1,2
4251,1,5,0,9,0,2,1,0,0,7,0,1,1,1,4,4,0,2,1,2,1,5,1,2
4252,1,5,3,9,0,2,1,0,0,2,0,1,1,1,6,6,0,2,1,2,1,4,1,2
4253,0,2,3,3,1,5,1,0,0,9,1,1,2,2,3,3,0,2,1,4,3,5,0,0
4254,1,2,3,9,0,2,1,0,0,3,0,1,1,1,6,6,0,2,1,2,1,5,4,2
4255,1,5,3,3,0,2,1,0,0,3,0,1,1,1,6,4,0,2,1,2,1,5,4,2
4256,1,2,0,9,0,2,1,0,0,3,0,1,1,1,6,0,0,2,1,2,1,4,1,2
4257,1,2,3,9,0,2,1,0,0,3,0,1,1,1,4,6,0,2,1,2,1,4,4,2
4258,1,2,0,9,0,2,1,0,0,2,0,1,1,1,4,6,0,2,1,2,1,5,0,2
4259,1,5,3,3,0,2,1,0,0,3,0,1,1,1,6,6,0,2,1,2,1,4,4,2
4260,1,2,0,3,0,2,1,0,0,2,0,1,1,1,0,0,0,2,1,2,1,5,1,2
4261,1,5,3,3,0,2,1,0,0,2,0,1,1,1,6,6,0,2,1,2,1,5,4,2
4262,1,5,0,5,0,1,1,0,1,7,0,1,2,2,7,7,0,2,1,4,2,3,0,0
4263,1,5,3,9,0,2,1,0,0,2,0,1,1,1,4,4,0,2,1,2,1,5,0,2
4264,1,5,0,9,0,2,1,0,0,2,0,1,1,1,4,4,0,2,1,2,1,5,1,2
4265,1,2,0,9,0,2,1,0,0,3,0,1,1,1,0,6,0,2,1,2,1,5,1,2
4266,1,5,3,3,0,2,1,0,0,2,0,1,1,1,6,4,0,2,1,2,1,4,1,2
4267,1,2,0,3,0,2,1,0,0,2,0,1,1,1,6,4,0,2,1,2,1,4,1,2
4268,1,5,3,3,0,2,1,0,0,3,0,1,1,1,6,4,0,2,1,2,1,4,0,2
4269,1,5,0,9,0,2,1,0,0,3,0,1,1,1,0,4,0,2,1,2,1,5,1,2
4270,1,5,0,9,0,2,1,0,0,2,0,1,1,1,0,6,0,2,1,2,1,4,4,2
4271,1,5,3,3,0,2,1,0,0,3,0,1,1,1,6,0,0,2,1,2,1,5,0,2
4272,1,5,3,9,0,2,1,0,0,2,0,1,1,1,4,6,0,2,1,2,1,4,0,2
4273,1,2,3,3,0,2,1,0,0,2,0,1,1,1,0,0,0,2,1,2,1,5,4,2
4274,1,2,3,3,0,2,1,0,0,7,0,1,1,1,6,4,0,2,1,2,1,4,0,0
4275,1,5,0,9,0,2,1,0,0,3,0,1,1,1,0,4,0,2,1,2,1,5,4,2
4276,0,3,3,4,0,5,1,1,1,10,0,1,0,0,7,4,0,2,1,0,7,4,2,0
4277,1,2,0,3,0,2,1,0,0,7,0,1,1,1,4,4,0,2,1,2,1,5,4,0
4278,1,5,3,9,0,2,1,0,0,3,0,1,1,1,4,6,0,2,1,2,1,5,1,2
4279,1,2,0,9,0,2,1,0,0,7,0,1,1,1,6,6,0,2,1,2,1,5,1,2
4280,1,5,3,3,0,2,1,0,0,3,0,1,1,1,4,0,0,2,1,2,1,4,0,2
4281,1,5,0,3,0,2,1,0,0,3,0,1,1,1,0,6,0,2,1,2,1,5,4,2
4282,1,2,0,9,0,2,1,0,0,7,0,1,1,1,6,6,0,2,1,2,1,4,1,2
4283,0,2,2,5,1,5,1,0,0,1,0,0,2,2,7,7,0,2,2,0,7,1,6,1
4284,1,2,0,9,0,2,1,0,0,7,0,1,1,1,4,0,0,2,1,2,1,4,4,2
4285,1,5,0,9,0,2,1,0,0,2,0,1,1,1,0,0,0,2,1,2,1,5,0,2
4286,1,5,3,3,0,2,1,0,0,7,0,1,1,1,6,0,0,2,1,2,1,5,0,0
4287,1,2,3,3,0,2,1,0,0,2,0,1,1,1,0,6,0,2,1,2,1,5,4,2
4288,1,5,0,9,0,2,1,0,0,2,0,1,1,1,0,0,0,2,1,2,1,4,0,2
4289,1,2,3,3,0,2,1,0,0,3,0,1,1,1,6,4,0,2,1,2,1,5,1,2
4290,1,2,3,3,0,2,1,0,0,3,0,1,1,1,4,0,0,2,1,2,1,4,1,2
4291,0,3,2,5,1,5,1,0,0,1,0,0,2,2,7,2,0,2,2,0,7,1,6,1
4292,1,5,0,9,0,2,1,0,0,7,0,1,1,1,6,4,0,2,1,2,1,4,0,2
4293,1,2,0,9,0,2,1,0,0,7,0,1,1,1,6,4,0,2,1,2,1,4,4,2
4294,1,2,0,3,0,2,1,0,0,3,0,1,1,1,0,4,0,2,1,2,1,5,4,2
4295,1,2,0,3,0,2,1,0,0,7,0,1,1,1,4,0,0,2,1,2,1,4,1,0
4296,1,5,0,9,0,2,1,0,0,3,0,1,1,1,4,6,0,2,1,2,1,5,4,2
4297,1,2,0,3,0,2,1,0,0,7,0,1,1,1,4,0,0,2,1,2,1,5,4,0
4298,1,5,3,3,0,2,1,0,0,2,0,1,1,1,6,6,0,2,1,2,1,5,1,2
4299,1,2,3,9,0,2,1,0,0,2,0,1,1,1,0,4,0,2,1,2,1,5,1,2
4300,1,2,0,3,0,2,1,0,0,3,0,1,1,1,4,4,0,2,1,2,1,5,0,2
4301,1,5,0,9,0,2,1,0,0,2,0,1,1,1,6,6,0,2,1,2,1,4,0,2
4302,1,2,0,3,0,2,1,0,0,2,0,1,1,1,4,4,0,2,1,2,1,4,1,2
4303,1,2,0,3,0,2,1,0,0,2,0,1,1,1,6,4,0,2,1,2,1,5,0,2
4304,1,2,0,9,0,2,1,0,0,3,0,1,1,1,6,0,0,2,1,2,1,5,1,2
4305,0,2,3,3,1,5,1,0,0,10,1,1,2,2,6,7,0,2,1,4,3,5,0,0
4306,1,2,3,3,0,2,1,0,0,3,0,1,1,1,6,0,0,2,1,2,1,5,0,2
4307,1,2,3,3,0,2,1,0,0,2,0,1,1,1,4,6,0,2,1,2,1,4,0,2
4308,1,2,3,3,0,2,1,0,0,2,0,1,1,1,0,4,0,2,1,2,1,4,1,2
4309,1,5,3,9,0,2,1,0,0,7,0,1,1,1,6,0,0,2,1,2,1,4,1,2
4310,1,5,3,3,0,2,1,0,0,7,0,1,1,1,0,4,0,2,1,2,1,5,1,0
4311,1,5,3,9,0,2,1,0,0,2,0,1,1,1,6,0,0,2,1,2,1,5,4,2
4312,1,2,0,9,0,2,1,0,0,7,0,1,1,1,0,0,0,2,1,2,1,5,0,2
4313,1,5,0,9,0,2,1,0,0,2,0,1,1,1,6,4,0,2,1,2,1,4,1,2
4314,1,5,3,9,0,2,1,0,0,7,0,1,1,1,4,0,0,2,1,2,1,5,4,2
4315,1,2,0,3,0,2,1,0,0,7,0,1,1,1,0,6,0,2,1,2,1,4,1,0
4316,1,5,0,9,0,2,1,0,0,3,0,1,1,1,6,0,0,2,1,2,1,4,0,2
4317,1,2,0,3,0,2,1,0,0,3,0,1,1,1,0,0,0,2,1,2,1,4,1,2
4318,1,2,3,3,0,2,1,0,0,2,0,1,1,1,0,6,0,2,1,2,1,5,0,2
4319,1,2,0,3,0,2,1,0,0,3,0,1,1,1,4,4,0,2,1,2,1,5,1,2
4320,1,2,3,9,0,2,1,0,0,3,0,1,1,1,6,6,0,2,1,2,1,4,1,2
4321,1,2,0,3,0,2,1,0,0,7,0,1,1,1,6,0,0,2,1,2,1,5,1,0
4322,1,5,0,9,0,2,1,0,0,2,0,1,1,1,0,6,0,2,1,2,1,5,4,2
4323,1,2,3,3,0,2,1,0,0,7,0,1,1,1,4,0,0,2,1,2,1,5,1,0
4324,1,2,3,3,0,2,1,0,0,3,0,1,1,1,0,0,0,2,1,2,1,5,1,2
4325,1,2,3,3,0,2,1,0,0,7,0,1,1,1,4,0,0,2,1,2,1,4,4,0
4326,0,5,3,6,0,5,1,0,1,7,0,0,2,0,7,7,0,2,1,1,1,4,0,0
4327,1,2,3,9,0,2,1,0,0,7,0,1,1,1,4,0,0,2,1,2,1,5,1,2
4328,1,5,0,9,0,2,1,0,0,2,0,1,1,1,0,6,0,2,1,2,1,5,0,2
4329,1,5,3,4,0,7,1,0,1,0,1,0,1,2,7,7,0,2,1,0,7,4,4,1
4330,1,2,3,9,0,2,1,0,0,3,0,1,1,1,0,4,0,2,1,2,1,4,0,2
4331,1,3,3,4,0,5,1,0,1,10,0,0,1,3,7,4,0,2,1,0,7,4,0,0
4332,1,2,0,9,0,2,1,0,0,7,0,1,1,1,0,6,0,2,1,2,1,5,0,2
4333,1,5,3,3,0,2,1,0,0,3,0,1,1,1,0,4,0,2,1,2,1,4,0,2
4334,1,5,3,3,0,2,1,0,0,3,0,1,1,1,0,6,0,2,1,2,1,5,1,2
4335,1,2,3,3,0,2,1,0,0,2,0,1,1,1,4,6,0,2,1,2,1,5,1,2
4336,1,5,0,9,0,2,1,0,0,7,0,1,1,1,6,6,0,2,1,2,1,4,0,2
4337,1,5,0,3,0,2,1,0,0,2,0,1,1,1,4,6,0,2,1,2,1,4,0,2
4338,1,5,3,3,0,2,1,0,0,2,0,1,1,1,4,0,0,2,1,2,1,4,0,2
4339,1,5,3,3,0,2,1,0,0,7,0,1,1,1,4,4,0,2,1,2,1,5,1,0
4340,1,5,3,3,0,2,1,0,0,2,0,1,1,1,6,4,0,2,1,2,1,5,1,2
4341,0,2,3,2,1,5,1,0,0,10,1,1,2,2,3,6,0,2,1,4,2,5,0,0
4342,1,2,0,9,0,2,1,0,0,3,0,1,1,1,4,4,0,2,1,2,1,5,4,2
4343,1,5,3,9,0,2,1,0,0,3,0,1,1,1,6,6,0,2,1,2,1,4,1,2
4344,1,2,0,9,0,2,1,0,0,2,0,1,1,1,4,4,0,2,1,2,1,4,1,2
4345,1,5,0,9,0,2,1,0,0,7,0,1,1,1,0,0,0,2,1,2,1,4,4,2
4346,1,2,0,3,0,2,1,0,0,3,0,1,1,1,4,0,0,2,1,2,1,5,1,2
4347,1,2,0,3,0,2,1,0,0,3,0,1,1,1,6,6,0,2,1,2,1,4,1,2
4348,1,5,3,9,0,2,1,0,0,2,0,1,1,1,6,6,0,2,1,2,1,5,1,2
4349,1,2,2,0,1,2,1,0,0,10,1,1,2,2,7,7,0,2,1,4,1,3,5,0
4350,1,5,3,3,0,2,1,0,0,7,0,1,1,1,6,0,0,2,1,2,1,4,1,0
4351,1,5,3,9,0,2,1,0,0,2,0,1,1,1,4,4,0,2,1,2,1,4,4,2
4352,1,2,0,3,0,2,1,0,0,2,0,1,1,1,4,4,0,2,1,2,1,4,4,2
4353,1,2,3,3,0,2,1,0,0,2,0,1,1,1,0,4,0,2,1,2,1,5,0,2
4354,1,2,0,9,0,2,1,0,0,7,0,1,1,1,6,0,0,2,1,2,1,4,0,2
4355,1,2,3,3,0,2,1,0,0,3,0,1,1,1,4,4,0,2,1,2,1,5,1,2
4356,1,5,3,3,0,2,1,0,0,7,0,1,1,1,0,4,0,2,1,2,1,4,1,0
4357,0,5,2,2,1,5,1,0,0,1,0,0,2,2,7,2,0,2,2,0,7,1,6,1
4358,1,2,0,3,0,2,1,0,0,2,0,1,1,1,6,6,0,2,1,2,1,4,0,2
4359,1,2,0,9,0,2,1,0,0,7,0,1,1,1,4,6,0,2,1,2,1,5,0,2
4360,1,2,3,3,0,2,1,0,0,2,0,1,1,1,4,4,0,2,1,2,1,5,0,2
4361,1,5,3,9,0,2,1,0,0,2,0,1,1,1,6,6,0,2,1,2,1,5,4,2
4362,1,2,3,3,0,2,1,0,0,2,0,1,1,1,4,4,0,2,1,2,1,4,0,2
4363,1,5,0,9,0,2,1,0,0,3,0,1,1,1,0,0,0,2,1,2,1,5,1,2
4364,1,0,3,8,1,5,1,1,1,10,0,1,2,2,7,7,0,2,1,4,7,1,2,0
4365,1,2,2,0,1,2,1,0,0,3,1,1,2,2,7,7,0,2,1,4,1,4,5,2
4366,1,5,3,9,0,2,1,0,0,7,0,1,1,1,0,6,0,2,1,2,1,5,4,2
4367,1,2,3,3,0,2,1,0,0,2,0,1,1,1,0,0,0,2,1,2,1,5,0,2
4368,1,2,3,3,0,2,1,0,0,2,0,1,1,1,6,6,0,2,1,2,1,4,4,2
4369,1,2,3,9,0,2,1,0,0,7,0,1,1,1,0,6,0,2,1,2,1,4,4,2
4370,1,2,0,3,0,2,1,0,0,2,0,1,1,1,4,4,0,2,1,2,1,5,0,2
4371,1,5,3,9,0,2,1,0,0,3,0,1,1,1,6,6,0,2,1,2,1,4,0,2
4372,1,5,0,9,0,2,1,0,0,7,0,1,1,1,0,6,0,2,1,2,1,4,1,2
4373,1,2,0,3,0,2,1,0,0,7,0,1,1,1,0,6,0,2,1,2,1,5,1,0
4374,1,5,2,8,1,2,1,0,0,10,1,1,0,0,7,7,0,2,1,4,1,3,5,0
4375,0,2,3,3,1,5,1,0,0,5,1,1,2,2,3,6,0,2,1,4,3,4,0,0
4376,1,5,3,4,0,8,1,0,1,0,1,0,2,1,7,6,0,2,1,0,7,4,0,1
4377,1,2,3,3,0,2,1,0,0,7,0,1,1,1,6,6,0,2,1,2,1,5,0,0
4378,1,2,0,3,0,2,1,0,0,2,0,1,1,1,6,4,0,2,1,2,1,5,1,2
4379,0,2,3,2,1,5,1,0,0,5,1,1,2,2,6,3,0,2,1,4,2,4,0,0
4380,0,5,3,0,1,5,1,0,0,1,0,0,2,2,7,2,0,2,2,0,7,1,6,1
4381,1,5,3,9,0,2,1,0,0,3,0,1,1,1,4,4,0,2,1,2,1,5,1,2
4382,1,5,3,9,0,2,1,0,0,2,0,1,1,1,0,4,0,2,1,2,1,5,0,2
4383,1,5,3,9,0,2,1,0,0,3,0,1,1,1,4,0,0,2,1,2,1,4,4,2
4384,1,5,3,9,0,2,1,0,0,7,0,1,1,1,4,4,0,2,1,2,1,5,1,2
4385,1,2,0,9,0,2,1,0,0,2,0,1,1,1,0,4,0,2,1,2,1,5,1,2
4386,1,2,3,3,0,2,1,0,0,7,0,1,1,1,0,0,0,2,1,2,1,5,1,0
4387,1,5,0,3,0,2,1,0,0,7,0,1,1,1,4,4,0,2,1,2,1,5,1,0
4388,1,2,3,9,0,2,1,0,0,7,0,1,1,1,0,0,0,2,1,2,1,4,1,2
4389,1,5,3,3,0,2,1,0,0,3,0,1,1,1,6,6,0,2,1,2,1,4,1,2
4390,1,5,3,9,0,2,1,0,0,2,0,1,1,1,6,4,0,2,1,2,1,5,1,2
4391,1,2,3,3,0,2,1,0,0,3,0,1,1,1,0,4,0,2,1,2,1,5,4,2
4392,1,2,3,9,0,2,1,0,0,3,0,1,1,1,4,0,0,2,1,2,1,5,1,2
4393,1,5,3,3,0,2,1,0,0,2,0,1,1,1,6,0,0,2,1,2,1,5,0,2
4394,1,2,3,3,0,2,1,0,0,3,0,1,1,1,6,6,0,2,1,2,1,4,0,2
4395,1,2,3,3,0,2,1,0,0,7,0,1,1,1,0,4,0,2,1,2,1,5,4,0
4396,0,5,3,7,0,5,1,0,1,3,0,0,2,0,7,7,0,2,1,1,1,5,0,2
4397,1,5,0,3,0,2,1,0,0,2,0,1,1,1,4,4,0,2,1,2,1,4,1,2
4398,1,2,0,9,0,2,1,0,0,2,0,1,1,1,4,6,0,2,1,2,1,4,1,2
4399,1,2,0,9,0,2,1,0,0,3,0,1,1,1,6,4,0,2,1,2,1,5,1,2
4400,1,5,0,9,0,2,1,0,0,3,0,1,1,1,6,4,0,2,1,2,1,4,1,2
4401,1,2,0,9,0,2,1,0,0,3,0,1,1,1,0,0,0,2,1,2,1,4,1,2
4402,1,2,0,3,0,2,1,0,0,3,0,1,1,1,6,0,0,2,1,2,1,4,1,2
4403,1,2,3,3,0,2,1,0,0,7,0,1,1,1,0,0,0,2,1,2,1,5,0,0
4404,1,2,0,3,0,2,1,0,0,3,0,1,1,1,0,4,0,2,1,2,1,4,1,2
4405,1,2,0,9,0,2,1,0,0,3,0,1,1,1,0,4,0,2,1,2,1,5,0,2
4406,1,2,3,9,0,2,1,0,0,3,0,1,1,1,0,4,0,2,1,2,1,4,4,2
4407,1,2,0,3,0,2,1,0,0,2,0,1,1,1,6,4,0,2,1,2,1,4,4,2
4408,1,2,3,3,0,2,1,0,0,2,0,1,1,1,4,0,0,2,1,2,1,5,1,2
4409,1,2,0,9,0,2,1,0,0,2,0,1,1,1,4,0,0,2,1,2,1,5,0,2
4410,0,2,0,2,1,5,1,0,0,9,1,1,2,2,3,7,0,2,1,4,3,5,0,0
4411,1,2,2,0,1,2,1,0,0,3,1,1,2,0,7,7,0,2,1,4,1,4,5,2
4412,1,2,3,3,0,2,1,0,0,2,0,1,1,1,6,4,0,2,1,2,1,4,0,2
4413,1,2,0,3,0,2,1,0,0,3,0,1,1,1,6,6,0,2,1,2,1,4,4,2
4414,1,5,3,9,0,2,1,0,0,7,0,1,1,1,6,0,0,2,1,2,1,5,1,2
4415,1,2,0,9,0,2,1,0,0,7,0,1,1,1,6,0,0,2,1,2,1,5,4,2
4416,1,2,3,9,0,2,1,0,0,3,0,1,1,1,4,4,0,2,1,2,1,4,0,2
4417,0,2,3,4,1,5,1,0,0,9,1,1,2,2,7,3,0,2,1,4,2,4,0,0
4418,1,2,3,9,0,2,1,0,0,3,0,1,1,1,0,4,0,2,1,2,1,5,1,2
4419,0,5,2,0,1,5,1,0,0,1,0,0,2,2,7,7,0,2,2,0,7,1,6,1
4420,1,5,3,9,0,2,1,0,0,7,0,1,1,1,4,6,0,2,1,2,1,5,1,2
4421,1,5,0,9,0,2,1,0,0,7,0,1,1,1,6,0,0,2,1,2,1,5,0,2
4422,1,5,3,9,0,2,1,0,0,3,0,1,1,1,6,4,0,2,1,2,1,5,1,2
4423,1,2,3,3,0,2,1,0,0,2,0,1,1,1,0,0,0,2,1,2,1,4,4,2
4424,0,2,0,2,1,5,1,0,0,5,1,1,2,2,3,3,0,2,1,4,2,5,0,0
4425,1,2,0,9,0,2,1,0,0,7,0,1,1,1,6,4,0,2,1,2,1,4,0,2
4426,1,2,0,9,0,2,1,0,0,7,0,1,1,1,0,4,0,2,1,2,1,4,1,2
4427,1,5,3,9,0,2,1,0,0,3,0,1,1,1,4,4,0,2,1,2,1,4,0,2
4428,1,5,0,9,0,2,1,0,0,7,0,1,1,1,4,0,0,2,1,2,1,4,1,2
4429,1,5,3,4,0,8,1,0,1,0,1,0,1,2,7,6,0,2,1,0,7,4,0,1
4430,1,2,0,9,0,2,1,0,0,7,0,1,1,1,6,0,0,2,1,2,1,4,4,2
4431,1,5,3,9,0,2,1,0,0,3,0,1,1,1,4,0,0,2,1,2,1,4,1,2
4432,1,2,0,9,0,2,1,0,0,2,0,1,1,1,4,4,0,2,1,2,1,4,4,2
4433,1,2,0,9,0,2,1,0,0,2,0,1,1,1,4,0,0,2,1,2,1,4,0,2
4434,1,2,3,3,0,2,1,0,0,7,0,1,1,1,0,6,0,2,1,2,1,4,4,0
4435,1,2,3,3,0,2,1,0,0,3,0,1,1,1,0,0,0,2,1,2,1,4,1,2
4436,1,2,3,3,0,2,1,0,0,3,0,1,1,1,0,4,0,2,1,2,1,4,0,2
4437,1,2,0,3,0,2,1,0,0,2,0,1,1,1,0,4,0,2,1,2,1,4,1,2
4438,1,5,2,3,0,1,1,0,1,7,0,1,2,2,7,7,0,2,1,4,2,4,0,0
4439,1,5,3,9,0,2,1,0,0,2,0,1,1,1,0,6,0,2,1,2,1,5,1,2
4440,1,2,2,3,1,2,1,0,0,3,1,1,0,0,7,7,0,2,1,4,1,3,5,2
4441,1,5,3,3,0,2,1,0,0,7,0,1,1,1,4,4,0,2,1,2,1,4,1,0
4442,1,5,3,9,0,2,1,0,0,7,0,1,1,1,6,0,0,2,1,2,1,5,4,2
4443,1,5,3,9,0,2,1,0,0,3,0,1,1,1,4,0,0,2,1,2,1,5,0,2
4444,0,2,3,3,1,5,1,0,0,9,1,1,2,2,6,3,0,2,1,4,2,5,0,0
4445,1,2,0,3,0,2,1,0,0,2,0,1,1,1,0,4,0,2,1,2,1,5,0,2
4446,1,2,3,9,0,2,1,0,0,3,0,1,1,1,4,6,0,2,1,2,1,4,1,2
4447,1,2,3,3,0,2,1,0,0,3,0,1,1,1,4,0,0,2,1,2,1,5,4,2
4448,1,5,3,9,0,2,1,0,0,3,0,1,1,1,0,0,0,2,1,2,1,5,1,2
4449,1,5,3,3,0,2,1,0,0,7,0,1,1,1,0,6,0,2,1,2,1,5,0,0
4450,1,5,0,9,0,2,1,0,0,7,0,1,1,1,0,6,0,2,1,2,1,5,4,2
4451,0,2,3,4,1,5,1,0,0,5,1,1,2,2,3,3,0,2,1,4,3,4,0,0
4452,1,5,3,3,0,2,1,0,0,2,0,1,1,1,4,4,0,2,1,2,1,5,1,2
4453,1,2,0,9,0,2,1,0,0,2,0,1,1,1,0,6,0,2,1,2,1,4,1,2
4454,1,5,3,3,0,2,1,0,0,7,0,1,1,1,6,4,0,2,1,2,1,4,4,0
4455,1,5,3,9,0,2,1,0,0,7,0,1,1,1,6,6,0,2,1,2,1,5,1,2
4456,1,2,0,3,0,2,1,0,0,2,0,1,1,1,4,0,0,2,1,2,1,5,4,2
4457,1,2,0,3,0,2,1,0,0,3,0,1,1,1,6,0,0,2,1,2,1,5,1,2
4458,1,5,3,9,0,2,1,0,0,3,0,1,1,1,0,4,0,2,1,2,1,5,1,2
4459,0,3,3,0,1,5,1,0,0,1,0,0,2,2,2,2,0,2,2,0,7,1,6,1
4460,1,5,3,9,0,2,1,0,0,7,0,1,1,1,0,0,0,2,1,2,1,5,4,2
4461,1,5,3,4,0,7,1,0,1,0,1,0,2,1,6,7,0,2,1,0,7,4,0,1
4462,1,2,3,3,0,2,1,0,0,7,0,1,1,1,4,4,0,2,1,2,1,5,4,0
4463,1,5,3,3,0,2,1,0,0,2,0,1,1,1,4,4,0,2,1,2,1,5,4,2
4464,1,2,3,9,0,2,1,0,0,3,0,1,1,1,0,0,0,2,1,2,1,4,1,2
4465,1,2,3,3,0,2,1,0,0,2,0,1,1,1,6,6,0,2,1,2,1,4,0,2
4466,1,2,0,3,0,2,1,0,0,3,0,1,1,1,0,6,0,2,1,2,1,5,1,2
4467,1,2,3,9,0,2,1,0,0,3,0,1,1,1,4,4,0,2,1,2,1,5,1,2
4468,1,5,0,9,0,2,1,0,0,2,0,1,1,1,4,0,0,2,1,2,1,5,0,2
4469,1,5,2,8,1,2,1,0,0,7,1,1,0,0,7,7,0,2,1,4,1,4,5,2
4470,1,5,3,9,0,2,1,0,0,2,0,1,1,1,6,0,0,2,1,2,1,4,1,2
4471,1,2,0,9,0,2,1,0,0,2,0,1,1,1,6,6,0,2,1,2,1,5,4,2
4472,1,5,0,9,0,2,1,0,0,7,0,1,1,1,6,4,0,2,1,2,1,5,1,2
4473,1,5,3,9,0,2,1,0,0,2,0,1,1,1,4,0,0,2,1,2,1,4,4,2
4474,1,2,3,9,0,2,1,0,0,3,0,1,1,1,0,4,0,2,1,2,1,4,1,2
4475,1,5,3,9,0,2,1,0,0,3,0,1,1,1,4,0,0,2,1,2,1,5,1,2
4476,1,5,3,9,0,2,1,0,0,7,0,1,1,1,0,4,0,2,1,2,1,4,4,2
4477,1,2,3,3,0,2,1,0,0,7,0,1,1,1,6,4,0,2,1,2,1,5,4,0
4478,1,2,0,9,0,2,1,0,0,3,0,1,1,1,0,0,0,2,1,2,1,5,4,2
4479,1,2,0,3,0,2,1,0,0,3,0,1,1,1,0,0,0,2,1,2,1,4,4,2
4480,0,2,3,4,1,5,1,0,0,7,1,1,2,2,7,6,0,2,1,4,2,5,0,0
4481,1,5,3,9,0,2,1,0,0,3,0,1,1,1,0,6,0,2,1,2,1,4,0,2
4482,1,5,3,3,0,2,1,0,0,2,0,1,1,1,4,4,0,2,1,2,1,4,4,2
4483,1,2,3,3,0,2,1,0,0,3,0,1,1,1,0,6,0,2,1,2,1,4,1,2
4484,1,2,3,3,0,2,1,0,0,2,0,1,1,1,6,0,0,2,1,2,1,4,1,2
4485,1,5,3,9,0,2,1,0,0,2,0,1,1,1,0,6,0,2,1,2,1,5,0,2
4486,1,2,0,3,0,2,1,0,0,2,0,1,1,1,4,0,0,2,1,2,1,4,4,2
4487,1,5,3,3,0,2,1,0,0,7,0,1,1,1,6,6,0,2,1,2,1,4,0,0
4488,1,5,3,9,0,2,1,0,0,7,0,1,1,1,0,4,0,2,1,2,1,4,0,2
4489,1,5,0,9,0,2,1,0,0,3,0,1,1,1,4,4,0,2,1,2,1,5,0,2
4490,1,2,0,9,0,2,1,0,0,2,0,1,1,1,6,4,0,2,1,2,1,5,0,2
4491,0,2,0,1,0,5,1,1,1,10,0,1,2,0,7,4,0,2,1,0,7,4,2,0
4492,1,2,3,3,0,2,1,0,0,3,0,1,1,1,6,0,0,2,1,2,1,4,1,2
4493,1,5,3,3,0,2,1,0,0,7,0,1,1,1,6,4,0,2,1,2,1,5,4,0
4494,1,2,0,9,0,5,1,0,1,10,0,0,1,3,7,8,0,2,1,0,7,4,0,0
4495,1,2,0,9,0,2,1,0,0,3,0,1,1,1,6,0,0,2,1,2,1,5,4,2
4496,1,5,2,3,1,2,1,0,0,7,1,1,0,2,7,7,0,2,1,4,1,4,1,0
4497,0,2,2,4,1,5,1,0,0,1,0,0,2,2,7,7,0,2,2,0,7,1,6,1
4498,1,5,3,4,0,8,1,0,1,0,1,0,2,1,6,6,0,2,1,0,7,4,4,1
4499,1,5,2,3,0,1,1,1,1,9,0,1,2,2,7,7,0,2,1,4,2,4,0,0
4500,1,5,0,9,0,2,1,0,0,2,0,1,1,1,4,4,0,2,1,2,1,5,0,2
4501,1,2,3,3,0,2,1,0,0,3,0,1,1,1,0,4,0,2,1,2,1,4,1,2
4502,1,2,3,3,0,2,1,0,0,2,0,1,1,1,6,0,0,2,1,2,1,5,0,2
4503,1,5,3,9,0,2,1,0,0,7,0,1,1,1,4,0,0,2,1,2,1,4,1,2
4504,1,5,3,9,0,2,1,0,0,7,0,1,1,1,0,0,0,2,1,2,1,4,1,2
4505,1,5,3,3,0,2,1,0,0,7,0,1,1,1,0,0,0,2,1,2,1,5,0,0
4506,1,2,3,3,0,2,1,0,0,2,0,1,1,1,6,6,0,2,1,2,1,5,0,2
4507,1,2,3,3,0,2,1,0,0,3,0,1,1,1,0,4,0,2,1,2,1,5,1,2
4508,1,2,0,9,0,2,1,0,0,2,0,1,1,1,6,4,0,2,1,2,1,5,1,2
4509,1,5,0,9,0,2,1,0,0,7,0,1,1,1,0,0,0,2,1,2,1,4,0,2
4510,1,2,0,9,0,2,1,0,0,7,0,1,1,1,0,4,0,2,1,2,1,4,4,2
4511,1,2,0,3,0,2,1,0,0,7,0,1,1,1,6,0,0,2,1,2,1,5,4,0
4512,1,2,0,9,0,2,1,0,0,3,0,1,1,1,0,6,0,2,1,2,1,5,4,2
4513,1,2,3,9,0,2,1,0,0,3,0,1,1,1,4,4,0,2,1,2,1,5,0,2
4514,1,2,0,9,0,2,1,0,0,3,0,1,1,1,4,4,0,2,1,2,1,4,4,2
4515,1,2,0,9,0,2,1,0,0,3,0,1,1,1,0,6,0,2,1,2,1,4,0,2
4516,1,5,3,3,0,2,1,0,0,3,0,1,1,1,0,6,0,2,1,2,1,4,1,2
4517,1,5,3,3,0,2,1,0,0,7,0,1,1,1,0,0,0,2,1,2,1,4,1,0
4518,1,5,3,3,0,2,1,0,0,2,0,1,1,1,0,4,0,2,1,2,1,4,0,2
4519,0,5,2,0,1,5,1,0,0,10,0,0,2,2,2,7,0,2,2,0,7,1,6,0
4520,1,2,0,3,0,2,1,0,0,2,0,1,1,1,6,4,0,2,1,2,1,4,0,2
4521,1,5,0,9,0,2,1,0,0,2,0,1,1,1,6,0,0,2,1,2,1,4,0,2
4522,1,5,3,4,0,7,1,0,1,0,1,0,2,2,6,6,0,2,1,0,7,4,2,1
4523,1,5,3,3,0,2,1,0,0,2,0,1,1,1,0,0,0,2,1,2,1,5,0,2
4524,1,2,3,3,0,2,1,0,0,3,0,1,1,1,4,0,0,2,1,2,1,4,4,2
4525,1,2,3,3,0,2,1,0,0,7,0,1,1,1,6,4,0,2,1,2,1,5,0,0
4526,1,2,0,9,0,2,1,0,0,2,0,1,1,1,0,6,0,2,1,2,1,5,1,2
4527,1,5,3,9,0,2,1,0,0,2,0,1,1,1,4,4,0,2,1,2,1,4,0,2
4528,1,5,0,9,0,2,1,0,0,3,0,1,1,1,6,0,0,2,1,2,1,4,1,2
4529,1,2,0,3,0,2,1,0,0,3,0,1,1,1,4,4,0,2,1,2,1,5,4,2
4530,1,5,3,3,0,2,1,0,0,2,0,1,1,1,4,6,0,2,1,2,1,4,4,2
4531,1,2,0,9,0,2,1,0,0,3,0,1,1,1,0,0,0,2,1,2,1,5,1,2
4532,1,5,0,9,0,2,1,0,0,7,0,1,1,1,4,6,0,2,1,2,1,5,1,2
4533,0,5,3,7,0,5,1,0,1,3,0,0,2,0,7,7,0,2,1,1,1,4,0,2
4534,0,2,3,0,1,5,1,0,0,1,0,0,2,2,2,2,0,2,2,0,7,1,6,1
4535,1,2,3,9,0,2,1,0,0,3,0,1,1,1,0,6,0,2,1,2,1,5,0,2
4536,1,5,3,9,0,2,1,0,0,2,0,1,1,1,4,6,0,2,1,2,1,5,4,2
4537,1,5,3,3,0,2,1,0,0,2,0,1,1,1,6,0,0,2,1,2,1,4,1,2
4538,1,2,0,3,0,2,1,0,0,7,0,1,1,1,6,4,0,2,1,2,1,5,0,0
4539,1,2,3,3,0,2,1,0,0,3,0,1,1,1,4,4,0,2,1,2,1,4,1,2
4540,1,2,0,3,0,2,1,0,0,3,0,1,1,1,0,0,0,2,1,2,1,5,1,2
4541,1,2,3,3,0,2,1,0,0,7,0,1,1,1,4,4,0,2,1,2,1,4,1,0
4542,1,5,0,9,0,2,1,0,0,2,0,1,1,1,6,4,0,2,1,2,1,5,1,2
4543,1,2,0,9,0,2,1,0,0,3,0,1,1,1,6,6,0,2,1,2,1,4,0,2
4544,1,2,0,3,0,2,1,0,0,7,0,1,1,1,6,6,0,2,1,2,1,4,0,0
4545,1,2,3,9,0,2,1,0,0,3,0,1,1,1,4,0,0,2,1,2,1,4,1,2
4546,1,2,3,9,0,2,1,0,0,3,0,1,1,1,4,6,0,2,1,2,1,5,1,2
4547,1,2,0,3,0,2,1,0,0,3,0,1,1,1,4,6,0,2,1,2,1,4,1,2
4548,1,2,2,0,1,2,1,0,0,10,1,1,2,0,7,7,0,2,1,4,1,4,1,0
4549,1,2,2,8,1,5,1,0,0,2,0,1,2,2,7,7,0,2,2,4,5,4,3,2
4550,1,5,3,9,0,2,1,0,0,7,0,1,1,1,6,4,0,2,1,2,1,5,4,2
4551,1,2,0,9,0,2,1,0,0,7,0,1,1,1,0,0,0,2,1,2,1,4,4,2
4552,1,2,3,3,0,2,1,0,0,2,0,1,1,1,6,6,0,2,1,2,1,4,1,2
4553,1,5,3,9,0,2,1,0,0,3,0,1,1,1,4,6,0,2,1,2,1,4,0,2
4554,1,5,0,9,0,2,1,0,0,2,0,1,1,1,6,4,0,2,1,2,1,4,4,2
4555,1,5,0,9,0,2,1,0,0,2,0,1,1,1,6,0,0,2,1,2,1,5,0,2
4556,0,2,0,3,1,5,1,0,0,9,1,1,2,2,3,3,0,2,1,4,3,4,0,0
4557,0,5,3,7,0,5,1,0,1,9,0,0,2,0,7,7,0,2,1,1,1,4,0,0
4558,1,5,3,3,0,2,1,0,0,3,0,1,1,1,6,6,0,2,1,2,1,5,0,2
4559,1,2,0,9,0,2,1,0,0,7,0,1,1,1,4,0,0,2,1,2,1,4,1,2
4560,1,5,3,9,0,2,1,0,0,7,0,1,1,1,4,0,0,2,1,2,1,4,0,2
4561,1,2,3,3,0,2,1,0,0,7,0,1,1,1,4,6,0,2,1,2,1,4,0,0
4562,1,5,3,9,0,2,1,0,0,3,0,1,1,1,4,6,0,2,1,2,1,5,4,2
4563,1,5,0,9,0,2,1,0,0,7,0,1,1,1,0,6,0,2,1,2,1,4,0,2
4564,1,5,3,9,0,2,1,0,0,2,0,1,1,1,0,4,0,2,1,2,1,5,4,2
4565,1,2,0,9,0,2,1,0,0,3,0,1,1,1,4,4,0,2,1,2,1,4,1,2
4566,1,5,3,3,0,2,1,0,0,2,0,1,1,1,6,4,0,2,1,2,1,5,4,2
4567,1,2,3,3,0,2,1,0,0,7,0,1,1,1,4,4,0,2,1,2,1,5,1,0
4568,1,2,3,3,0,2,1,0,0,2,0,1,1,1,6,4,0,2,1,2,1,4,4,2
4569,1,5,0,9,0,2,1,0,0,2,0,1,1,1,6,6,0,2,1,2,1,5,4,2
4570,0,2,0,2,1,5,1,0,0,10,1,1,2,2,7,3,0,2,1,4,3,4,0,0
4571,1,5,3,9,0,2,1,0,0,3,0,1,1,1,6,6,0,2,1,2,1,5,0,2
4572,1,2,0,3,0,2,1,0,0,2,0,1,1,1,4,0,0,2,1,2,1,4,0,2
4573,1,5,3,3,0,2,1,0,0,2,0,1,1,1,0,4,0,2,1,2,1,5,4,2
4574,1,2,3,3,0,2,1,0,0,2,0,1,1,1,0,6,0,2,1,2,1,4,4,2
4575,1,2,0,3,0,2,1,0,0,7,0,1,1,1,0,4,0,2,1,2,1,5,4,0
4576,1,2,0,3,0,2,1,0,0,7,0,1,1,1,4,0,0,2,1,2,1,5,0,0
4577,1,2,0,3,0,2,1,0,0,7,0,1,1,1,4,6,0,2,1,2,1,4,1,0
4578,1,2,3,3,0,2,1,0,0,3,0,1,1,1,6,4,0,2,1,2,1,5,0,2
4579,1,2,0,9,0,2,1,0,0,3,0,1,1,1,6,0,0,2,1,2,1,4,0,2
4580,1,5,0,9,0,2,1,0,0,3,0,1,1,1,6,6,0,2,1,2,1,5,0,2
4581,1,5,3,3,0,2,1,0,0,7,0,1,1,1,4,4,0,2,1,2,1,4,4,0
4582,1,5,3,3,0,2,1,0,0,7,0,1,1,1,0,4,0,2,1,2,1,5,4,0
4583,1,5,0,8,0,1,1,0,1,2,0,1,2,2,7,7,0,2,1,4,3,4,0,2
4584,1,2,0,3,0,2,1,0,0,7,0,1,1,1,0,6,0,2,1,2,1,5,0,0
4585,1,5,0,9,0,2,1,0,0,3,0,1,1,1,6,6,0,2,1,2,1,4,4,2
4586,1,2,3,3,0,2,1,0,0,7,0,1,1,1,6,6,0,2,1,2,1,4,0,0
4587,1,5,0,9,0,2,1,0,0,7,0,1,1,1,6,4,0,2,1,2,1,4,1,2
4588,1,2,3,3,0,2,1,0,0,3,0,1,1,1,6,4,0,2,1,2,1,4,0,2
4589,1,2,3,3,0,2,1,0,0,2,0,1,1,1,4,0,0,2,1,2,1,4,0,2
4590,1,2,0,9,0,2,1,0,0,2,0,1,1,1,0,4,0,2,1,2,1,5,4,2
4591,1,5,3,3,0,2,1,0,0,2,0,1,1,1,0,6,0,2,1,2,1,4,1,2
4592,1,2,3,9,0,2,1,0,0,7,0,1,1,1,4,0,0,2,1,2,1,4,1,2
4593,1,2,0,9,0,2,1,0,0,3,0,1,1,1,4,6,0,2,1,2,1,5,4,2
4594,1,5,0,9,0,2,1,0,0,3,0,1,1,1,0,6,0,2,1,2,1,4,0,2
4595,1,2,0,9,0,2,1,0,0,2,0,1,1,1,4,0,0,2,1,2,1,4,1,2
4596,1,5,3,9,0,2,1,0,0,7,0,1,1,1,0,4,0,2,1,2,1,5,4,2
4597,1,2,0,9,0,2,1,0,0,2,0,1,1,1,0,0,0,2,1,2,1,5,0,2
4598,1,5,0,9,0,2,1,0,0,7,0,1,1,1,0,0,0,2,1,2,1,4,1,2
4599,1,2,3,3,0,2,1,0,0,3,0,1,1,1,4,4,0,2,1,2,1,5,0,2
4600,1,2,0,3,0,2,1,0,0,7,0,1,1,1,6,0,0,2,1,2,1,5,0,0
4601,1,2,0,9,0,2,1,0,0,2,0,1,1,1,6,4,0,2,1,2,1,4,1,2
4602,1,2,0,3,0,2,1,0,0,7,0,1,1,1,0,0,0,2,1,2,1,4,0,0
4603,1,2,0,3,0,2,1,0,0,3,0,1,1,1,6,4,0,2,1,2,1,5,1,2
4604,1,2,0,9,0,2,1,0,0,2,0,1,1,1,6,4,0,2,1,2,1,4,0,2
4605,1,5,3,9,0,2,1,0,0,2,0,1,1,1,6,6,0,2,1,2,1,5,0,2
4606,1,5,3,9,0,2,1,0,0,7,0,1,1,1,0,6,0,2,1,2,1,4,0,2
4607,1,2,0,9,0,2,1,0,0,3,0,1,1,1,4,4,0,2,1,2,1,5,0,2
4608,1,5,3,9,0,2,1,0,0,3,0,1,1,1,0,0,0,2,1,2,1,4,0,2
4609,1,5,3,9,0,2,1,0,0,2,0,1,1,1,0,6,0,2,1,2,1,4,1,2
4610,1,5,3,4,0,8,1,0,1,0,1,0,2,2,6,7,0,2,1,0,7,4,0,1
4611,0,2,3,0,1,5,1,0,0,10,0,0,2,2,7,7,0,2,2,0,7,1,6,0
4612,1,5,0,9,0,2,1,0,0,3,0,1,1,1,0,6,0,2,1,2,1,4,1,2
4613,1,5,3,9,0,2,1,0,0,3,0,1,1,1,0,0,0,2,1,2,1,5,0,2
4614,1,2,3,3,0,2,1,0,0,7,0,1,1,1,4,0,0,2,1,2,1,5,0,0
4615,1,5,3,9,0,2,1,0,0,7,0,1,1,1,4,6,0,2,1,2,1,5,0,2
4616,1,2,3,3,0,2,1,0,0,7,0,1,1,1,6,0,0,2,1,2,1,4,4,0
4617,1,2,3,3,0,2,1,0,0,7,0,1,1,1,6,0,0,2,1,2,1,5,0,0
4618,1,2,0,3,0,2,1,0,0,7,0,1,1,1,6,0,0,2,1,2,1,4,4,0
4619,1,5,0,9,0,2,1,0,0,7,0,1,1,1,6,4,0,2,1,2,1,4,4,2
4620,1,2,0,9,0,2,1,0,0,7,0,1,1,1,0,4,0,2,1,2,1,5,1,2
4621,1,2,0,9,0,2,1,0,0,2,0,1,1,1,6,6,0,2,1,2,1,5,0,2
4622,1,2,3,3,0,2,1,0,0,3,0,1,1,1,6,0,0,2,1,2,1,4,4,2
4623,1,2,3,3,0,2,1,0,0,3,0,1,1,1,4,0,0,2,1,2,1,5,1,2
4624,1,2,0,3,0,2,1,0,0,2,0,1,1,1,4,0,0,2,1,2,1,5,1,2
4625,1,2,3,3,0,2,1,0,0,2,0,1,1,1,0,4,0,2,1,2,1,4,0,2
4626,1,2,0,3,0,2,1,0,0,3,0,1,1,1,6,0,0,2,1,2,1,4,0,2
4627,1,2,3,3,0,2,1,0,0,2,0,1,1,1,6,0,0,2,1,2,1,4,4,2
4628,1,5,0,3,0,1,1,0,1,9,0,1,2,2,7,7,0,2,1,4,2,3,0,0
4629,1,2,2,0,1,2,1,0,0,10,1,1,0,0,7,7,0,2,1,4,1,4,1,0
4630,0,2,0,2,1,5,1,0,0,10,1,1,2,2,3,7,0,2,1,4,2,4,0,0
4631,1,5,3,9,0,2,1,0,0,2,0,1,1,1,6,4,0,2,1,2,1,4,4,2
4632,1,5,3,3,0,2,1,0,0,7,0,1,1,1,6,4,0,2,1,2,1,5,0,0
4633,1,2,3,3,0,2,1,0,0,2,0,1,1,1,4,0,0,2,1,2,1,4,1,2
4634,0,2,0,3,1,5,1,0,0,9,1,1,2,2,6,7,0,2,1,4,2,4,0,0
4635,1,5,3,9,0,2,1,0,0,7,0,1,1,1,0,6,0,2,1,2,1,5,0,2
4636,1,5,3,9,0,2,1,0,0,7,0,1,1,1,6,0,0,2,1,2,1,4,4,2
4637,1,2,0,9,0,2,1,0,0,7,0,1,1,1,4,6,0,2,1,2,1,5,4,2
4638,1,5,0,9,0,2,1,0,0,3,0,1,1,1,0,6,0,2,1,2,1,4,4,2
4639,1,5,0,9,0,2,1,0,0,3,0,1,1,1,0,0,0,2,1,2,1,5,0,2
4640,1,5,3,3,0,2,1,0,0,3,0,1,1,1,4,6,0,2,1,2,1,4,1,2
4641,1,2,2,8,1,2,1,0,0,10,1,1,2,0,7,7,0,2,1,4,1,3,5,0
4642,1,5,3,3,0,2,1,0,0,7,0,1,1,1,6,4,0,2,1,2,1,4,0,0
4643,1,5,0,9,0,2,1,0,0,2,0,1,1,1,0,4,0,2,1,2,1,4,1,2
4644,1,2,3,3,0,2,1,0,0,2,0,1,1,1,6,6,0,2,1,2,1,5,4,2
4645,1,5,3,3,0,2,1,0,0,7,0,1,1,1,6,6,0,2,1,2,1,4,4,0
4646,1,5,0,9,0,2,1,0,0,7,0,1,1,1,4,0,0,2,1,2,1,4,0,2
4647,0,2,3,7,0,5,1,0,1,3,0,0,2,0,7,7,0,2,1,1,1,4,0,2
4648,1,2,0,9,0,2,1,0,0,3,0,1,1,1,0,0,0,2,1,2,1,5,0,2
4649,1,2,3,3,0,2,1,0,0,7,0,1,1,1,0,0,0,2,1,2,1,4,1,0
4650,1,5,3,9,0,2,1,0,0,3,0,1,1,1,0,6,0,2,1,2,1,5,1,2
4651,1,2,0,3,0,2,1,0,0,2,0,1,1,1,0,4,0,2,1,2,1,5,1,2
4652,0,2,3,4,1,5,1,0,0,5,1,1,2,2,6,6,0,2,1,4,3,5,0,0
4653,1,5,0,9,0,2,1,0,0,3,0,1,1,1,6,4,0,2,1,2,1,4,4,2
4654,1,2,0,3,0,2,1,0,0,3,0,1,1,1,4,6,0,2,1,2,1,5,0,2
4655,1,5,3,3,0,2,1,0,0,3,0,1,1,1,4,0,0,2,1,2,1,5,4,2
4656,1,2,0,9,0,2,1,0,0,7,0,1,1,1,4,4,0,2,1,2,1,5,1,2
4657,1,5,0,9,0,2,1,0,0,3,0,1,1,1,0,0,0,2,1,2,1,4,0,2
4658,1,5,3,9,0,2,1,0,0,2,0,1,1,1,0,4,0,2,1,2,1,4,4,2
4659,1,5,0,9,0,2,1,0,0,2,0,1,1,1,0,4,0,2,1,2,1,4,4,2
4660,1,2,3,3,0,2,1,0,0,2,0,1,1,1,4,6,0,2,1,2,1,4,1,2
4661,1,5,2,8,1,2,1,0,0,3,1,1,0,0,7,7,0,2,1,4,1,3,5,2
4662,0,2,3,2,1,5,1,0,0,10,0,0,2,2,7,7,0,2,2,0,7,1,6,0
4663,0,5,3,7,0,5,1,0,1,10,0,0,2,0,7,7,0,2,1,1,1,5,0,0
4664,1,5,3,9,0,2,1,0,0,7,0,1,1,1,0,4,0,2,1,2,1,4,1,2
4665,1,5,3,3,0,2,1,0,0,7,0,1,1,1,4,6,0,2,1,2,1,5,0,0
4666,1,5,0,9,0,2,1,0,0,7,0,1,1,1,6,6,0,2,1,2,1,5,4,2
4667,1,2,0,3,0,2,1,0,0,3,0,1,1,1,6,4,0,2,1,2,1,5,0,2
4668,1,5,3,3,0,2,1,0,0,2,0,1,1,1,6,0,0,2,1,2,1,5,4,2
4669,1,2,0,3,0,2,1,0,0,3,0,1,1,1,0,4,0,2,1,2,1,5,1,2
4670,1,2,0,9,0,2,1,0,0,7,0,1,1,1,6,4,0,2,1,2,1,5,1,2
4671,1,5,3,3,0,2,1,0,0,3,0,1,1,1,6,6,0,2,1,2,1,5,4,2
4672,1,2,3,3,0,2,1,0,0,2,0,1,1,1,4,0,0,2,1,2,1,5,4,2
4673,0,2,2,5,1,5,1,0,0,10,0,0,2,2,7,2,0,2,2,0,7,1,6,0
4674,1,2,0,3,0,2,1,0,0,3,0,1,1,1,6,4,0,2,1,2,1,5,4,2
4675,1,5,3,9,0,2,1,0,0,2,0,1,1,1,0,6,0,2,1,2,1,5,4,2
4676,1,5,3,3,0,2,1,0,0,2,0,1,1,1,4,0,0,2,1,2,1,5,4,2
4677,1,2,0,9,0,2,1,0,0,2,0,1,1,1,0,4,0,2,1,2,1,4,1,2
4678,1,5,0,9,0,2,1,0,0,7,0,1,1,1,6,4,0,2,1,2,1,5,0,2
4679,1,2,3,3,0,2,1,0,0,2,0,1,1,1,4,0,0,2,1,2,1,5,0,2
4680,1,2,3,9,0,2,1,0,0,2,0,1,1,1,4,6,0,2,1,2,1,5,4,2
4681,1,5,3,3,0,2,1,0,0,7,0,1,1,1,0,6,0,2,1,2,1,5,1,0
4682,1,5,3,3,0,2,1,0,0,2,0,1,1,1,0,4,0,2,1,2,1,5,0,2
4683,1,2,0,9,0,2,1,0,0,2,0,1,1,1,4,6,0,2,1,2,1,5,4,2
4684,1,2,0,3,0,2,1,0,0,7,0,1,1,1,0,4,0,2,1,2,1,5,0,0
4685,1,5,3,3,0,2,1,0,0,3,0,1,1,1,0,4,0,2,1,2,1,5,4,2
4686,1,2,0,9,0,2,1,0,0,7,0,1,1,1,6,6,0,2,1,2,1,4,4,2
4687,1,2,3,3,0,2,1,0,0,3,0,1,1,1,4,6,0,2,1,2,1,4,0,2
4688,1,5,3,3,0,2,1,0,0,7,0,1,1,1,4,6,0,2,1,2,1,5,1,0
4689,1,2,0,3,0,2,1,0,0,3,0,1,1,1,0,0,0,2,1,2,1,4,0,2
4690,1,5,3,3,0,2,1,0,0,3,0,1,1,1,4,6,0,2,1,2,1,5,1,2
4691,1,2,0,3,0,2,1,0,0,7,0,1,1,1,6,4,0,2,1,2,1,4,0,0
4692,1,5,3,9,0,2,1,0,0,2,0,1,1,1,0,0,0,2,1,2,1,5,4,2
4693,1,5,0,9,0,2,1,0,0,7,0,1,1,1,6,6,0,2,1,2,1,5,1,2
4694,1,5,3,3,0,2,1,0,0,3,0,1,1,1,0,6,0,2,1,2,1,4,4,2
4695,1,2,0,9,0,2,1,0,0,3,0,1,1,1,4,6,0,2,1,2,1,4,4,2
4696,0,2,3,4,1,5,1,0,0,5,1,1,2,2,7,3,0,2,1,4,3,5,0,0
4697,1,2,0,3,0,2,1,0,0,3,0,1,1,1,6,0,0,2,1,2,1,5,0,2
4698,1,5,3,9,0,2,1,0,0,3,0,1,1,1,4,4,0,2,1,2,1,5,4,2
4699,1,5,2,3,1,2,1,0,0,3,1,1,0,0,7,7,0,2,1,4,1,3,1,2
4700,1,2,3,9,0,2,1,0,0,3,0,1,1,1,4,4,0,2,1,2,1,4,4,2
4701,1,5,3,9,0,2,1,0,0,7,0,1,1,1,4,6,0,2,1,2,1,4,4,2
4702,1,5,0,8,0,1,1,0,1,2,0,1,2,2,7,7,0,2,1,4,2,3,0,2
4703,1,5,0,9,0,2,1,0,0,2,0,1,1,1,4,6,0,2,1,2,1,5,0,2
4704,1,2,2,0,1,2,1,0,0,3,1,1,0,2,7,7,0,2,1,4,1,3,5,2
4705,1,5,3,9,0,2,1,0,0,3,0,1,1,1,6,0,0,2,1,2,1,5,1,2
4706,1,5,3,3,0,2,1,0,0,3,0,1,1,1,4,6,0,2,1,2,1,5,0,2
4707,1,2,0,9,0,2,1,0,0,2,0,1,1,1,0,0,0,2,1,2,1,5,1,2
4708,1,2,2,5,1,5,1,0,0,10,0,1,2,2,7,7,0,2,2,4,5,4,1,0
4709,1,2,2,0,1,2,1,0,0,7,1,1,0,0,7,7,0,2,1,4,1,4,5,0
4710,1,5,3,3,0,2,1,0,0,2,0,1,1,1,0,0,0,2,1,2,1,4,1,2
4711,1,5,3,3,0,2,1,0,0,3,0,1,1,1,6,0,0,2,1,2,1,5,1,2
4712,1,5,3,3,0,2,1,0,0,7,0,1,1,1,0,6,0,2,1,2,1,4,1,0
4713,1,2,0,3,0,2,1,0,0,2,0,1,1,1,6,4,0,2,1,2,1,5,4,2
4714,1,2,0,3,0,2,1,0,0,2,0,1,1,1,6,6,0,2,1,2,1,4,4,2
4715,1,5,0,9,0,2,1,0,0,3,0,1,1,1,6,6,0,2,1,2,1,5,4,2
4716,1,2,0,9,0,2,1,0,0,3,0,1,1,1,6,4,0,2,1,2,1,4,4,2
4717,0,2,3,7,0,5,1,0,1,9,0,0,2,0,7,7,0,2,1,1,1,4,0,0
4718,1,5,0,9,0,2,1,0,0,2,0,1,1,1,0,0,0,2,1,2,1,5,1,2
4719,0,2,0,2,1,5,1,0,0,10,1,1,2,2,3,7,0,2,1,4,3,4,0,0
4720,1,2,0,9,0,2,1,0,0,2,0,1,1,1,4,6,0,2,1,2,1,5,1,2
4721,1,5,0,9,0,2,1,0,0,2,0,1,1,1,6,6,0,2,1,2,1,4,1,2
4722,1,5,3,4,0,2,1,0,1,0,1,0,1,2,6,6,0,2,1,0,7,4,2,1
4723,1,5,3,3,0,2,1,0,0,2,0,1,1,1,0,0,0,2,1,2,1,5,1,2
4724,1,5,0,9,0,2,1,0,0,7,0,1,1,1,0,6,0,2,1,2,1,5,0,2
4725,1,2,0,3,0,2,1,0,0,7,0,1,1,1,6,6,0,2,1,2,1,5,1,0
4726,1,5,3,3,0,2,1,0,0,2,0,1,1,1,0,0,0,2,1,2,1,4,4,2
4727,1,5,3,3,0,2,1,0,0,3,0,1,1,1,0,0,0,2,1,2,1,5,1,2
4728,1,5,0,9,0,2,1,0,0,3,0,1,1,1,0,6,0,2,1,2,1,5,0,2
4729,1,2,0,9,0,2,1,0,0,3,0,1,1,1,4,4,0,2,1,2,1,5,1,2
4730,1,2,3,3,0,2,1,0,0,2,0,1,1,1,4,6,0,2,1,2,1,4,4,2
4731,1,2,3,3,0,2,1,0,0,3,0,1,1,1,6,0,0,2,1,2,1,5,1,2
4732,0,2,3,4,1,5,1,0,0,5,1,1,2,2,6,7,0,2,1,4,3,5,0,0
4733,1,5,3,9,0,2,1,0,0,2,0,1,1,1,4,6,0,2,1,2,1,4,1,2
4734,0,2,0,2,1,5,1,0,0,10,1,1,2,2,7,7,0,2,1,4,2,5,0,0
4735,1,5,0,9,0,2,1,0,0,3,0,1,1,1,0,4,0,2,1,2,1,5,0,2
4736,1,5,3,3,0,2,1,0,0,3,0,1,1,1,6,0,0,2,1,2,1,5,4,2
4737,1,2,3,3,0,2,1,0,0,3,0,1,1,1,6,4,0,2,1,2,1,5,4,2
4738,1,5,0,9,0,2,1,0,0,7,0,1,1,1,6,0,0,2,1,2,1,5,4,2
4739,1,2,0,3,0,2,1,0,0,3,0,1,1,1,4,0,0,2,1,2,1,4,0,2
4740,1,2,0,3,0,2,1,0,0,7,0,1,1,1,6,0,0,2,1,2,1,4,0,0
4741,1,2,3,3,0,2,1,0,0,7,0,1,1,1,4,0,0,2,1,2,1,5,4,0
4742,1,2,3,3,0,2,1,0,0,2,0,1,1,1,6,4,0,2,1,2,1,5,1,2
4743,1,5,0,9,0,2,1,0,0,2,0,1,1,1,0,6,0,2,1,2,1,4,0,2
4744,1,5,3,9,0,2,1,0,0,3,0,1,1,1,6,4,0,2,1,2,1,5,4,2
4745,1,2,0,9,0,2,1,0,0,2,0,1,1,1,4,6,0,2,1,2,1,4,0,2
4746,1,5,3,3,0,2,1,0,0,2,0,1,1,1,0,6,0,2,1,2,1,5,0,2
4747,1,2,0,9,0,2,1,0,0,2,0,1,1,1,6,0,0,2,1,2,1,5,4,2
4748,1,2,3,3,0,2,1,0,0,2,0,1,1,1,0,6,0,2,1,2,1,4,0,2
4749,1,5,0,5,0,1,1,1,1,7,0,1,2,2,7,7,0,2,1,4,2,3,0,0
4750,1,2,0,9,0,2,1,0,0,2,0,1,1,1,6,0,0,2,1,2,1,4,0,2
4751,1,5,3,3,0,2,1,0,0,3,0,1,1,1,4,6,0,2,1,2,1,4,0,2
4752,1,5,3,9,0,2,1,0,0,7,0,1,1,1,0,6,0,2,1,2,1,5,1,2
4753,1,5,3,3,0,2,1,0,0,3,0,1,1,1,6,0,0,2,1,2,1,4,0,2
4754,1,2,3,9,0,2,1,0,0,3,0,1,1,1,4,0,0,2,1,2,1,4,4,2
4755,1,5,3,3,0,2,1,0,0,2,0,1,1,1,0,6,0,2,1,2,1,5,4,2
4756,1,5,0,9,0,2,1,0,0,2,0,1,1,1,6,4,0,2,1,2,1,4,0,2
4757,1,2,3,3,0,2,1,0,0,2,0,1,1,1,0,0,0,2,1,2,1,4,0,2
4758,1,2,3,3,0,2,1,0,0,7,0,1,1,1,6,0,0,2,1,2,1,4,1,0
4759,1,5,3,9,0,2,1,0,0,7,0,1,1,1,6,4,0,2,1,2,1,5,0,2
4760,1,2,0,9,0,2,1,0,0,3,0,1,1,1,6,0,0,2,1,2,1,5,0,2
4761,1,5,3,3,0,2,1,0,0,2,0,1,1,1,6,4,0,2,1,2,1,4,0,2
4762,1,5,3,9,0,2,1,0,0,7,0,1,1,1,0,0,0,2,1,2,1,5,0,2
4763,1,5,3,3,0,2,1,0,0,2,0,1,1,1,0,6,0,2,1,2,1,4,0,2
4764,1,5,3,3,0,2,1,0,0,2,0,1,1,1,0,6,0,2,1,2,1,5,1,2
4765,1,5,0,9,0,2,1,0,0,2,0,1,1,1,4,0,0,2,1,2,1,4,1,2
4766,1,5,3,3,0,2,1,0,0,7,0,1,1,1,4,0,0,2,1,2,1,5,0,0
4767,1,2,0,3,0,2,1,0,0,2,0,1,1,1,6,0,0,2,1,2,1,5,4,2
4768,1,2,0,3,0,2,1,0,0,7,0,1,1,1,0,0,0,2,1,2,1,4,1,0
4769,1,5,3,3,0,2,1,0,0,3,0,1,1,1,4,4,0,2,1,2,1,4,4,2
4770,1,5,0,9,0,2,1,0,0,3,0,1,1,1,4,6,0,2,1,2,1,4,0,2
4771,1,5,3,3,0,2,1,0,0,2,0,1,1,1,6,4,0,2,1,2,1,5,0,2
4772,1,2,0,3,0,2,1,0,0,7,0,1,1,1,4,0,0,2,1,2,1,4,4,0
4773,1,5,3,9,0,2,1,0,0,3,0,1,1,1,4,6,0,2,1,2,1,4,4,2
4774,1,5,0,9,0,2,1,0,0,3,0,1,1,1,6,4,0,2,1,2,1,4,0,2
4775,1,2,3,3,0,2,1,0,0,7,0,1,1,1,4,4,0,2,1,2,1,5,0,0
4776,1,2,0,3,0,2,1,0,0,7,0,1,1,1,0,6,0,2,1,2,1,4,4,0
4777,0,5,2,5,1,5,1,0,0,1,0,0,2,2,7,7,0,2,2,0,7,1,6,1
4778,1,2,0,9,0,2,1,0,0,7,0,1,1,1,4,6,0,2,1,2,1,4,0,2
4779,1,5,2,5,0,1,1,1,1,2,0,1,2,2,7,7,0,2,1,4,2,4,0,2
4780,1,5,0,9,0,2,1,0,0,3,0,1,1,1,6,6,0,2,1,2,1,5,1,2
4781,1,2,0,3,0,2,1,0,0,2,0,1,1,1,0,6,0,2,1,2,1,5,4,2
4782,1,5,0,9,0,2,1,0,0,7,0,1,1,1,4,0,0,2,1,2,1,5,1,2
4783,0,2,0,2,1,5,1,0,0,7,1,1,2,2,6,6,0,2,1,4,3,5,0,0
4784,1,5,3,9,0,2,1,0,0,2,0,1,1,1,0,4,0,2,1,2,1,4,0,2
4785,1,5,0,9,0,2,1,0,0,7,0,1,1,1,0,6,0,2,1,2,1,5,1,2
4786,1,2,3,3,0,2,1,0,0,3,0,1,1,1,4,6,0,2,1,2,1,4,1,2
4787,1,2,0,9,0,2,1,0,0,7,0,1,1,1,0,6,0,2,1,2,1,5,1,2
4788,0,2,3,4,1,5,1,0,0,5,1,1,2,2,6,7,0,2,1,4,3,4,0,0
4789,1,5,3,9,0,2,1,0,0,3,0,1,1,1,0,0,0,2,1,2,1,5,4,2
4790,1,2,0,3,0,2,1,0,0,3,0,1,1,1,6,0,0,2,1,2,1,4,4,2
4791,1,5,3,9,0,2,1,0,0,3,0,1,1,1,6,4,0,2,1,2,1,4,4,2
4792,1,2,0,9,0,2,1,0,0,3,0,1,1,1,6,4,0,2,1,2,1,5,0,2
4793,1,2,3,9,0,2,1,0,0,3,0,1,1,1,4,6,0,2,1,2,1,5,0,2
4794,1,2,3,3,0,2,1,0,0,3,0,1,1,1,6,6,0,2,1,2,1,4,1,2
4795,1,2,0,3,0,2,1,0,0,3,0,1,1,1,0,6,0,2,1,2,1,4,1,2
4796,1,5,3,9,0,2,1,0,0,7,0,1,1,1,0,4,0,2,1,2,1,5,1,2
4797,1,2,3,3,0,2,1,0,0,2,0,1,1,1,4,4,0,2,1,2,1,5,4,2
4798,1,5,3,9,0,2,1,0,0,2,0,1,1,1,4,4,0,2,1,2,1,5,1,2
4799,0,2,0,3,1,5,1,0,0,9,1,1,2,2,7,7,0,2,1,4,3,5,0,0
4800,1,5,2,3,1,2,1,0,0,3,1,1,0,2,7,7,0,2,1,4,1,3,1,2
4801,1,5,3,4,0,2,1,0,1,0,1,0,2,1,6,7,0,2,1,0,7,4,4,1
4802,1,2,2,3,1,2,1,0,0,7,1,1,2,0,7,7,0,2,1,4,1,4,1,0
4803,1,2,3,3,0,2,1,0,0,2,0,1,1,1,0,4,0,2,1,2,1,5,1,2
4804,1,2,3,9,0,2,1,0,0,2,0,1,1,1,6,6,0,2,1,2,1,4,1,2
4805,1,2,3,3,0,2,1,0,0,7,0,1,1,1,0,6,0,2,1,2,1,4,0,0
4806,0,2,3,2,1,5,1,0,0,1,0,0,2,2,7,2,0,2,2,0,7,1,6,1
4807,1,2,3,3,0,2,1,0,0,7,0,1,1,1,4,4,0,2,1,2,1,4,4,0
4808,1,5,0,9,0,2,1,0,0,3,0,1,1,1,4,4,0,2,1,2,1,4,1,2
4809,1,2,0,3,0,2,1,0,0,2,0,1,1,1,0,0,0,2,1,2,1,5,0,2
4810,1,5,3,9,0,2,1,0,0,7,0,1,1,1,6,0,0,2,1,2,1,5,0,2
4811,1,2,0,9,0,2,1,0,0,7,0,1,1,1,4,0,0,2,1,2,1,5,1,2
4812,0,2,3,4,1,5,1,0,0,1,0,0,2,2,2,2,0,2,2,0,7,1,6,1
4813,1,2,3,3,0,2,1,0,0,7,0,1,1,1,6,4,0,2,1,2,1,4,1,0
4814,1,3,0,4,0,5,1,0,1,10,0,0,1,3,7,4,0,2,1,0,7,4,0,0
4815,1,2,0,3,0,2,1,0,0,2,0,1,1,1,0,6,0,2,1,2,1,4,0,2
4816,1,2,0,9,0,2,1,0,0,3,0,1,1,1,4,0,0,2,1,2,1,4,4,2
4817,1,5,3,4,0,7,1,0,1,0,1,0,2,1,7,6,0,2,1,0,7,4,4,1
4818,1,2,0,3,0,2,1,0,0,3,0,1,1,1,6,6,0,2,1,2,1,4,0,2
4819,1,2,0,3,0,2,1,0,0,2,0,1,1,1,0,0,0,2,1,2,1,5,4,2
4820,1,2,2,8,1,2,1,0,0,10,1,1,0,0,7,7,0,2,1,4,1,4,1,0
4821,1,2,0,9,0,2,1,0,0,2,0,1,1,1,0,4,0,2,1,2,1,4,0,2
4822,1,5,3,3,0,2,1,0,0,3,0,1,1,1,6,4,0,2,1,2,1,5,1,2
4823,1,5,0,9,0,2,1,0,0,3,0,1,1,1,4,6,0,2,1,2,1,5,1,2
4824,0,5,3,2,1,5,1,0,0,10,0,0,2,2,2,2,0,2,2,0,7,1,6,0
4825,1,2,3,9,0,2,1,0,0,2,0,1,1,1,4,6,0,2,1,2,1,4,0,2
4826,1,0,0,9,0,5,1,0,1,10,0,0,1,3,7,4,0,2,1,0,7,4,0,0
4827,1,2,3,9,0,2,1,0,0,7,0,1,1,1,4,4,0,2,1,2,1,4,0,2
4828,1,5,2,3,1,2,1,0,0,7,1,1,0,0,7,7,0,2,1,4,1,3,5,0
4829,1,2,3,9,0,2,1,0,0,3,0,1,1,1,6,6,0,2,1,2,1,4,0,2
4830,1,2,0,9,0,2,1,0,0,7,0,1,1,1,6,0,0,2,1,2,1,4,1,2
4831,0,3,3,2,1,5,1,0,0,1,0,0,2,2,7,7,0,2,2,0,7,1,6,1
4832,1,2,0,9,0,2,1,0,0,7,0,1,1,1,0,6,0,2,1,2,1,4,4,2
4833,1,2,0,9,0,2,1,0,0,2,0,1,1,1,6,4,0,2,1,2,1,4,4,2
4834,0,3,3,4,0,5,1,1,1,10,0,1,0,2,7,4,0,2,1,0,7,4,2,0
4835,1,5,2,8,0,1,1,0,1,7,0,1,2,2,7,7,0,2,1,4,3,4,0,2
4836,1,5,0,9,0,2,1,0,0,2,0,1,1,1,0,4,0,2,1,2,1,5,1,2
4837,1,5,0,9,0,2,1,0,0,2,0,1,1,1,4,0,0,2,1,2,1,4,4,2
4838,1,5,0,9,0,2,1,0,0,2,0,1,1,1,0,4,0,2,1,2,1,5,0,2
4839,1,2,3,9,0,2,1,0,0,7,0,1,1,1,4,0,0,2,1,2,1,4,4,2
4840,1,0,2,0,1,5,1,0,0,2,0,1,2,2,7,7,0,2,2,4,5,4,1,1
4841,1,5,2,8,1,2,1,0,0,3,1,1,0,0,7,7,0,2,1,4,1,4,1,2
4842,0,2,3,2,1,5,1,0,0,5,1,1,2,2,7,6,0,2,1,4,3,5,0,0
4843,1,0,2,8,1,5,1,0,0,2,0,1,2,2,7,7,0,2,2,4,5,4,3,2
4844,0,2,3,5,1,5,1,0,0,10,0,0,2,2,2,2,0,2,2,0,7,1,6,0
4845,1,5,2,8,1,2,1,0,0,7,1,1,0,0,7,7,0,2,1,4,1,4,1,2
4846,0,3,3,4,1,5,1,0,0,10,0,0,2,2,7,7,0,2,2,0,7,1,6,0
4847,1,5,3,9,0,2,1,0,0,3,0,1,1,1,4,0,0,2,1,2,1,5,4,2
4848,1,2,2,0,1,2,1,0,0,3,1,1,0,2,7,7,0,2,1,4,1,4,5,2
4849,1,2,3,3,0,2,1,0,0,3,0,1,1,1,4,4,0,2,1,2,1,4,0,2
4850,1,5,3,9,0,2,1,0,0,3,0,1,1,1,0,4,0,2,1,2,1,4,0,2
4851,1,5,3,3,0,2,1,0,0,7,0,1,1,1,4,0,0,2,1,2,1,4,0,0
4852,1,5,0,9,0,2,1,0,0,2,0,1,1,1,4,6,0,2,1,2,1,5,4,2
4853,1,5,3,9,0,2,1,0,0,3,0,1,1,1,6,0,0,2,1,2,1,4,0,2
4854,1,5,3,9,0,2,1,0,0,3,0,1,1,1,6,4,0,2,1,2,1,5,0,2
4855,1,5,0,9,0,2,1,0,0,2,0,1,1,1,0,4,0,2,1,2,1,5,4,2
4856,1,5,3,3,0,2,1,0,0,2,0,1,1,1,0,0,0,2,1,2,1,5,4,2
4857,1,2,0,3,0,2,1,0,0,7,0,1,1,1,4,4,0,2,1,2,1,4,4,0
4858,0,3,2,2,1,5,1,0,0,10,0,0,2,2,2,7,0,2,2,0,7,1,6,0
4859,0,2,3,4,1,5,1,0,0,1,0,0,2,2,2,7,0,2,2,0,7,1,6,1
4860,0,2,2,0,1,5,1,0,0,10,0,0,2,2,2,7,0,2,2,0,7,1,6,0
4861,1,5,3,9,0,2,1,0,0,2,0,1,1,1,0,0,0,2,1,2,1,4,0,2
4862,0,2,0,3,1,5,1,0,0,9,1,1,2,2,6,6,0,2,1,4,3,4,0,0
4863,1,2,0,9,0,2,1,0,0,7,0,1,1,1,4,4,0,2,1,2,1,5,4,2
4864,1,2,3,3,0,2,1,0,0,3,0,1,1,1,6,6,0,2,1,2,1,5,1,2
4865,1,5,2,3,1,2,1,0,0,7,1,1,0,0,7,7,0,2,1,4,1,4,1,0
4866,1,2,0,3,0,2,1,0,0,7,0,1,1,1,6,6,0,2,1,2,1,4,4,0
4867,1,5,0,9,0,2,1,0,0,3,0,1,1,1,6,0,0,2,1,2,1,5,0,2
4868,1,2,0,9,0,2,1,0,0,7,0,1,1,1,4,6,0,2,1,2,1,4,1,2
4869,1,5,3,4,0,2,1,0,1,0,1,0,1,1,7,7,0,2,1,0,7,4,2,1
4870,1,2,0,3,0,2,1,0,0,3,0,1,1,1,0,4,0,2,1,2,1,4,4,2
4871,0,2,3,4,1,5,1,0,0,1,0,0,2,2,7,7,0,2,2,0,7,1,6,1
4872,0,2,3,2,1,5,1,0,0,7,1,1,2,2,3,6,0,2,1,4,2,4,0,0
4873,1,2,3,3,0,2,1,0,0,2,0,1,1,1,6,0,0,2,1,2,1,5,1,2
4874,1,5,3,9,0,2,1,0,0,3,0,1,1,1,6,6,0,2,1,2,1,4,4,2
4875,1,2,0,3,0,2,1,0,0,7,0,1,1,1,4,4,0,2,1,2,1,5,0,0
4876,0,2,0,2,1,5,1,0,0,5,1,1,2,2,6,7,0,2,1,4,3,4,0,0
4877,1,5,3,9,0,2,1,0,0,3,0,1,1,1,6,0,0,2,1,2,1,4,4,2
4878,1,2,0,9,0,2,1,0,0,7,0,1,1,1,0,0,0,2,1,2,1,5,4,2
4879,1,2,0,3,0,2,1,0,0,7,0,1,1,1,6,4,0,2,1,2,1,4,4,0
4880,1,2,3,9,0,2,1,0,0,2,0,1,1,1,4,0,0,2,1,2,1,5,0,2
4881,1,5,3,3,0,2,1,0,0,3,0,1,1,1,0,0,0,2,1,2,1,4,0,2
4882,1,0,3,8,1,5,1,0,0,10,0,1,2,2,7,7,0,2,2,4,5,4,3,0
4883,1,2,0,9,0,2,1,0,0,7,0,1,1,1,6,6,0,2,1,2,1,5,4,2
4884,1,5,3,4,0,2,1,0,1,0,1,0,1,2,6,7,0,2,1,0,7,4,0,1
4885,1,2,0,3,0,2,1,0,0,2,0,1,1,1,6,6,0,2,1,2,1,5,1,2
4886,1,5,3,9,0,2,1,0,0,2,0,1,1,1,4,4,0,2,1,2,1,4,1,2
4887,1,2,3,9,0,2,1,0,0,2,0,1,1,1,4,4,0,2,1,2,1,5,4,2
4888,0,2,3,5,1,5,1,0,0,1,0,0,2,2,2,2,0,2,2,0,7,1,6,1
4889,1,5,2,8,1,2,1,0,0,3,1,1,2,2,7,7,0,2,1,4,1,3,1,2
4890,1,2,3,3,0,2,1,0,0,3,0,1,1,1,4,6,0,2,1,2,1,5,1,2
4891,1,5,3,3,0,2,1,0,0,3,0,1,1,1,0,0,0,2,1,2,1,4,4,2
4892,1,5,0,9,0,2,1,0,0,7,0,1,1,1,4,6,0,2,1,2,1,4,1,2
4893,1,2,2,0,1,2,1,0,0,10,1,1,0,2,7,7,0,2,1,4,1,3,5,0
4894,1,5,0,3,0,1,1,0,1,2,0,1,2,2,7,7,0,2,1,4,2,4,0,2
4895,1,5,0,9,0,2,1,0,0,2,0,1,1,1,4,4,0,2,1,2,1,5,4,2
4896,1,2,3,3,0,2,1,0,0,7,0,1,1,1,0,6,0,2,1,2,1,5,1,0
4897,1,2,3,9,0,2,1,0,0,3,0,1,1,1,4,4,0,2,1,2,1,5,4,2
4898,0,5,3,6,0,5,1,0,1,7,0,0,2,0,7,7,0,2,1,1,1,5,0,0
4899,0,2,3,8,0,5,1,0,1,3,0,0,2,0,7,7,0,2,1,1,1,4,0,2
4900,1,5,0,9,0,2,1,0,0,3,0,1,1,1,4,0,0,2,1,2,1,4,0,2
4901,1,2,3,9,0,2,1,0,0,3,0,1,1,1,0,4,0,2,1,2,1,5,4,2
4902,1,2,3,9,0,2,1,0,0,7,0,1,1,1,4,6,0,2,1,2,1,5,1,2
4903,1,5,3,2,0,8,1,0,1,0,1,0,1,1,6,7,0,2,1,0,7,4,4,1
4904,1,5,3,2,0,8,1,0,1,0,1,0,1,1,6,7,0,2,1,0,7,4,2,1
4905,1,5,3,3,0,2,1,0,0,3,0,1,1,1,0,0,0,2,1,2,1,5,0,2
4906,1,5,3,9,0,2,1,0,0,2,0,1,1,1,4,0,0,2,1,2,1,4,1,2
4907,1,2,0,3,0,2,1,0,0,3,0,1,1,1,0,4,0,2,1,2,1,5,0,2
4908,1,5,3,3,0,2,1,0,0,2,0,1,1,1,4,0,0,2,1,2,1,5,1,2
4909,1,5,3,9,0,2,1,0,0,2,0,1,1,1,6,6,0,2,1,2,1,4,0,2
4910,1,2,0,9,0,2,1,0,0,3,0,1,1,1,4,0,0,2,1,2,1,5,4,2
4911,0,2,2,2,1,5,1,0,0,10,0,0,2,2,7,2,0,2,2,0,7,1,6,0
4912,1,2,0,9,0,2,1,0,0,3,0,1,1,1,0,4,0,2,1,2,1,5,4,2
4913,1,5,3,9,0,2,1,0,0,3,0,1,1,1,6,6,0,2,1,2,1,5,4,2
4914,1,2,2,3,1,2,1,0,0,7,1,1,0,2,7,7,0,2,1,4,1,3,1,0
4915,1,2,0,9,0,2,1,0,0,7,0,1,1,1,0,6,0,2,1,2,1,4,1,2
4916,1,5,3,9,0,2,1,0,0,3,0,1,1,1,4,4,0,2,1,2,1,5,0,2
4917,1,5,0,9,0,2,1,0,0,7,0,1,1,1,4,0,0,2,1,2,1,5,4,2
4918,1,5,2,3,1,2,1,0,0,3,1,1,0,0,7,7,0,2,1,4,1,4,5,2
4919,1,2,3,3,0,2,1,0,0,7,0,1,1,1,6,6,0,2,1,2,1,5,1,0
4920,1,2,0,3,0,2,1,0,0,3,0,1,1,1,6,4,0,2,1,2,1,4,1,2
4921,1,5,2,8,0,1,1,0,1,5,0,1,2,2,7,7,0,2,1,4,2,4,0,2
4922,1,2,3,3,0,2,1,0,0,7,0,1,1,1,0,0,0,2,1,2,1,5,4,0
4923,0,2,3,2,1,5,1,0,0,9,1,1,2,2,6,7,0,2,1,4,3,5,0,0
4924,1,5,0,9,0,2,1,0,0,2,0,1,1,1,6,6,0,2,1,2,1,5,1,2
4925,1,5,3,9,0,2,1,0,0,7,0,1,1,1,4,6,0,2,1,2,1,5,4,2
4926,0,3,2,0,1,5,1,0,0,1,0,0,2,2,7,7,0,2,2,0,7,1,6,1
4927,1,2,0,9,0,2,1,0,0,3,0,1,1,1,0,6,0,2,1,2,1,4,1,2
4928,1,2,0,9,0,2,1,0,0,2,0,1,1,1,6,6,0,2,1,2,1,4,0,2
4929,1,5,3,9,0,2,1,0,0,2,0,1,1,1,0,0,0,2,1,2,1,5,1,2
4930,0,5,0,4,0,5,1,1,1,10,0,1,2,0,7,4,0,2,1,0,7,4,2,0
4931,0,5,3,2,1,5,1,0,0,1,0,0,2,2,2,2,0,2,2,0,7,1,6,1
4932,1,5,3,3,0,2,1,0,0,2,0,1,1,1,6,4,0,2,1,2,1,4,4,2
4933,1,5,0,9,0,2,1,0,0,2,0,1,1,1,6,0,0,2,1,2,1,4,1,2
4934,1,2,2,3,1,2,1,0,0,3,1,1,0,0,7,7,0,2,1,4,1,4,1,2
4935,1,5,3,9,0,2,1,0,0,2,0,1,1,1,6,0,0,2,1,2,1,5,1,2
4936,1,2,3,3,0,2,1,0,0,7,0,1,1,1,0,4,0,2,1,2,1,4,4,0
4937,1,5,3,3,0,2,1,0,0,7,0,1,1,1,4,0,0,2,1,2,1,4,1,0
4938,1,5,3,4,0,7,1,0,1,0,1,0,2,1,7,7,0,2,1,0,7,4,4,1
4939,0,3,2,0,1,5,1,0,0,10,0,0,2,2,2,7,0,2,2,0,7,1,6,0
4940,1,2,0,9,0,2,1,0,0,2,0,1,1,1,0,6,0,2,1,2,1,5,0,2
4941,1,5,0,3,0,2,1,0,0,2,0,1,1,1,0,6,0,2,1,2,1,4,4,2
4942,1,2,3,3,0,2,1,0,0,3,0,1,1,1,0,0,0,2,1,2,1,5,4,2
4943,1,5,0,9,0,2,1,0,0,2,0,1,1,1,0,4,0,2,1,2,1,4,0,2
4944,1,2,3,9,0,2,1,0,0,3,0,1,1,1,4,4,0,2,1,2,1,4,1,2
4945,0,3,2,5,1,5,1,0,0,10,0,0,2,2,2,2,0,2,2,0,7,1,6,0
4946,1,2,3,4,0,5,1,0,1,10,0,0,1,3,7,4,0,2,1,0,7,4,0,0
4947,1,5,3,3,0,2,1,0,0,2,0,1,1,1,4,4,0,2,1,2,1,5,0,2
4948,1,5,0,9,0,2,1,0,0,3,0,1,1,1,4,6,0,2,1,2,1,5,0,2
4949,1,5,3,3,0,2,1,0,0,3,0,1,1,1,4,0,0,2,1,2,1,4,4,2
4950,1,2,2,0,1,2,1,0,0,10,1,1,0,0,7,7,0,2,1,4,1,4,5,0
4951,0,2,2,0,1,5,1,0,0,10,0,0,2,2,7,7,0,2,2,0,7,1,6,0
4952,1,2,2,8,1,2,1,0,0,10,1,1,0,0,7,7,0,2,1,4,1,3,5,0
4953,1,2,3,3,0,2,1,0,0,2,0,1,1,1,0,4,0,2,1,2,1,5,4,2
4954,1,5,0,9,0,2,1,0,0,2,0,1,1,1,0,0,0,2,1,2,1,4,4,2
4955,1,2,3,3,0,2,1,0,0,3,0,1,1,1,4,4,0,2,1,2,1,4,4,2
4956,1,2,3,9,0,2,1,0,0,2,0,1,1,1,4,0,0,2,1,2,1,5,1,2
4957,1,2,0,9,0,2,1,0,0,7,0,1,1,1,4,4,0,2,1,2,1,4,0,2
4958,1,5,2,0,1,2,1,0,0,3,1,1,2,2,7,7,0,2,1,4,1,4,5,2
4959,1,2,0,3,0,2,1,0,0,2,0,1,1,1,6,6,0,2,1,2,1,5,4,2
4960,1,5,3,3,0,2,1,0,0,3,0,1,1,1,6,4,0,2,1,2,1,5,0,2
4961,1,2,0,9,0,2,1,0,0,7,0,1,1,1,0,0,0,2,1,2,1,5,1,2
4962,1,2,3,9,0,2,1,0,0,3,0,1,1,1,6,6,0,2,1,2,1,5,0,2
4963,1,2,2,3,1,2,1,0,0,7,1,1,2,0,7,7,0,2,1,4,1,3,5,0
4964,0,2,2,0,1,5,1,0,0,10,0,0,2,2,7,2,0,2,2,0,7,1,6,0
4965,0,5,2,5,1,5,1,0,0,10,0,0,2,2,2,2,0,2,2,0,7,1,6,0
4966,0,3,2,4,1,5,1,0,0,1,0,0,2,2,7,7,0,2,2,0,7,1,6,1
4967,1,2,3,5,1,5,1,0,0,2,0,1,2,2,7,7,0,2,2,4,5,4,1,2
4968,1,2,3,3,0,2,1,0,0,7,0,1,1,1,6,6,0,2,1,2,1,4,4,0
4969,1,5,3,9,0,2,1,0,0,3,0,1,1,1,0,0,0,2,1,2,1,4,4,2
4970,1,2,0,3,0,2,1,0,0,2,0,1,1,1,0,6,0,2,1,2,1,4,1,2
4971,1,2,0,3,0,2,1,0,0,7,0,1,1,1,6,6,0,2,1,2,1,5,0,0
4972,1,5,0,9,0,2,1,0,0,7,0,1,1,1,0,4,0,2,1,2,1,5,4,2
4973,1,2,0,3,0,2,1,0,0,7,0,1,1,1,4,0,0,2,1,2,1,4,0,0
4974,1,2,3,3,0,2,1,0,0,3,0,1,1,1,0,6,0,2,1,2,1,5,0,2
4975,1,2,3,9,0,2,1,0,0,3,0,1,1,1,0,0,0,2,1,2,1,4,0,2
4976,1,2,0,9,0,2,1,0,0,7,0,1,1,1,0,0,0,2,1,2,1,4,1,2
4977,1,2,3,9,0,2,1,0,0,7,0,1,1,1,6,4,0,2,1,2,1,5,1,2
4978,1,5,3,9,0,2,1,0,0,7,0,1,1,1,6,0,0,2,1,2,1,4,0,2
4979,1,5,3,9,0,2,1,0,0,3,0,1,1,1,0,4,0,2,1,2,1,5,4,2
4980,1,2,3,3,0,2,1,0,0,2,0,1,1,1,6,4,0,2,1,2,1,4,1,2
4981,1,2,0,3,0,2,1,0,0,2,0,1,1,1,0,6,0,2,1,2,1,5,0,2
4982,1,5,3,9,0,2,1,0,0,2,0,1,1,1,4,6,0,2,1,2,1,4,4,2
4983,1,5,3,9,0,2,1,0,0,2,0,1,1,1,4,4,0,2,1,2,1,5,4,2
4984,0,2,3,7,0,5,1,0,1,10,0,0,2,0,7,7,0,2,1,1,1,5,0,0
4985,1,2,0,3,0,2,1,0,0,2,0,1,1,1,0,0,0,2,1,2,1,4,1,2
4986,1,5,3,4,0,8,1,0,1,0,1,0,2,2,7,6,0,2,1,0,7,4,2,1
4987,1,5,3,9,0,2,1,0,0,7,0,1,1,1,6,4,0,2,1,2,1,4,1,2
4988,1,5,3,9,0,2,1,0,0,7,0,1,1,1,4,4,0,2,1,2,1,5,4,2
4989,1,5,3,3,0,2,1,0,0,3,0,1,1,1,4,4,0,2,1,2,1,4,1,2
4990,1,2,0,9,0,2,1,0,0,2,0,1,1,1,0,0,0,2,1,2,1,4,0,2
4991,1,5,0,9,0,2,1,0,0,7,0,1,1,1,4,6,0,2,1,2,1,5,0,2
4992,1,5,3,3,0,2,1,0,0,3,0,1,1,1,4,6,0,2,1,2,1,4,4,2
4993,0,2,2,0,1,5,1,0,0,1,0,0,2,2,7,7,0,2,2,0,7,1,6,1
4994,1,2,0,3,0,2,1,0,0,3,0,1,1,1,6,6,0,2,1,2,1,5,4,2
4995,1,2,3,9,0,2,1,0,0,3,0,1,1,1,4,6,0,2,1,2,1,4,0,2
4996,0,5,2,4,1,5,1,0,0,10,0,0,2,2,7,2,0,2,2,0,7,1,6,0
4997,1,2,0,3,0,2,1,0,0,2,0,1,1,1,0,4,0,2,1,2,1,5,4,2
4998,1,5,3,3,0,2,1,0,0,2,0,1,1,1,6,0,0,2,1,2,1,4,0,2
4999,1,5,3,4,0,2,1,0,1,0,1,0,1,1,6,6,0,2,1,0,7,4,4,1
5000,1,2,0,9,0,2,1,0,0,2,0,1,1,1,4,4,0,2,1,2,1,4,0,2
5001,1,5,3,4,0,5,1,0,1,10,0,0,1,3,7,4,0,2,1,0,7,4,0,0
5002,1,0,2,0,1,5,1,0,0,10,0,1,2,2,7,7,0,2,2,4,5,4,1,0
5003,1,2,0,9,0,2,1,0,0,7,0,1,1,1,4,0,0,2,1,2,1,4,0,2
5004,1,2,3,3,0,2,1,0,0,3,0,1,1,1,4,0,0,2,1,2,1,5,0,2
5005,0,2,3,7,0,5,1,0,1,9,0,0,2,0,7,7,0,2,1,1,1,5,0,0
5006,1,5,0,9,0,2,1,0,0,2,0,1,1,1,4,4,0,2,1,2,1,4,1,2
5007,1,2,3,9,0,2,1,0,0,2,0,1,1,1,0,6,0,2,1,2,1,5,1,2
5008,1,2,0,9,0,2,1,0,0,3,0,1,1,1,4,6,0,2,1,2,1,5,1,2
5009,1,5,3,9,0,2,1,0,0,3,0,1,1,1,0,6,0,2,1,2,1,5,0,2
5010,0,5,3,2,1,5,1,0,0,10,0,0,2,2,2,7,0,2,2,0,7,1,6,0
5011,1,2,0,3,0,2,1,0,0,2,0,1,1,1,6,6,0,2,1,2,1,4,1,2
5012,1,5,3,9,0,2,1,0,0,2,0,1,1,1,0,4,0,2,1,2,1,4,1,2
5013,1,5,3,9,0,2,1,0,0,7,0,1,1,1,0,0,0,2,1,2,1,4,4,2
5014,1,2,3,3,0,2,1,0,0,2,0,1,1,1,0,4,0,2,1,2,1,4,4,2
5015,0,3,2,0,1,5,1,0,0,10,0,0,2,2,7,2,0,2,2,0,7,1,6,0
5016,1,2,3,9,0,2,1,0,0,7,0,1,1,1,6,0,0,2,1,2,1,5,0,2
5017,1,5,3,3,0,2,1,0,0,7,0,1,1,1,0,0,0,2,1,2,1,4,4,0
5018,1,5,0,9,0,2,1,0,0,3,0,1,1,1,4,4,0,2,1,2,1,4,0,2
5019,1,2,0,9,0,2,1,0,0,7,0,1,1,1,4,6,0,2,1,2,1,4,4,2
5020,1,2,2,8,1,2,1,0,0,3,1,1,2,0,7,7,0,2,1,4,1,4,5,2
5021,1,5,2,3,0,1,1,0,1,7,0,1,2,2,7,7,0,2,1,4,3,4,0,0
5022,1,2,3,9,0,2,1,0,0,2,0,1,1,1,6,0,0,2,1,2,1,5,0,2
5023,0,2,3,7,0,5,1,0,1,7,0,0,2,0,7,7,0,2,1,1,1,4,0,2
5024,1,5,0,9,0,2,1,0,0,2,0,1,1,1,6,6,0,2,1,2,1,5,0,2
5025,1,2,3,3,0,2,1,0,0,2,0,1,1,1,4,6,0,2,1,2,1,5,0,2
5026,1,5,0,9,0,2,1,0,0,2,0,1,1,1,4,6,0,2,1,2,1,4,1,2
5027,1,5,0,9,0,2,1,0,0,3,0,1,1,1,4,0,0,2,1,2,1,4,4,2
5028,1,5,2,3,1,2,1,0,0,7,1,1,0,2,7,7,0,2,1,4,1,3,5,0
5029,1,2,3,3,0,2,1,0,0,2,0,1,1,1,6,4,0,2,1,2,1,5,0,2
5030,1,2,0,9,0,2,1,0,0,3,0,1,1,1,6,4,0,2,1,2,1,5,4,2
5031,1,2,0,9,0,2,1,0,0,2,0,1,1,1,0,4,0,2,1,2,1,5,0,2
5032,1,5,3,3,0,2,1,0,0,7,0,1,1,1,6,0,0,2,1,2,1,4,0,0
5033,1,5,3,3,0,2,1,0,0,2,0,1,1,1,4,0,0,2,1,2,1,4,1,2
5034,1,5,3,3,0,2,1,0,0,3,0,1,1,1,4,0,0,2,1,2,1,5,0,2
5035,1,5,0,3,0,2,1,0,0,7,0,1,1,1,6,6,0,2,1,2,1,5,1,0
5036,1,5,3,9,0,2,1,0,0,2,0,1,1,1,6,4,0,2,1,2,1,5,4,2
5037,1,2,0,3,0,2,1,0,0,3,0,1,1,1,4,4,0,2,1,2,1,4,1,2
5038,1,2,0,9,0,2,1,0,0,7,0,1,1,1,0,4,0,2,1,2,1,5,0,2
5039,1,5,3,3,0,2,1,0,0,3,0,1,1,1,0,6,0,2,1,2,1,5,4,2
5040,1,2,0,9,0,2,1,0,0,2,0,1,1,1,6,6,0,2,1,2,1,4,4,2
5041,1,5,3,4,0,7,1,0,1,0,1,0,1,1,7,7,0,2,1,0,7,4,2,1
5042,1,5,0,9,0,2,1,0,0,3,0,1,1,1,6,0,0,2,1,2,1,5,4,2
5043,1,5,3,9,0,2,1,0,0,2,0,1,1,1,0,6,0,2,1,2,1,4,4,2
5044,1,2,2,0,1,2,1,0,0,10,1,1,0,2,7,7,0,2,1,4,1,4,1,0
5045,1,2,0,3,0,2,1,0,0,3,0,1,1,1,4,6,0,2,1,2,1,4,0,2
5046,1,2,3,9,0,2,1,0,0,3,0,1,1,1,0,6,0,2,1,2,1,5,4,2
5047,1,5,0,9,0,2,1,0,0,3,0,1,1,1,4,4,0,2,1,2,1,5,4,2
5048,1,2,0,3,0,2,1,0,0,7,0,1,1,1,0,4,0,2,1,2,1,4,0,0
5049,1,5,3,9,0,2,1,0,0,2,0,1,1,1,4,6,0,2,1,2,1,5,0,2
5050,1,5,3,3,0,2,1,0,0,7,0,1,1,1,0,0,0,2,1,2,1,4,0,0
5051,1,5,3,2,0,8,1,0,1,0,1,0,1,1,7,7,0,2,1,0,7,4,2,1
5052,0,3,3,0,1,5,1,0,0,1,0,0,2,2,2,7,0,2,2,0,7,1,6,1
5053,0,2,3,0,1,5,1,0,0,10,0,0,2,2,2,7,0,2,2,0,7,1,6,0
5054,1,5,3,3,0,2,1,0,0,7,0,1,1,1,6,6,0,2,1,2,1,5,0,0
5055,1,2,0,9,0,2,1,0,0,2,0,1,1,1,0,6,0,2,1,2,1,5,4,2
5056,1,5,3,3,0,2,1,0,0,3,0,1,1,1,4,0,0,2,1,2,1,5,1,2
5057,1,2,3,3,0,2,1,0,0,2,0,1,1,1,0,6,0,2,1,2,1,5,1,2
5058,1,5,2,0,1,2,1,0,0,10,1,1,2,0,7,7,0,2,1,4,1,3,5,0
5059,1,2,3,9,0,2,1,0,0,3,0,1,1,1,0,6,0,2,1,2,1,4,4,2
5060,1,5,2,8,1,2,1,0,0,7,1,1,0,0,7,7,0,2,1,4,1,3,5,2
5061,1,5,0,9,0,2,1,0,0,7,0,1,1,1,0,4,0,2,1,2,1,4,4,2
5062,1,5,3,3,0,2,1,0,0,7,0,1,1,1,0,6,0,2,1,2,1,5,4,0
5063,1,5,2,8,1,2,1,0,0,7,1,1,2,0,7,7,0,2,1,4,1,3,5,2
5064,1,2,2,0,1,2,1,0,0,7,1,1,0,0,7,7,0,2,1,4,1,3,1,0
5065,1,5,2,8,1,2,1,0,0,3,1,1,0,2,7,7,0,2,1,4,1,3,5,2
5066,1,2,0,9,0,2,1,0,0,7,0,1,1,1,4,0,0,2,1,2,1,5,0,2
5067,1,2,3,3,0,2,1,0,0,2,0,1,1,1,6,0,0,2,1,2,1,5,4,2
5068,1,5,0,9,0,2,1,0,0,3,0,1,1,1,0,4,0,2,1,2,1,4,1,2
5069,1,2,0,3,0,2,1,0,0,3,0,1,1,1,4,0,0,2,1,2,1,4,4,2
5070,0,5,3,8,0,5,1,0,1,9,0,0,2,0,7,7,0,2,1,1,1,5,0,0
5071,0,5,2,2,1,5,1,0,0,1,0,0,2,2,7,7,0,2,2,0,7,1,6,1
5072,1,5,3,3,0,2,1,0,0,7,0,1,1,1,6,6,0,2,1,2,1,4,1,0
5073,1,2,0,3,0,2,1,0,0,3,0,1,1,1,4,0,0,2,1,2,1,4,1,2
5074,1,5,3,4,0,8,1,0,1,0,1,0,1,2,6,7,0,2,1,0,7,4,2,1
5075,1,5,3,3,0,2,1,0,0,3,0,1,1,1,6,0,0,2,1,2,1,4,4,2
5076,1,2,0,3,0,2,1,0,0,3,0,1,1,1,4,6,0,2,1,2,1,5,4,2
5077,1,2,0,9,0,2,1,0,0,3,0,1,1,1,0,4,0,2,1,2,1,4,4,2
5078,1,2,0,9,0,2,1,0,0,3,0,1,1,1,0,6,0,2,1,2,1,5,0,2
5079,0,2,0,2,1,5,1,0,0,5,1,1,2,2,3,7,0,2,1,4,3,5,0,0
5080,1,5,3,9,0,2,1,0,0,7,0,1,1,1,4,0,0,2,1,2,1,5,1,2
5081,1,2,3,9,0,2,1,0,0,2,0,1,1,1,4,0,0,2,1,2,1,4,0,2
5082,1,2,0,3,0,2,1,0,0,2,0,1,1,1,0,6,0,2,1,2,1,4,4,2
5083,1,5,3,9,0,2,1,0,0,3,0,1,1,1,6,6,0,2,1,2,1,5,1,2
5084,1,5,0,9,0,2,1,0,0,2,0,1,1,1,6,0,0,2,1,2,1,5,4,2
5085,1,3,0,9,0,5,1,0,1,10,0,0,1,3,7,4,0,2,1,0,7,4,0,0
5086,1,2,0,9,0,2,1,0,0,3,0,1,1,1,4,0,0,2,1,2,1,5,1,2
5087,0,3,0,1,0,5,1,1,1,10,0,1,0,2,7,4,0,2,1,0,7,4,2,0
5088,1,2,0,3,0,2,1,0,0,3,0,1,1,1,4,4,0,2,1,2,1,4,4,2
5089,1,2,3,9,0,2,1,0,0,3,0,1,1,1,4,6,0,2,1,2,1,5,4,2
5090,1,5,3,3,0,2,1,0,0,2,0,1,1,1,0,0,0,2,1,2,1,4,0,2
5091,1,5,3,3,0,2,1,0,0,7,0,1,1,1,6,0,0,2,1,2,1,4,4,0
5092,1,2,0,9,0,2,1,0,0,3,0,1,1,1,6,6,0,2,1,2,1,4,1,2
5093,1,2,3,9,0,2,1,0,0,3,0,1,1,1,6,4,0,2,1,2,1,4,0,2
5094,1,5,0,9,0,2,1,0,0,7,0,1,1,1,4,4,0,2,1,2,1,5,0,2
5095,1,2,0,9,0,2,1,0,0,7,0,1,1,1,4,4,0,2,1,2,1,4,4,2
5096,1,5,3,9,0,2,1,0,0,2,0,1,1,1,4,0,0,2,1,2,1,5,0,2
5097,1,0,3,5,1,5,1,0,0,10,0,1,2,2,7,7,0,2,2,4,5,4,1,0
5098,0,3,3,5,1,5,1,0,0,1,0,0,2,2,7,7,0,2,2,0,7,1,6,1
5099,1,5,3,9,0,2,1,0,0,2,0,1,1,1,0,0,0,2,1,2,1,4,4,2
5100,1,5,0,9,0,2,1,0,0,7,0,1,1,1,6,6,0,2,1,2,1,4,1,2
5101,0,3,3,0,1,5,1,0,0,1,0,0,2,2,7,2,0,2,2,0,7,1,6,1
5102,1,2,3,9,0,2,1,0,0,7,0,1,1,1,4,4,0,2,1,2,1,5,0,2
5103,1,5,2,8,1,2,1,0,0,7,1,1,2,2,7,7,0,2,1,4,1,3,5,2
5104,1,5,3,4,0,7,1,0,1,0,1,0,1,1,7,7,0,2,1,0,7,4,4,1
5105,1,5,3,4,0,8,1,0,1,0,1,0,2,1,7,7,0,2,1,0,7,4,0,1
5106,1,5,3,2,0,8,1,0,1,0,1,0,1,1,7,7,0,2,1,0,7,4,4,1
5107,1,2,1,8,1,5,1,1,1,10,0,1,2,2,7,7,0,2,1,4,7,1,2,0
5108,1,5,2,3,1,2,1,0,0,7,1,1,0,2,7,7,0,2,1,4,1,4,5,0
5109,0,2,3,1,0,5,1,1,1,10,0,1,0,2,7,4,0,2,1,0,7,4,2,0
5110,1,5,3,3,0,2,1,0,0,7,0,1,1,1,6,0,0,2,1,2,1,5,1,0
5111,1,2,3,9,0,2,1,0,0,2,0,1,1,1,0,6,0,2,1,2,1,4,0,2
5112,1,2,3,9,0,2,1,0,0,7,0,1,1,1,0,6,0,2,1,2,1,5,4,2
5113,0,2,3,5,1,5,1,0,0,10,0,0,2,2,7,2,0,2,2,0,7,1,6,0
5114,1,5,2,0,1,2,1,0,0,10,1,1,0,2,7,7,0,2,1,4,1,4,1,0
5115,1,5,2,3,1,2,1,0,0,3,1,1,2,0,7,7,0,2,1,4,1,3,1,2
5116,1,5,3,2,0,8,1,0,1,0,1,0,1,2,6,6,0,2,1,0,7,4,4,1
5117,0,3,3,1,0,5,1,1,1,10,0,1,2,0,7,4,0,2,1,0,7,4,2,0
5118,1,5,2,8,1,2,1,0,0,10,1,1,2,0,7,7,0,2,1,4,1,3,5,0
5119,1,5,2,8,1,2,1,0,0,3,1,1,2,0,7,7,0,2,1,4,1,4,1,2
5120,1,2,2,0,1,2,1,0,0,10,1,1,2,0,7,7,0,2,1,4,1,4,5,0
5121,1,2,2,0,1,2,1,0,0,7,1,1,2,2,7,7,0,2,1,4,1,4,1,0
5122,0,3,3,1,0,5,1,1,1,10,0,1,0,2,7,4,0,2,1,0,7,4,2,0
5123,1,5,3,3,0,2,1,0,0,2,0,1,1,1,4,4,0,2,1,2,1,4,0,2
5124,1,2,2,8,1,2,1,0,0,3,1,1,0,0,7,7,0,2,1,4,1,4,1,2
5125,1,2,2,3,1,2,1,0,0,10,1,1,2,2,7,7,0,2,1,4,1,3,5,0
5126,1,1,1,8,1,5,1,1,1,10,0,1,2,2,7,7,0,2,1,4,7,1,2,0
5127,1,5,2,3,1,2,1,0,0,7,1,1,2,0,7,7,0,2,1,4,1,3,5,0
5128,1,0,1,8,1,5,1,1,1,10,0,1,2,2,7,7,0,2,1,4,7,1,2,0
5129,1,5,2,0,1,2,1,0,0,7,1,1,2,2,7,7,0,2,1,4,1,4,1,0
5130,1,2,2,8,1,2,1,0,0,3,1,1,0,0,7,7,0,2,1,4,1,3,5,2
5131,1,0,0,9,0,5,1,0,1,10,0,0,1,3,7,8,0,2,1,0,7,4,0,0
5132,1,5,3,4,0,7,1,0,1,0,1,0,2,2,7,6,0,2,1,0,7,4,0,1
5133,1,5,3,4,0,8,1,0,1,0,1,0,1,2,6,6,0,2,1,0,7,4,0,1
5134,0,3,2,4,1,5,1,0,0,10,0,0,2,2,2,7,0,2,2,0,7,1,6,0
5135,0,3,3,0,1,5,1,0,0,10,0,0,2,2,2,2,0,2,2,0,7,1,6,0
5136,1,2,2,8,1,2,1,0,0,10,1,1,2,2,7,7,0,2,1,4,1,4,1,0
5137,1,2,2,0,1,5,1,0,0,10,0,1,2,2,7,7,0,2,2,4,5,4,3,0
5138,1,2,3,9,0,2,1,0,0,7,0,1,1,1,0,0,0,2,1,2,1,5,4,2
5139,1,5,3,3,0,2,1,0,0,7,0,1,1,1,6,4,0,2,1,2,1,5,1,0
5140,1,2,2,0,1,5,1,0,0,8,0,1,2,2,7,7,0,2,2,4,5,4,1,0
5141,1,5,3,4,0,2,1,0,1,0,1,0,1,2,6,6,0,2,1,0,7,4,4,1
5142,1,5,3,2,0,8,1,0,1,0,1,0,1,1,6,6,0,2,1,0,7,4,4,1
5143,1,2,0,3,0,2,1,0,0,7,0,1,1,1,0,0,0,2,1,2,1,5,0,0
5144,0,5,2,2,1,5,1,0,0,1,0,0,2,2,2,7,0,2,2,0,7,1,6,1
5145,1,5,3,4,0,2,1,0,1,0,1,0,1,1,6,6,0,2,1,0,7,4,2,1
5146,1,5,0,9,0,2,1,0,0,2,0,1,1,1,6,0,0,2,1,2,1,5,1,2
5147,1,5,3,4,0,8,1,0,1,0,1,0,1,2,7,7,0,2,1,0,7,4,0,1
5148,0,2,0,4,0,5,1,1,1,10,0,1,2,0,7,4,0,2,1,0,7,4,2,0
5149,1,5,3,4,0,2,1,0,1,0,1,0,2,1,7,6,0,2,1,0,7,4,4,1
5150,0,5,2,0,1,5,1,0,0,1,0,0,2,2,2,2,0,2,2,0,7,1,6,1
5151,0,2,3,4,1,5,1,0,0,10,0,0,2,2,7,2,0,2,2,0,7,1,6,0
5152,1,2,3,9,0,2,1,0,0,2,0,1,1,1,6,0,0,2,1,2,1,5,4,2
5153,1,2,3,0,1,5,1,0,0,8,0,1,2,2,7,7,0,2,2,4,5,4,3,0
5154,1,5,3,4,0,5,1,0,1,10,0,0,1,3,7,8,0,2,1,0,7,4,0,0
5155,1,5,3,4,0,8,1,0,1,0,1,0,2,1,7,7,0,2,1,0,7,4,2,1
5156,1,5,2,0,1,2,1,0,0,10,1,1,2,2,7,7,0,2,1,4,1,3,1,0
5157,1,5,2,0,1,2,1,0,0,3,1,1,0,2,7,7,0,2,1,4,1,4,1,0
5158,1,2,3,9,0,2,1,0,0,3,0,1,1,1,6,4,0,2,1,2,1,5,4,2
5159,1,2,2,3,1,2,1,0,0,10,1,1,2,0,7,7,0,2,1,4,1,4,1,0
5160,1,5,3,4,0,2,1,0,1,0,1,0,2,1,7,7,0,2,1,0,7,4,2,1
5161,1,5,2,0,1,2,1,0,0,7,1,1,0,2,7,7,0,2,1,4,1,4,1,0
5162,1,2,0,4,0,5,1,0,1,10,0,0,1,3,7,8,0,2,1,0,7,4,0,0
5163,0,5,3,2,1,5,1,0,0,10,0,0,2,2,7,7,0,2,2,0,7,1,6,0
5164,1,2,2,0,1,2,1,0,0,10,1,1,0,0,7,7,0,2,1,4,1,3,1,0
5165,1,2,2,8,1,2,1,0,0,7,1,1,0,2,7,7,0,2,1,4,1,3,1,2
5166,0,3,3,2,1,5,1,0,0,10,0,0,2,2,2,2,0,2,2,0,7,1,6,0
5167,1,5,0,9,0,2,1,0,0,7,0,1,1,1,4,6,0,2,1,2,1,5,4,2
5168,1,5,0,4,0,5,1,0,1,10,0,0,1,3,7,4,0,2,1,0,7,4,0,0
5169,0,5,3,4,1,5,1,0,0,1,0,0,2,2,2,7,0,2,2,0,7,1,6,1
5170,1,5,3,3,0,2,1,0,0,7,0,1,1,1,6,6,0,2,1,2,1,5,1,0
5171,1,2,2,0,1,2,1,0,0,3,1,1,0,2,7,7,0,2,1,4,1,4,1,0
5172,1,2,2,0,1,2,1,0,0,3,1,1,0,2,7,7,0,2,1,4,1,3,1,2
5173,1,2,3,9,0,2,1,0,0,3,0,1,1,1,0,6,0,2,1,2,1,4,1,2
5174,1,2,3,9,0,2,1,0,0,3,0,1,1,1,6,0,0,2,1,2,1,4,0,2
5175,0,5,2,5,1,5,1,0,0,10,0,0,2,2,7,7,0,2,2,0,7,1,6,0
5176,0,2,2,5,1,5,1,0,0,1,0,0,2,2,2,2,0,2,2,0,7,1,6,1
5177,1,0,3,8,1,5,1,0,0,8,0,1,2,2,7,7,0,2,2,4,5,4,1,0
5178,0,5,3,1,0,5,1,1,1,10,0,1,0,0,7,4,0,2,1,0,7,4,2,0
5179,0,2,2,4,1,5,1,0,0,10,0,0,2,2,2,7,0,2,2,0,7,1,6,0
5180,1,5,2,0,1,2,1,0,0,3,1,1,0,2,7,7,0,2,1,4,1,4,5,2
5181,1,5,2,3,1,2,1,0,0,10,1,1,0,2,7,7,0,2,1,4,1,4,1,0
5182,1,2,3,9,0,2,1,0,0,2,0,1,1,1,0,6,0,2,1,2,1,5,0,2
5183,1,5,2,0,1,2,1,0,0,10,1,1,0,2,7,7,0,2,1,4,1,4,5,0
5184,1,5,2,8,1,2,1,0,0,7,1,1,2,2,7,7,0,2,1,4,1,3,1,2
5185,0,2,3,1,0,5,1,1,1,10,0,1,2,0,7,4,0,2,1,0,7,4,2,0
5186,1,5,3,2,0,8,1,0,1,0,1,0,1,2,7,7,0,2,1,0,7,4,0,1
5187,1,2,0,9,0,2,1,0,0,3,0,1,1,1,4,6,0,2,1,2,1,5,0,2
5188,0,5,3,8,0,5,1,0,1,3,0,0,2,0,7,7,0,2,1,1,1,4,0,2
5189,1,5,3,9,0,2,1,0,0,7,0,1,1,1,0,6,0,2,1,2,1,4,4,2
5190,1,2,3,5,1,5,1,0,0,10,0,1,2,2,7,7,0,2,2,4,5,4,1,0
5191,1,2,2,3,1,2,1,0,0,3,1,1,0,2,7,7,0,2,1,4,1,4,5,2
5192,1,5,3,4,0,7,1,0,1,0,1,0,2,2,7,7,0,2,1,0,7,4,0,1
5193,0,3,2,5,1,5,1,0,0,10,0,0,2,2,2,7,0,2,2,0,7,1,6,0
5194,1,5,3,4,0,2,1,0,1,0,1,0,1,1,7,6,0,2,1,0,7,4,2,1
5195,1,5,3,3,0,2,1,0,0,2,0,1,1,1,4,0,0,2,1,2,1,4,4,2
5196,1,2,2,0,1,2,1,0,0,3,1,1,0,0,7,7,0,2,1,4,1,3,5,2
5197,0,3,3,5,1,5,1,0,0,1,0,0,2,2,7,2,0,2,2,0,7,1,6,1
5198,1,5,0,9,0,2,1,0,0,3,0,1,1,1,6,0,0,2,1,2,1,4,4,2
5199,1,2,3,3,0,2,1,0,0,2,0,1,1,1,4,4,0,2,1,2,1,4,1,2
5200,1,2,0,3,0,2,1,0,0,2,0,1,1,1,4,6,0,2,1,2,1,5,0,2
5201,1,5,2,0,1,2,1,0,0,7,1,1,2,0,7,7,0,2,1,4,1,3,1,0
5202,1,5,3,4,0,2,1,0,1,0,1,0,2,2,7,7,0,2,1,0,7,4,4,1
5203,1,5,3,9,0,2,1,0,0,7,0,1,1,1,6,6,0,2,1,2,1,4,0,2
5204,1,2,0,9,0,2,1,0,0,3,0,1,1,1,4,4,0,2,1,2,1,4,0,2
5205,1,2,0,4,0,5,1,0,1,10,0,0,1,3,7,4,0,2,1,0,7,4,0,0
5206,0,3,2,0,1,5,1,0,0,10,0,0,2,2,7,7,0,2,2,0,7,1,6,0
5207,1,2,3,9,0,2,1,0,0,3,0,1,1,1,6,4,0,2,1,2,1,4,1,2
5208,1,5,3,2,0,8,1,0,1,0,1,0,1,2,6,7,0,2,1,0,7,4,2,1
5209,1,5,2,3,1,2,1,0,0,3,1,1,0,0,7,7,0,2,1,4,1,3,5,2
5210,0,2,2,4,1,5,1,0,0,1,0,0,2,2,7,2,0,2,2,0,7,1,6,1
5211,1,5,3,3,0,2,1,0,0,2,0,1,1,1,6,6,0,2,1,2,1,4,4,2
5212,1,5,3,4,0,8,1,0,1,0,1,0,2,2,6,6,0,2,1,0,7,4,0,1
5213,1,5,2,3,1,2,1,0,0,7,1,1,2,2,7,7,0,2,1,4,1,4,5,0
5214,1,5,2,3,1,2,1,0,0,3,1,1,0,2,7,7,0,2,1,4,1,4,1,2
5215,1,2,3,5,1,5,1,0,0,10,0,1,2,2,7,7,0,2,2,4,5,4,3,0
5216,0,3,3,0,1,5,1,0,0,10,0,0,2,2,2,7,0,2,2,0,7,1,6,0
5217,1,5,2,8,1,2,1,0,0,10,1,1,2,2,7,7,0,2,1,4,1,4,5,0
5218,1,5,3,4,0,8,1,0,1,0,1,0,2,2,7,6,0,2,1,0,7,4,0,1
5219,0,3,3,4,1,5,1,0,0,10,0,0,2,2,2,7,0,2,2,0,7,1,6,0
5220,1,2,3,9,0,2,1,0,0,2,0,1,1,1,4,6,0,2,1,2,1,5,0,2
5221,0,5,3,5,1,5,1,0,0,10,0,0,2,2,2,2,0,2,2,0,7,1,6,0
5222,1,2,2,3,1,2,1,0,0,7,1,1,0,0,7,7,0,2,1,4,1,3,5,0
5223,0,5,2,5,1,5,1,0,0,1,0,0,2,2,7,2,0,2,2,0,7,1,6,1
5224,1,0,3,4,0,5,1,0,1,10,0,0,1,3,7,4,0,2,1,0,7,4,0,0
5225,1,2,2,0,1,2,1,0,0,3,1,1,0,0,7,7,0,2,1,4,1,4,1,2
5226,1,5,3,4,0,2,1,0,1,0,1,0,1,2,6,7,0,2,1,0,7,4,4,1
5227,1,5,3,4,0,2,1,0,1,0,1,0,1,1,7,7,0,2,1,0,7,4,0,1
5228,1,5,2,0,1,2,1,0,0,10,1,1,2,2,7,7,0,2,1,4,1,3,5,0
5229,1,5,3,4,0,2,1,0,1,0,1,0,2,2,7,6,0,2,1,0,7,4,2,1
5230,0,3,3,5,1,5,1,0,0,10,0,0,2,2,7,2,0,2,2,0,7,1,6,0
5231,0,3,0,1,0,5,1,1,1,10,0,1,0,0,7,4,0,2,1,0,7,4,2,0
5232,1,5,3,9,0,2,1,0,0,3,0,1,1,1,0,4,0,2,1,2,1,4,1,2
5233,0,5,2,4,1,5,1,0,0,10,0,0,2,2,2,7,0,2,2,0,7,1,6,0
5234,1,2,0,3,0,2,1,0,0,7,0,1,1,1,0,6,0,2,1,2,1,5,4,0
5235,1,2,3,9,0,2,1,0,0,7,0,1,1,1,4,0,0,2,1,2,1,4,0,2
5236,1,2,2,3,1,2,1,0,0,10,1,1,2,0,7,7,0,2,1,4,1,4,5,0
5237,1,3,3,8,1,5,1,1,1,10,0,1,2,2,7,7,0,2,1,4,7,1,2,0
5238,0,3,0,4,0,5,1,1,1,10,0,1,0,0,7,4,0,2,1,0,7,4,2,0
5239,1,3,0,9,0,5,1,0,1,10,0,0,1,3,7,8,0,2,1,0,7,4,0,0
5240,1,2,2,8,1,2,1,0,0,10,1,1,0,0,7,7,0,2,1,4,1,3,1,0
5241,1,2,3,9,0,5,1,0,1,10,0,0,1,3,7,8,0,2,1,0,7,4,0,0
5242,1,2,3,9,0,2,1,0,0,2,0,1,1,1,6,6,0,2,1,2,1,4,0,2
5243,0,3,2,0,1,5,1,0,0,1,0,0,2,2,7,2,0,2,2,0,7,1,6,1
5244,1,2,3,9,0,2,1,0,0,7,0,1,1,1,6,6,0,2,1,2,1,4,4,2
5245,1,5,3,4,0,8,1,0,1,0,1,0,2,2,7,7,0,2,1,0,7,4,4,1
5246,1,5,3,9,0,2,1,0,0,3,0,1,1,1,6,0,0,2,1,2,1,5,0,2
5247,1,5,3,9,0,2,1,0,0,7,0,1,1,1,6,6,0,2,1,2,1,4,4,2
5248,1,0,3,8,1,5,1,0,0,10,0,1,2,2,7,7,0,2,2,4,5,4,1,0
5249,1,2,3,9,0,2,1,0,0,2,0,1,1,1,6,0,0,2,1,2,1,5,1,2
5250,1,5,2,8,1,2,1,0,0,7,1,1,2,0,7,7,0,2,1,4,1,4,1,2
5251,1,5,2,0,1,2,1,0,0,10,1,1,2,2,7,7,0,2,1,4,1,4,1,0
5252,0,3,3,0,1,5,1,0,0,10,0,0,2,2,7,2,0,2,2,0,7,1,6,0
5253,1,2,3,9,0,2,1,0,0,2,0,1,1,1,0,4,0,2,1,2,1,4,4,2
5254,1,5,2,0,1,2,1,0,0,7,1,1,0,0,7,7,0,2,1,4,1,3,1,0
5255,1,0,3,0,1,5,1,0,0,10,0,1,2,2,7,7,0,2,2,4,5,4,3,0
5256,1,5,2,8,1,2,1,0,0,10,1,1,2,0,7,7,0,2,1,4,1,4,1,0
5257,0,3,2,4,1,5,1,0,0,10,0,0,2,2,7,2,0,2,2,0,7,1,6,0
5258,1,2,2,3,1,2,1,0,0,10,1,1,0,2,7,7,0,2,1,4,1,3,5,0
5259,1,5,0,9,0,5,1,0,1,10,0,0,1,3,7,8,0,2,1,0,7,4,0,0
5260,1,2,2,3,1,2,1,0,0,7,1,1,2,2,7,7,0,2,1,4,1,4,1,0
5261,1,2,3,9,0,2,1,0,0,2,0,1,1,1,6,4,0,2,1,2,1,5,0,2
5262,1,3,3,4,0,5,1,0,1,10,0,0,1,3,7,8,0,2,1,0,7,4,0,0
5263,1,2,2,0,1,2,1,0,0,7,1,1,2,0,7,7,0,2,1,4,1,3,5,0
5264,0,2,2,2,1,5,1,0,0,10,0,0,2,2,7,7,0,2,2,0,7,1,6,0
5265,1,5,3,4,0,2,1,0,1,0,1,0,2,2,6,6,0,2,1,0,7,4,0,1
5266,1,5,3,4,0,8,1,0,1,0,1,0,2,2,7,7,0,2,1,0,7,4,0,1
5267,1,5,3,4,0,8,1,0,1,0,1,0,2,2,7,7,0,2,1,0,7,4,2,1
5268,1,5,2,8,1,2,1,0,0,3,1,1,0,2,7,7,0,2,1,4,1,4,5,2
5269,0,3,2,4,1,5,1,0,0,1,0,0,2,2,2,2,0,2,2,0,7,1,6,1
5270,1,2,3,3,0,2,1,0,0,7,0,1,1,1,4,6,0,2,1,2,1,5,1,0
5271,0,5,2,0,1,5,1,0,0,1,0,0,2,2,7,2,0,2,2,0,7,1,6,1
5272,1,2,2,8,1,2,1,0,0,10,1,1,0,2,7,7,0,2,1,4,1,3,5,0
5273,0,3,0,4,0,5,1,1,1,10,0,1,2,2,7,4,0,2,1,0,7,4,2,0
5274,1,5,3,4,0,7,1,0,1,0,1,0,1,2,7,7,0,2,1,0,7,4,2,1
5275,1,2,2,8,1,2,1,0,0,3,1,1,0,2,7,7,0,2,1,4,1,4,1,2
5276,1,5,2,3,1,2,1,0,0,3,1,1,2,2,7,7,0,2,1,4,1,4,5,2
5277,1,3,3,9,0,5,1,0,1,10,0,0,1,3,7,8,0,2,1,0,7,4,0,0
5278,1,2,2,8,1,5,1,0,0,10,0,1,2,2,7,7,0,2,2,4,5,4,3,0
5279,1,2,0,9,0,2,1,0,0,2,0,1,1,1,4,0,0,2,1,2,1,5,4,2
5280,0,3,3,5,1,5,1,0,0,10,0,0,2,2,2,7,0,2,2,0,7,1,6,0
5281,1,2,3,8,1,5,1,1,1,10,0,1,2,2,7,7,0,2,1,4,7,1,2,0
5282,1,2,2,0,1,2,1,0,0,7,1,1,0,2,7,7,0,2,1,4,1,4,5,0
5283,0,2,3,8,0,5,1,0,1,9,0,0,2,0,7,7,0,2,1,1,1,5,0,0
5284,0,5,3,6,0,5,1,0,1,10,0,0,2,0,7,7,0,2,1,1,1,4,0,0
5285,0,5,2,0,1,5,1,0,0,10,0,0,2,2,7,2,0,2,2,0,7,1,6,0
5286,1,2,2,3,1,2,1,0,0,3,1,1,2,2,7,7,0,2,1,4,1,4,1,2
5287,1,5,3,2,0,8,1,0,1,0,1,0,2,1,6,7,0,2,1,0,7,4,0,1
5288,1,2,3,9,0,2,1,0,0,2,0,1,1,1,4,0,0,2,1,2,1,5,4,2
5289,1,2,2,3,1,2,1,0,0,10,1,1,2,2,7,7,0,2,1,4,1,3,1,0
5290,1,2,2,0,1,2,1,0,0,3,1,1,2,2,7,7,0,2,1,4,1,3,1,0
5291,0,2,2,2,1,5,1,0,0,1,0,0,2,2,2,7,0,2,2,0,7,1,6,1
5292,1,5,3,2,0,8,1,0,1,0,1,0,1,1,7,6,0,2,1,0,7,4,0,1
5293,1,2,0,3,0,2,1,0,0,7,0,1,1,1,0,0,0,2,1,2,1,5,1,0
5294,1,2,3,9,0,2,1,0,0,2,0,1,1,1,0,0,0,2,1,2,1,5,0,2
5295,0,5,2,4,1,5,1,0,0,1,0,0,2,2,2,7,0,2,2,0,7,1,6,1
5296,1,2,2,3,1,2,1,0,0,7,1,1,0,0,7,7,0,2,1,4,1,3,1,0
5297,1,5,3,4,0,7,1,0,1,0,1,0,2,2,6,7,0,2,1,0,7,4,2,1
5298,1,2,2,8,1,2,1,0,0,7,1,1,2,2,7,7,0,2,1,4,1,3,1,2
5299,0,5,0,1,0,5,1,1,1,10,0,1,2,2,7,4,0,2,1,0,7,4,2,0
5300,1,2,2,3,1,2,1,0,0,10,1,1,0,2,7,7,0,2,1,4,1,4,1,0
5301,1,2,0,3,0,2,1,0,0,7,0,1,1,1,4,6,0,2,1,2,1,4,4,0
5302,0,5,3,6,0,5,1,0,1,10,0,0,2,0,7,7,0,2,1,1,1,5,0,0
5303,1,5,0,9,0,2,1,0,0,2,0,1,1,1,6,0,0,2,1,2,1,4,4,2
5304,1,5,3,4,0,2,1,0,1,0,1,0,2,1,6,6,0,2,1,0,7,4,2,1
5305,1,5,3,4,0,7,1,0,1,0,1,0,2,2,7,7,0,2,1,0,7,4,2,1
5306,0,2,3,2,1,5,1,0,0,10,0,0,2,2,2,7,0,2,2,0,7,1,6,0
5307,1,5,2,3,1,2,1,0,0,10,1,1,2,0,7,7,0,2,1,4,1,4,5,0
5308,0,3,3,4,1,5,1,0,0,10,0,0,2,2,7,2,0,2,2,0,7,1,6,0
5309,0,2,3,2,1,5,1,0,0,1,0,0,2,2,7,7,0,2,2,0,7,1,6,1
5310,1,5,3,4,0,2,1,0,1,0,1,0,2,1,6,6,0,2,1,0,7,4,4,1
5311,1,0,3,4,0,5,1,0,1,10,0,0,1,3,7,8,0,2,1,0,7,4,0,0
5312,1,5,3,4,0,7,1,0,1,0,1,0,2,2,7,6,0,2,1,0,7,4,4,1
5313,0,2,3,0,1,5,1,0,0,1,0,0,2,2,7,2,0,2,2,0,7,1,6,1
5314,1,5,2,8,1,2,1,0,0,3,1,1,0,2,7,7,0,2,1,4,1,4,1,2
5315,1,2,3,9,0,2,1,0,0,7,0,1,1,1,6,0,0,2,1,2,1,4,1,2
5316,0,2,3,4,1,5,1,0,0,10,0,0,2,2,7,7,0,2,2,0,7,1,6,0
5317,1,0,3,8,1,5,1,0,0,2,0,1,2,2,7,7,0,2,2,4,5,4,3,2
5318,0,5,3,4,0,5,1,1,1,10,0,1,2,0,7,4,0,2,1,0,7,4,2,0
5319,1,2,3,9,0,2,1,0,0,2,0,1,1,1,4,6,0,2,1,2,1,4,4,2
5320,1,5,2,0,1,2,1,0,0,3,1,1,0,2,7,7,0,2,1,4,1,3,1,2
5321,1,5,3,4,0,7,1,0,1,0,1,0,2,2,7,6,0,2,1,0,7,4,2,1
5322,1,5,2,3,1,2,1,0,0,3,1,1,2,2,7,7,0,2,1,4,1,3,5,2
5323,1,2,2,3,1,2,1,0,0,10,1,1,2,0,7,7,0,2,1,4,1,3,5,0
5324,1,5,3,4,0,2,1,0,1,0,1,0,1,2,7,7,0,2,1,0,7,4,4,1
5325,0,2,3,8,0,5,1,0,1,7,0,0,2,0,7,7,0,2,1,1,1,4,0,2
5326,1,5,3,4,0,7,1,0,1,0,1,0,1,2,6,7,0,2,1,0,7,4,2,1
5327,1,2,0,3,0,2,1,0,0,2,0,1,1,1,4,0,0,2,1,2,1,4,1,2
5328,1,5,3,2,0,8,1,0,1,0,1,0,1,2,6,6,0,2,1,0,7,4,2,1
5329,1,5,2,8,1,2,1,0,0,10,1,1,2,2,7,7,0,2,1,4,1,4,1,0
5330,1,2,3,3,0,2,1,0,0,7,0,1,1,1,4,0,0,2,1,2,1,4,0,0
5331,1,5,2,8,1,2,1,0,0,3,1,1,2,0,7,7,0,2,1,4,1,3,5,2
5332,1,3,3,9,0,5,1,0,1,10,0,0,1,3,7,4,0,2,1,0,7,4,0,0
5333,1,2,2,8,1,2,1,0,0,10,1,1,2,0,7,7,0,2,1,4,1,4,5,0
5334,1,2,2,3,1,2,1,0,0,3,1,1,0,0,7,7,0,2,1,4,1,4,5,2
5335,0,5,3,1,0,5,1,1,1,10,0,1,0,2,7,4,0,2,1,0,7,4,2,0
5336,1,5,2,8,1,2,1,0,0,3,1,1,2,2,7,7,0,2,1,4,1,4,5,2
5337,1,5,3,4,0,7,1,0,1,0,1,0,1,1,7,6,0,2,1,0,7,4,4,1
5338,1,2,3,5,1,5,1,0,0,8,0,1,2,2,7,7,0,2,2,4,5,4,1,0
5339,1,2,3,9,0,2,1,0,0,7,0,1,1,1,6,0,0,2,1,2,1,5,4,2
5340,0,5,2,5,1,5,1,0,0,1,0,0,2,2,2,2,0,2,2,0,7,1,6,1
5341,1,2,3,0,1,5,1,0,0,8,0,1,2,2,7,7,0,2,2,4,5,4,1,0
5342,1,5,0,9,0,5,1,0,1,10,0,0,1,3,7,4,0,2,1,0,7,4,0,0
5343,1,2,3,9,0,2,1,0,0,3,0,1,1,1,6,0,0,2,1,2,1,5,4,2
5344,0,2,0,4,0,5,1,1,1,10,0,1,0,0,7,4,0,2,1,0,7,4,2,0
5345,0,5,0,4,0,5,1,1,1,10,0,1,0,2,7,4,0,2,1,0,7,4,2,0
5346,1,5,3,4,0,8,1,0,1,0,1,0,2,1,7,6,0,2,1,0,7,4,2,1
5347,1,2,2,3,1,2,1,0,0,7,1,1,0,2,7,7,0,2,1,4,1,4,5,0
5348,1,5,2,0,1,2,1,0,0,3,1,1,0,0,7,7,0,2,1,4,1,3,5,2
5349,1,2,2,3,1,2,1,0,0,10,1,1,2,2,7,7,0,2,1,4,1,4,1,0
5350,1,5,2,0,1,2,1,0,0,3,1,1,0,0,7,7,0,2,1,4,1,3,1,2
5351,0,5,3,6,0,5,1,0,1,3,0,0,2,0,7,7,0,2,1,1,1,4,0,2
5352,1,2,3,9,0,2,1,0,0,3,0,1,1,1,0,0,0,2,1,2,1,5,0,2
5353,1,2,2,3,1,2,1,0,0,3,1,1,0,2,7,7,0,2,1,4,1,3,5,2
5354,1,5,3,4,0,2,1,0,1,0,1,0,2,2,6,6,0,2,1,0,7,4,4,1
5355,1,2,3,9,0,2,1,0,0,3,0,1,1,1,6,0,0,2,1,2,1,5,1,2
5356,1,2,2,8,1,2,1,0,0,10,1,1,0,0,7,7,0,2,1,4,1,4,5,0
5357,1,5,2,8,1,2,1,0,0,10,1,1,0,2,7,7,0,2,1,4,1,3,5,0
5358,1,2,3,3,0,2,1,0,0,7,0,1,1,1,6,6,0,2,1,2,1,5,4,0
5359,1,2,3,9,0,2,1,0,0,3,0,1,1,1,0,0,0,2,1,2,1,5,4,2
5360,1,5,3,4,0,2,1,0,1,0,1,0,2,2,6,7,0,2,1,0,7,4,0,1
5361,1,5,3,9,0,5,1,0,1,10,0,0,1,3,7,4,0,2,1,0,7,4,0,0
5362,0,2,2,4,1,5,1,0,0,1,0,0,2,2,2,2,0,2,2,0,7,1,6,1
5363,1,2,3,9,0,2,1,0,0,7,0,1,1,1,6,6,0,2,1,2,1,5,0,2
5364,1,2,2,3,1,2,1,0,0,3,1,1,2,0,7,7,0,2,1,4,1,3,5,2
5365,1,5,3,4,0,8,1,0,1,0,1,0,1,2,6,6,0,2,1,0,7,4,2,1
5366,1,2,3,9,0,2,1,0,0,3,0,1,1,1,4,0,0,2,1,2,1,4,0,2
5367,1,2,3,9,0,2,1,0,0,2,0,1,1,1,0,4,0,2,1,2,1,5,0,2
5368,1,2,2,8,1,2,1,0,0,3,1,1,2,2,7,7,0,2,1,4,1,3,5,2
5369,1,2,2,5,1,5,1,0,0,10,0,1,2,2,7,7,0,2,2,4,5,4,3,0
5370,1,2,3,9,0,2,1,0,0,3,0,1,1,1,6,4,0,2,1,2,1,5,1,2
5371,0,3,2,5,1,5,1,0,0,10,0,0,2,2,7,2,0,2,2,0,7,1,6,0
5372,1,5,2,0,1,2,1,0,0,3,1,1,2,2,7,7,0,2,1,4,1,3,1,0
5373,1,5,2,8,1,2,1,0,0,7,1,1,0,2,7,7,0,2,1,4,1,3,1,2
5374,1,5,2,8,1,2,1,0,0,3,1,1,0,0,7,7,0,2,1,4,1,3,1,2
5375,1,5,3,4,0,2,1,0,1,0,1,0,2,2,7,7,0,2,1,0,7,4,0,1
5376,1,0,3,5,1,5,1,0,0,8,0,1,2,2,7,7,0,2,2,4,5,4,3,0
5377,1,5,2,0,1,2,1,0,0,3,1,1,0,2,7,7,0,2,1,4,1,3,5,2
5378,0,5,3,5,1,5,1,0,0,10,0,0,2,2,7,7,0,2,2,0,7,1,6,0
5379,1,5,3,4,0,7,1,0,1,0,1,0,2,1,6,7,0,2,1,0,7,4,4,1
5380,1,5,3,9,0,2,1,0,0,7,0,1,1,1,4,0,0,2,1,2,1,4,4,2
5381,1,5,2,8,1,2,1,0,0,7,1,1,2,0,7,7,0,2,1,4,1,4,5,2
5382,0,2,3,0,1,5,1,0,0,1,0,0,2,2,2,7,0,2,2,0,7,1,6,1
5383,1,2,2,0,1,2,1,0,0,10,1,1,0,2,7,7,0,2,1,4,1,4,5,0
5384,0,5,0,1,0,5,1,1,1,10,0,1,0,0,7,4,0,2,1,0,7,4,2,0
5385,0,2,2,5,1,5,1,0,0,1,0,0,2,2,7,2,0,2,2,0,7,1,6,1
5386,0,5,3,4,0,5,1,1,1,10,0,1,0,0,7,4,0,2,1,0,7,4,2,0
5387,0,2,2,5,1,5,1,0,0,10,0,0,2,2,2,2,0,2,2,0,7,1,6,0
5388,1,2,2,3,1,2,1,0,0,10,1,1,2,2,7,7,0,2,1,4,1,4,5,0
5389,0,3,2,2,1,5,1,0,0,10,0,0,2,2,7,2,0,2,2,0,7,1,6,0
5390,0,3,3,2,1,5,1,0,0,10,0,0,2,2,7,2,0,2,2,0,7,1,6,0
5391,1,2,2,8,1,2,1,0,0,7,1,1,2,0,7,7,0,2,1,4,1,4,1,2
5392,0,3,2,0,1,5,1,0,0,1,0,0,2,2,2,7,0,2,2,0,7,1,6,1
5393,1,5,2,0,1,2,1,0,0,7,1,1,0,0,7,7,0,2,1,4,1,4,1,0
5394,1,0,3,9,0,5,1,0,1,10,0,0,1,3,7,8,0,2,1,0,7,4,0,0
5395,1,5,2,8,1,2,1,0,0,3,1,1,2,2,7,7,0,2,1,4,1,3,5,2
5396,1,5,0,9,0,2,1,0,0,3,0,1,1,1,4,6,0,2,1,2,1,4,1,2
5397,1,2,3,9,0,2,1,0,0,7,0,1,1,1,6,4,0,2,1,2,1,5,4,2
5398,1,0,0,4,0,5,1,0,1,10,0,0,1,3,7,8,0,2,1,0,7,4,0,0
5399,1,2,3,9,0,2,1,0,0,7,0,1,1,1,6,6,0,2,1,2,1,5,4,2
5400,1,2,3,9,0,2,1,0,0,7,0,1,1,1,0,0,0,2,1,2,1,4,4,2
5401,0,2,3,1,0,5,1,1,1,10,0,1,2,2,7,4,0,2,1,0,7,4,2,0
5402,1,5,3,2,0,8,1,0,1,0,1,0,1,1,6,7,0,2,1,0,7,4,0,1
5403,1,2,2,8,1,2,1,0,0,3,1,1,2,2,7,7,0,2,1,4,1,3,1,2
5404,1,5,3,4,0,2,1,0,1,0,1,0,1,1,7,7,0,2,1,0,7,4,4,1
5405,1,0,3,5,1,5,1,0,0,8,0,1,2,2,7,7,0,2,2,4,5,4,1,0
5406,1,2,3,9,0,2,1,0,0,2,0,1,1,1,6,6,0,2,1,2,1,5,0,2
5407,1,5,2,0,1,2,1,0,0,10,1,1,2,0,7,7,0,2,1,4,1,3,1,0
5408,1,2,3,9,0,2,1,0,0,2,0,1,1,1,4,0,0,2,1,2,1,4,4,2
5409,1,2,2,0,1,2,1,0,0,7,1,1,0,2,7,7,0,2,1,4,1,3,1,0
5410,1,2,2,0,1,2,1,0,0,3,1,1,2,2,7,7,0,2,1,4,1,3,5,2
5411,1,5,3,4,0,8,1,0,1,0,1,0,1,1,6,6,0,2,1,0,7,4,4,1
5412,1,2,3,9,0,2,1,0,0,3,0,1,1,1,6,4,0,2,1,2,1,4,4,2
5413,0,5,2,4,1,5,1,0,0,1,0,0,2,2,7,7,0,2,2,0,7,1,6,1
5414,1,2,3,9,0,2,1,0,0,2,0,1,1,1,4,0,0,2,1,2,1,4,1,2
5415,0,2,2,0,1,5,1,0,0,1,0,0,2,2,7,2,0,2,2,0,7,1,6,1
5416,0,2,2,2,1,5,1,0,0,10,0,0,2,2,2,7,0,2,2,0,7,1,6,0
5417,0,5,2,4,1,5,1,0,0,1,0,0,2,2,2,2,0,2,2,0,7,1,6,1
5418,1,2,2,8,1,2,1,0,0,7,1,1,0,2,7,7,0,2,1,4,1,4,5,2
5419,1,2,3,9,0,2,1,0,0,3,0,1,1,1,0,6,0,2,1,2,1,4,0,2
5420,0,2,2,5,1,5,1,0,0,1,0,0,2,2,2,7,0,2,2,0,7,1,6,1
5421,0,5,2,2,1,5,1,0,0,10,0,0,2,2,7,2,0,2,2,0,7,1,6,0
5422,1,2,3,9,0,2,1,0,0,2,0,1,1,1,0,4,0,2,1,2,1,4,0,2
5423,1,0,3,0,1,5,1,0,0,2,0,1,2,2,7,7,0,2,2,4,5,4,3,1
5424,1,2,2,0,1,2,1,0,0,3,1,1,2,0,7,7,0,2,1,4,1,3,5,2
5425,1,2,2,3,1,2,1,0,0,10,1,1,0,2,7,7,0,2,1,4,1,3,1,0
5426,1,5,2,0,1,2,1,0,0,7,1,1,2,2,7,7,0,2,1,4,1,3,1,0
5427,1,5,0,9,0,2,1,0,0,3,0,1,1,1,6,4,0,2,1,2,1,5,4,2
5428,1,2,2,8,1,2,1,0,0,10,1,1,2,2,7,7,0,2,1,4,1,3,1,0
5429,1,5,2,3,1,2,1,0,0,10,1,1,0,2,7,7,0,2,1,4,1,3,5,0
5430,0,2,3,6,0,5,1,0,1,3,0,0,2,0,7,7,0,2,1,1,1,5,0,2
5431,1,2,3,9,0,2,1,0,0,7,0,1,1,1,0,6,0,2,1,2,1,4,1,2
5432,1,5,3,4,0,2,1,0,1,0,1,0,2,1,7,7,0,2,1,0,7,4,0,1
5433,1,5,2,0,1,2,1,0,0,10,1,1,0,2,7,7,0,2,1,4,1,3,1,0
5434,0,5,0,1,0,5,1,1,1,10,0,1,0,2,7,4,0,2,1,0,7,4,2,0
5435,1,5,2,3,1,2,1,0,0,3,1,1,0,2,7,7,0,2,1,4,1,4,5,2
5436,0,5,3,7,0,5,1,0,1,7,0,0,2,0,7,7,0,2,1,1,1,5,0,2
5437,1,5,0,9,0,2,1,0,0,3,0,1,1,1,0,4,0,2,1,2,1,4,4,2
5438,1,2,0,3,0,2,1,0,0,7,0,1,1,1,6,6,0,2,1,2,1,4,1,0
5439,1,2,3,8,1,5,1,0,0,2,0,1,2,2,7,7,0,2,2,4,5,4,3,2
5440,1,5,3,4,0,8,1,0,1,0,1,0,1,1,6,7,0,2,1,0,7,4,0,1
5441,1,5,3,4,0,7,1,0,1,0,1,0,1,1,7,6,0,2,1,0,7,4,2,1
5442,1,5,3,3,0,2,1,0,0,3,0,1,1,1,6,4,0,2,1,2,1,4,4,2
5443,0,5,3,5,1,5,1,0,0,1,0,0,2,2,2,2,0,2,2,0,7,1,6,1
5444,1,2,2,3,1,2,1,0,0,10,1,1,0,0,7,7,0,2,1,4,1,3,1,0
5445,1,5,2,0,1,2,1,0,0,10,1,1,2,0,7,7,0,2,1,4,1,4,1,0
5446,1,5,3,4,0,8,1,0,1,0,1,0,1,2,7,7,0,2,1,0,7,4,4,1
5447,1,5,2,3,1,2,1,0,0,3,1,1,0,2,7,7,0,2,1,4,1,3,5,2
5448,1,5,3,4,0,8,1,0,1,0,1,0,1,2,7,6,0,2,1,0,7,4,4,1
5449,1,2,2,8,1,2,1,0,0,7,1,1,0,0,7,7,0,2,1,4,1,3,1,2
5450,1,5,2,3,1,2,1,0,0,10,1,1,2,2,7,7,0,2,1,4,1,4,5,0
5451,1,5,2,3,1,2,1,0,0,10,1,1,2,0,7,7,0,2,1,4,1,3,1,0
5452,1,2,3,9,0,2,1,0,0,2,0,1,1,1,6,6,0,2,1,2,1,4,4,2
5453,1,2,3,9,0,2,1,0,0,7,0,1,1,1,4,4,0,2,1,2,1,4,4,2
5454,1,2,3,3,0,2,1,0,0,7,0,1,1,1,0,4,0,2,1,2,1,5,1,0
5455,1,5,3,9,0,2,1,0,0,2,0,1,1,1,4,6,0,2,1,2,1,5,1,2
5456,1,5,2,3,1,2,1,0,0,10,1,1,0,0,7,7,0,2,1,4,1,3,5,0
5457,1,2,2,0,1,2,1,0,0,7,1,1,0,0,7,7,0,2,1,4,1,3,5,0
5458,1,2,2,8,1,2,1,0,0,3,1,1,0,2,7,7,0,2,1,4,1,3,5,2
5459,1,2,0,3,0,2,1,0,0,7,0,1,1,1,6,4,0,2,1,2,1,5,1,0
5460,1,2,2,0,1,2,1,0,0,3,1,1,0,0,7,7,0,2,1,4,1,3,1,2
5461,1,5,3,4,0,7,1,0,1,0,1,0,2,1,7,6,0,2,1,0,7,4,0,1
5462,1,5,2,8,1,2,1,0,0,10,1,1,2,2,7,7,0,2,1,4,1,3,1,0
5463,0,3,2,2,1,5,1,0,0,1,0,0,2,2,2,7,0,2,2,0,7,1,6,1
5464,1,2,3,0,1,5,1,0,0,10,0,1,2,2,7,7,0,2,2,4,5,4,3,0
5465,1,5,3,4,0,8,1,0,1,0,1,0,2,2,6,6,0,2,1,0,7,4,4,1
5466,0,3,3,4,1,5,1,0,0,1,0,0,2,2,7,2,0,2,2,0,7,1,6,1
5467,1,2,2,8,1,2,1,0,0,10,1,1,2,2,7,7,0,2,1,4,1,4,5,0
5468,1,2,2,8,1,2,1,0,0,7,1,1,2,2,7,7,0,2,1,4,1,4,5,2
5469,1,5,3,4,0,8,1,0,1,0,1,0,1,1,7,6,0,2,1,0,7,4,0,1
5470,1,5,2,8,1,2,1,0,0,10,1,1,0,2,7,7,0,2,1,4,1,3,1,0
5471,1,5,3,4,0,8,1,0,1,0,1,0,2,2,6,7,0,2,1,0,7,4,2,1
5472,1,0,2,5,1,5,1,0,0,10,0,1,2,2,7,7,0,2,2,4,5,4,1,0
5473,1,5,3,2,0,8,1,0,1,0,1,0,1,2,6,7,0,2,1,0,7,4,0,1
5474,1,2,3,3,0,2,1,0,0,2,0,1,1,1,4,4,0,2,1,2,1,4,4,2
5475,1,5,3,9,0,2,1,0,0,2,0,1,1,1,6,4,0,2,1,2,1,4,0,2
5476,1,5,3,3,0,2,1,0,0,3,0,1,1,1,4,0,0,2,1,2,1,4,1,2
5477,1,2,3,8,1,5,1,0,0,8,0,1,2,2,7,7,0,2,2,4,5,4,3,0
5478,1,2,2,3,1,2,1,0,0,3,1,1,0,0,7,7,0,2,1,4,1,3,1,2
5479,0,3,3,5,1,5,1,0,0,10,0,0,2,2,2,2,0,2,2,0,7,1,6,0
5480,1,5,2,8,1,2,1,0,0,10,1,1,0,2,7,7,0,2,1,4,1,4,1,0
5481,0,3,2,5,1,5,1,0,0,1,0,0,2,2,7,7,0,2,2,0,7,1,6,1
5482,1,2,2,8,1,2,1,0,0,7,1,1,2,0,7,7,0,2,1,4,1,3,5,2
5483,1,5,3,4,0,8,1,0,1,0,1,0,1,2,6,7,0,2,1,0,7,4,4,1
5484,1,5,0,9,0,2,1,0,0,7,0,1,1,1,4,4,0,2,1,2,1,4,0,2
5485,1,2,3,3,0,2,1,0,0,7,0,1,1,1,6,4,0,2,1,2,1,4,4,0
5486,1,5,3,3,0,2,1,0,0,7,0,1,1,1,6,6,0,2,1,2,1,5,4,0
5487,0,5,3,2,1,5,1,0,0,10,0,0,2,2,7,2,0,2,2,0,7,1,6,0
5488,1,2,3,9,0,2,1,0,0,2,0,1,1,1,6,0,0,2,1,2,1,4,4,2
5489,1,5,3,4,0,7,1,0,1,0,1,0,1,1,6,6,0,2,1,0,7,4,0,1
5490,1,5,2,0,1,2,1,0,0,10,1,1,0,0,7,7,0,2,1,4,1,4,1,0
5491,1,2,3,9,0,2,1,0,0,3,0,1,1,1,6,0,0,2,1,2,1,5,0,2
5492,0,3,3,2,1,5,1,0,0,1,0,0,2,2,2,7,0,2,2,0,7,1,6,1
5493,1,2,3,5,1,5,1,0,0,2,0,1,2,2,7,7,0,2,2,4,5,4,3,1
5494,1,2,3,8,1,5,1,0,0,10,0,1,2,2,7,7,0,2,2,4,5,4,3,0
5495,1,2,3,9,0,2,1,0,0,2,0,1,1,1,0,0,0,2,1,2,1,5,4,2
5496,1,2,3,9,0,2,1,0,0,3,0,1,1,1,6,0,0,2,1,2,1,4,1,2
5497,0,2,3,6,0,5,1,0,1,10,0,0,2,0,7,7,0,2,1,1,1,4,0,0
5498,1,5,2,8,1,2,1,0,0,7,1,1,2,0,7,7,0,2,1,4,1,3,1,2
5499,1,5,2,8,1,2,1,0,0,7,1,1,0,0,7,7,0,2,1,4,1,3,1,2
5500,1,5,2,0,1,2,1,0,0,7,1,1,0,2,7,7,0,2,1,4,1,3,5,0
5501,1,5,3,4,0,8,1,0,1,0,1,0,2,1,7,6,0,2,1,0,7,4,4,1
5502,0,3,3,2,1,5,1,0,0,1,0,0,2,2,2,2,0,2,2,0,7,1,6,1
5503,0,3,2,5,1,5,1,0,0,10,0,0,2,2,7,7,0,2,2,0,7,1,6,0
5504,0,5,3,0,1,5,1,0,0,10,0,0,2,2,7,2,0,2,2,0,7,1,6,0
5505,1,5,2,3,1,2,1,0,0,3,1,1,2,2,7,7,0,2,1,4,1,4,1,2
5506,1,2,3,9,0,2,1,0,0,7,0,1,1,1,6,6,0,2,1,2,1,5,1,2
5507,1,5,3,4,0,8,1,0,1,0,1,0,2,1,6,6,0,2,1,0,7,4,2,1
5508,1,1,3,8,1,5,1,1,1,10,0,1,2,2,7,7,0,2,1,4,7,1,2,0
5509,1,2,2,8,1,2,1,0,0,7,1,1,0,0,7,7,0,2,1,4,1,4,1,2
5510,1,2,2,3,1,2,1,0,0,10,1,1,2,0,7,7,0,2,1,4,1,3,1,0
5511,1,5,3,2,0,8,1,0,1,0,1,0,1,1,7,6,0,2,1,0,7,4,2,1
5512,1,5,2,3,1,2,1,0,0,10,1,1,2,2,7,7,0,2,1,4,1,3,1,0
5513,1,5,3,4,0,7,1,0,1,0,1,0,1,2,7,7,0,2,1,0,7,4,0,1
5514,0,5,3,5,1,5,1,0,0,1,0,0,2,2,2,7,0,2,2,0,7,1,6,1
5515,0,2,3,8,0,5,1,0,1,3,0,0,2,0,7,7,0,2,1,1,1,5,0,2
5516,1,2,3,9,0,2,1,0,0,3,0,1,1,1,0,6,0,2,1,2,1,5,1,2
5517,1,5,3,4,0,8,1,0,1,0,1,0,2,1,6,6,0,2,1,0,7,4,0,1
5518,1,5,0,9,0,2,1,0,0,2,0,1,1,1,6,4,0,2,1,2,1,5,0,2
5519,1,5,3,4,0,7,1,0,1,0,1,0,1,2,6,6,0,2,1,0,7,4,2,1
5520,1,5,2,3,1,2,1,0,0,3,1,1,2,0,7,7,0,2,1,4,1,4,5,2
5521,1,5,3,4,0,7,1,0,1,0,1,0,1,1,7,7,0,2,1,0,7,4,0,1
5522,0,3,0,4,0,5,1,1,1,10,0,1,2,0,7,4,0,2,1,0,7,4,2,0
5523,1,5,2,8,1,2,1,0,0,7,1,1,0,2,7,7,0,2,1,4,1,4,5,2
5524,1,2,3,9,0,2,1,0,0,7,0,1,1,1,4,6,0,2,1,2,1,5,4,2
5525,0,5,3,5,1,5,1,0,0,1,0,0,2,2,7,2,0,2,2,0,7,1,6,1
5526,1,0,3,0,1,5,1,0,0,8,0,1,2,2,7,7,0,2,2,4,5,4,3,0
5527,1,2,3,3,0,2,1,0,0,3,0,1,1,1,0,0,0,2,1,2,1,4,4,2
5528,0,2,3,6,0,5,1,0,1,3,0,0,2,0,7,7,0,2,1,1,1,4,0,2
5529,1,5,3,4,0,2,1,0,1,0,1,0,2,2,7,7,0,2,1,0,7,4,2,1
5530,1,5,3,4,0,8,1,0,1,0,1,0,1,1,7,6,0,2,1,0,7,4,4,1
5531,1,2,2,0,1,2,1,0,0,7,1,1,0,0,7,7,0,2,1,4,1,4,1,0
5532,1,2,3,9,0,2,1,0,0,2,0,1,1,1,4,4,0,2,1,2,1,4,0,2
5533,1,5,3,4,0,2,1,0,1,0,1,0,2,2,7,6,0,2,1,0,7,4,0,1
5534,0,2,3,4,1,5,1,0,0,1,0,0,2,2,7,2,0,2,2,0,7,1,6,1
5535,1,5,3,4,0,2,1,0,1,0,1,0,1,1,6,7,0,2,1,0,7,4,2,1
5536,0,2,3,2,1,5,1,0,0,10,0,0,2,2,7,2,0,2,2,0,7,1,6,0
5537,0,5,3,0,1,5,1,0,0,10,0,0,2,2,7,7,0,2,2,0,7,1,6,0
5538,0,5,2,4,1,5,1,0,0,1,0,0,2,2,7,2,0,2,2,0,7,1,6,1
5539,1,2,2,8,1,2,1,0,0,10,1,1,2,0,7,7,0,2,1,4,1,4,1,0
5540,0,5,3,0,1,5,1,0,0,1,0,0,2,2,7,7,0,2,2,0,7,1,6,1
5541,1,5,0,9,0,2,1,0,0,2,0,1,1,1,4,6,0,2,1,2,1,5,1,2
5542,1,2,3,9,0,2,1,0,0,2,0,1,1,1,4,4,0,2,1,2,1,5,0,2
5543,1,2,3,9,0,2,1,0,0,2,0,1,1,1,4,4,0,2,1,2,1,5,1,2
5544,0,3,3,2,1,5,1,0,0,10,0,0,2,2,7,7,0,2,2,0,7,1,6,0
5545,1,2,2,8,1,2,1,0,0,7,1,1,2,0,7,7,0,2,1,4,1,4,5,2
5546,0,3,3,1,0,5,1,1,1,10,0,1,2,2,7,4,0,2,1,0,7,4,2,0
5547,0,3,3,4,0,5,1,1,1,10,0,1,2,2,7,4,0,2,1,0,7,4,2,0
5548,1,0,2,5,1,5,1,0,0,8,0,1,2,2,7,7,0,2,2,4,5,4,3,0
5549,1,5,3,4,0,8,1,0,1,0,1,0,1,1,6,7,0,2,1,0,7,4,4,1
5550,1,5,2,0,1,2,1,0,0,3,1,1,2,0,7,7,0,2,1,4,1,3,5,2
5551,0,2,3,6,0,5,1,0,1,7,0,0,2,0,7,7,0,2,1,1,1,4,0,0
5552,1,5,2,0,1,2,1,0,0,10,1,1,0,0,7,7,0,2,1,4,1,3,1,0
5553,0,2,3,7,0,5,1,0,1,7,0,0,2,0,7,7,0,2,1,1,1,5,0,2
5554,1,5,3,4,0,8,1,0,1,0,1,0,2,1,7,7,0,2,1,0,7,4,4,1
5555,1,5,2,8,1,2,1,0,0,7,1,1,2,2,7,7,0,2,1,4,1,4,5,2
5556,0,5,2,2,1,5,1,0,0,10,0,0,2,2,2,7,0,2,2,0,7,1,6,0
5557,0,2,3,5,1,5,1,0,0,1,0,0,2,2,7,2,0,2,2,0,7,1,6,1
5558,1,5,3,4,0,7,1,0,1,0,1,0,2,2,6,6,0,2,1,0,7,4,4,1
5559,1,5,3,4,0,2,1,0,1,0,1,0,2,1,7,7,0,2,1,0,7,4,4,1
5560,1,5,2,8,1,2,1,0,0,7,1,1,2,2,7,7,0,2,1,4,1,4,1,2
5561,1,2,3,9,0,2,1,0,0,7,0,1,1,1,6,4,0,2,1,2,1,4,4,2
5562,0,5,3,4,1,5,1,0,0,1,0,0,2,2,7,7,0,2,2,0,7,1,6,1
5563,0,5,3,2,1,5,1,0,0,1,0,0,2,2,2,7,0,2,2,0,7,1,6,1
5564,1,5,2,8,1,2,1,0,0,10,1,1,2,0,7,7,0,2,1,4,1,4,5,0
5565,1,5,3,9,0,2,1,0,0,3,0,1,1,1,0,6,0,2,1,2,1,4,1,2
5566,1,2,2,0,1,5,1,0,0,2,0,1,2,2,7,7,0,2,2,4,5,4,3,1
5567,1,2,0,9,0,2,1,0,0,3,0,1,1,1,0,6,0,2,1,2,1,4,4,2
5568,1,5,2,3,1,2,1,0,0,7,1,1,2,0,7,7,0,2,1,4,1,4,1,0
5569,0,2,2,5,1,5,1,0,0,10,0,0,2,2,2,7,0,2,2,0,7,1,6,0
5570,0,5,3,4,1,5,1,0,0,1,0,0,2,2,7,2,0,2,2,0,7,1,6,1
5571,1,0,3,8,1,5,1,0,0,8,0,1,2,2,7,7,0,2,2,4,5,4,3,0
5572,1,2,3,9,0,2,1,0,0,2,0,1,1,1,0,0,0,2,1,2,1,4,0,2
5573,1,5,3,2,0,8,1,0,1,0,1,0,1,1,6,6,0,2,1,0,7,4,0,1
5574,1,5,2,0,1,2,1,0,0,3,1,1,2,0,7,7,0,2,1,4,1,3,1,2
5575,1,5,2,0,1,2,1,0,0,3,1,1,2,2,7,7,0,2,1,4,1,4,1,0
5576,1,5,3,4,0,7,1,0,1,0,1,0,1,2,7,6,0,2,1,0,7,4,4,1
5577,1,0,3,5,1,5,1,0,0,2,0,1,2,2,7,7,0,2,2,4,5,4,1,2
5578,0,5,3,1,0,5,1,1,1,10,0,1,2,2,7,4,0,2,1,0,7,4,2,0
5579,1,5,3,4,0,2,1,0,1,0,1,0,1,2,6,6,0,2,1,0,7,4,0,1
5580,1,5,2,8,1,2,1,0,0,10,1,1,2,2,7,7,0,2,1,4,1,3,5,0
5581,1,5,3,4,0,2,1,0,1,0,1,0,1,1,6,6,0,2,1,0,7,4,0,1
5582,0,2,3,4,0,5,1,1,1,10,0,1,0,2,7,4,0,2,1,0,7,4,2,0
5583,1,5,3,4,0,8,1,0,1,0,1,0,2,1,6,7,0,2,1,0,7,4,4,1
5584,1,2,2,3,1,2,1,0,0,7,1,1,2,2,7,7,0,2,1,4,1,3,5,0
5585,1,5,3,2,0,8,1,0,1,0,1,0,1,2,7,6,0,2,1,0,7,4,0,1
5586,0,5,3,6,0,5,1,0,1,3,0,0,2,0,7,7,0,2,1,1,1,5,0,2
5587,1,0,3,5,1,5,1,0,0,10,0,1,2,2,7,7,0,2,2,4,5,4,3,0
5588,0,5,2,5,1,5,1,0,0,10,0,0,2,2,2,7,0,2,2,0,7,1,6,0
5589,1,5,3,4,0,8,1,0,1,0,1,0,1,1,7,7,0,2,1,0,7,4,2,1
5590,1,5,3,4,0,2,1,0,1,0,1,0,1,1,7,6,0,2,1,0,7,4,4,1
5591,1,2,2,3,1,2,1,0,0,10,1,1,0,0,7,7,0,2,1,4,1,4,1,0
5592,1,2,3,9,0,2,1,0,0,7,0,1,1,1,6,0,0,2,1,2,1,4,4,2
5593,1,2,3,5,1,5,1,0,0,8,0,1,2,2,7,7,0,2,2,4,5,4,3,0
5594,1,5,3,4,0,7,1,0,1,0,1,0,1,1,6,6,0,2,1,0,7,4,4,1
5595,1,5,3,4,0,7,1,0,1,0,1,0,1,2,7,6,0,2,1,0,7,4,0,1
5596,0,2,2,0,1,5,1,0,0,1,0,0,2,2,2,7,0,2,2,0,7,1,6,1
5597,1,2,2,0,1,2,1,0,0,7,1,1,2,2,7,7,0,2,1,4,1,4,5,0
5598,0,5,3,1,0,5,1,1,1,10,0,1,2,0,7,4,0,2,1,0,7,4,2,0
5599,0,5,3,8,0,5,1,0,1,10,0,0,2,0,7,7,0,2,1,1,1,5,0,0
5600,1,5,3,4,0,8,1,0,1,0,1,0,1,1,6,7,0,2,1,0,7,4,2,1
5601,0,2,3,4,0,5,1,1,1,10,0,1,2,2,7,4,0,2,1,0,7,4,2,0
5602,1,5,3,4,0,2,1,0,1,0,1,0,1,2,7,6,0,2,1,0,7,4,0,1
5603,1,5,3,4,0,7,1,0,1,0,1,0,2,2,6,7,0,2,1,0,7,4,0,1
5604,0,3,3,5,1,5,1,0,0,1,0,0,2,2,2,7,0,2,2,0,7,1,6,1
5605,1,2,2,8,1,5,1,0,0,8,0,1,2,2,7,7,0,2,2,4,5,4,3,0
5606,1,5,3,4,0,2,1,0,1,0,1,0,1,2,7,6,0,2,1,0,7,4,2,1
5607,1,2,3,9,0,2,1,0,0,2,0,1,1,1,4,4,0,2,1,2,1,4,1,2
5608,0,3,3,4,0,5,1,1,1,10,0,1,2,0,7,4,0,2,1,0,7,4,2,0
5609,1,2,2,3,1,2,1,0,0,7,1,1,0,2,7,7,0,2,1,4,1,4,1,0
5610,1,2,2,8,1,5,1,0,0,8,0,1,2,2,7,7,0,2,2,4,5,4,1,0
5611,1,2,0,3,0,2,1,0,0,3,0,1,1,1,4,6,0,2,1,2,1,5,1,2
5612,0,2,2,4,1,5,1,0,0,10,0,0,2,2,7,2,0,2,2,0,7,1,6,0
5613,1,5,0,9,0,2,1,0,0,7,0,1,1,1,6,6,0,2,1,2,1,5,0,2
5614,1,5,3,4,0,7,1,0,1,0,1,0,1,2,7,6,0,2,1,0,7,4,2,1
5615,1,5,3,2,0,8,1,0,1,0,1,0,2,1,7,6,0,2,1,0,7,4,4,1
5616,1,2,3,9,0,2,1,0,0,2,0,1,1,1,6,4,0,2,1,2,1,4,1,2
5617,1,0,2,8,1,5,1,0,0,2,0,1,2,2,7,7,0,2,2,4,5,4,1,2
5618,1,5,2,0,1,2,1,0,0,7,1,1,2,0,7,7,0,2,1,4,1,4,5,0
5619,0,2,3,0,1,5,1,0,0,10,0,0,2,2,7,2,0,2,2,0,7,1,6,0
5620,0,5,0,1,0,5,1,1,1,10,0,1,2,0,7,4,0,2,1,0,7,4,2,0
5621,1,2,2,8,1,2,1,0,0,3,1,1,0,2,7,7,0,2,1,4,1,4,5,2
5622,0,3,2,5,1,5,1,0,0,1,0,0,2,2,2,7,0,2,2,0,7,1,6,1
5623,0,3,3,4,1,5,1,0,0,1,0,0,2,2,2,7,0,2,2,0,7,1,6,1
5624,0,5,3,0,1,5,1,0,0,1,0,0,2,2,2,2,0,2,2,0,7,1,6,1
5625,1,5,0,9,0,2,1,0,0,3,0,1,1,1,6,0,0,2,1,2,1,5,1,2
5626,1,2,2,3,1,2,1,0,0,3,1,1,0,2,7,7,0,2,1,4,1,4,1,2
5627,1,2,3,9,0,2,1,0,0,2,0,1,1,1,0,0,0,2,1,2,1,4,4,2
5628,0,5,3,2,1,5,1,0,0,1,0,0,2,2,7,2,0,2,2,0,7,1,6,1
5629,1,2,2,0,1,2,1,0,0,7,1,1,0,2,7,7,0,2,1,4,1,4,1,0
5630,0,5,3,4,0,5,1,1,1,10,0,1,2,2,7,4,0,2,1,0,7,4,2,0
5631,1,2,3,9,0,2,1,0,0,2,0,1,1,1,6,4,0,2,1,2,1,4,0,2
5632,1,2,0,3,0,2,1,0,0,2,0,1,1,1,0,4,0,2,1,2,1,4,0,2
5633,1,0,3,0,1,5,1,0,0,8,0,1,2,2,7,7,0,2,2,4,5,4,1,0
5634,1,5,3,2,0,8,1,0,1,0,1,0,1,2,7,6,0,2,1,0,7,4,4,1
5635,1,2,3,9,0,2,1,0,0,7,0,1,1,1,0,4,0,2,1,2,1,5,4,2
5636,1,2,0,9,0,2,1,0,0,2,0,1,1,1,4,6,0,2,1,2,1,4,4,2
5637,1,2,3,8,1,5,1,0,0,2,0,1,2,2,7,7,0,2,2,4,5,4,1,2
5638,0,3,2,2,1,5,1,0,0,1,0,0,2,2,7,2,0,2,2,0,7,1,6,1
5639,1,2,3,9,0,2,1,0,0,2,0,1,1,1,4,4,0,2,1,2,1,4,4,2
5640,0,3,2,4,1,5,1,0,0,1,0,0,2,2,7,2,0,2,2,0,7,1,6,1
5641,1,2,3,9,0,5,1,0,1,10,0,0,1,3,7,4,0,2,1,0,7,4,0,0
5642,1,2,3,3,0,2,1,0,0,2,0,1,1,1,6,4,0,2,1,2,1,5,4,2
5643,1,2,3,9,0,2,1,0,0,2,0,1,1,1,6,0,0,2,1,2,1,4,1,2
5644,1,5,3,2,0,8,1,0,1,0,1,0,1,2,6,7,0,2,1,0,7,4,4,1
5645,0,2,2,0,1,5,1,0,0,10,0,0,2,2,2,2,0,2,2,0,7,1,6,0
5646,1,2,2,8,1,2,1,0,0,10,1,1,0,2,7,7,0,2,1,4,1,4,5,0
5647,1,5,2,8,1,2,1,0,0,10,1,1,0,0,7,7,0,2,1,4,1,3,1,0
5648,1,2,3,3,0,2,1,0,0,3,0,1,1,1,6,6,0,2,1,2,1,5,0,2
5649,0,2,3,5,1,5,1,0,0,10,0,0,2,2,2,7,0,2,2,0,7,1,6,0
5650,1,2,3,9,0,2,1,0,0,7,0,1,1,1,4,4,0,2,1,2,1,5,1,2
5651,1,2,3,9,0,2,1,0,0,7,0,1,1,1,4,4,0,2,1,2,1,5,4,2
5652,0,3,2,2,1,5,1,0,0,10,0,0,2,2,2,2,0,2,2,0,7,1,6,0
5653,0,5,3,4,1,5,1,0,0,1,0,0,2,2,2,2,0,2,2,0,7,1,6,1
5654,1,5,3,9,0,2,1,0,0,3,0,1,1,1,6,4,0,2,1,2,1,4,1,2
5655,1,2,2,0,1,2,1,0,0,7,1,1,2,0,7,7,0,2,1,4,1,4,1,0
5656,1,5,3,3,0,2,1,0,0,2,0,1,1,1,6,6,0,2,1,2,1,4,0,2
5657,1,2,2,3,1,2,1,0,0,10,1,1,0,0,7,7,0,2,1,4,1,3,5,0
5658,1,5,2,8,1,2,1,0,0,7,1,1,0,2,7,7,0,2,1,4,1,4,1,2
5659,1,5,0,4,0,5,1,0,1,10,0,0,1,3,7,8,0,2,1,0,7,4,0,0
5660,1,2,2,0,1,2,1,0,0,3,1,1,2,0,7,7,0,2,1,4,1,3,1,2
5661,0,2,3,2,1,5,1,0,0,1,0,0,2,2,2,2,0,2,2,0,7,1,6,1
5662,1,2,3,9,0,2,1,0,0,2,0,1,1,1,6,4,0,2,1,2,1,5,1,2
5663,1,5,2,0,1,2,1,0,0,7,1,1,2,0,7,7,0,2,1,4,1,3,5,0
5664,0,3,0,4,0,5,1,1,1,10,0,1,0,2,7,4,0,2,1,0,7,4,2,0
5665,1,2,3,9,0,2,1,0,0,7,0,1,1,1,0,0,0,2,1,2,1,5,1,2
5666,0,3,3,1,0,5,1,1,1,10,0,1,0,0,7,4,0,2,1,0,7,4,2,0
5667,1,5,0,3,0,2,1,0,0,7,0,1,1,1,6,6,0,2,1,2,1,5,4,0
5668,1,5,3,4,0,8,1,0,1,0,1,0,1,1,7,7,0,2,1,0,7,4,4,1
5669,0,2,3,5,1,5,1,0,0,10,0,0,2,2,7,7,0,2,2,0,7,1,6,0
5670,1,5,2,0,1,2,1,0,0,3,1,1,0,0,7,7,0,2,1,4,1,4,1,2
5671,1,5,3,3,0,2,1,0,0,3,0,1,1,1,0,4,0,2,1,2,1,5,0,2
5672,1,2,3,9,0,2,1,0,0,7,0,1,1,1,6,0,0,2,1,2,1,5,1,2
5673,1,5,3,2,0,8,1,0,1,0,1,0,2,1,6,6,0,2,1,0,7,4,0,1
5674,0,2,3,6,0,5,1,0,1,10,0,0,2,0,7,7,0,2,1,1,1,5,0,0
5675,1,2,3,9,0,2,1,0,0,7,0,1,1,1,4,0,0,2,1,2,1,5,4,2
5676,1,5,2,3,1,2,1,0,0,3,1,1,0,0,7,7,0,2,1,4,1,4,1,2
5677,1,5,2,8,1,2,1,0,0,10,1,1,0,0,7,7,0,2,1,4,1,4,1,0
5678,1,2,2,0,1,2,1,0,0,10,1,1,0,2,7,7,0,2,1,4,1,3,1,0
5679,0,5,3,4,1,5,1,0,0,10,0,0,2,2,2,2,0,2,2,0,7,1,6,0
5680,1,2,0,9,0,5,1,0,1,10,0,0,1,3,7,4,0,2,1,0,7,4,0,0
5681,0,2,3,7,0,5,1,0,1,10,0,0,2,0,7,7,0,2,1,1,1,4,0,0
5682,1,5,3,4,0,8,1,0,1,0,1,0,2,2,6,6,0,2,1,0,7,4,2,1
5683,0,5,2,4,1,5,1,0,0,10,0,0,2,2,7,7,0,2,2,0,7,1,6,0
5684,1,5,2,8,1,2,1,0,0,10,1,1,0,2,7,7,0,2,1,4,1,4,5,0
5685,1,2,3,9,0,2,1,0,0,7,0,1,1,1,6,0,0,2,1,2,1,4,0,2
5686,0,2,2,0,1,5,1,0,0,1,0,0,2,2,2,2,0,2,2,0,7,1,6,1
5687,0,3,0,1,0,5,1,1,1,10,0,1,2,2,7,4,0,2,1,0,7,4,2,0
5688,1,5,2,3,1,2,1,0,0,7,1,1,2,0,7,7,0,2,1,4,1,4,5,0
5689,1,2,3,3,0,2,1,0,0,3,0,1,1,1,6,4,0,2,1,2,1,4,4,2
5690,1,5,3,2,0,8,1,0,1,0,1,0,2,1,6,7,0,2,1,0,7,4,2,1
5691,0,2,3,5,1,5,1,0,0,1,0,0,2,2,2,7,0,2,2,0,7,1,6,1
5692,0,3,3,5,1,5,1,0,0,10,0,0,2,2,7,7,0,2,2,0,7,1,6,0
5693,1,5,3,9,0,2,1,0,0,3,0,1,1,1,6,0,0,2,1,2,1,4,1,2
5694,1,5,3,4,0,8,1,0,1,0,1,0,1,1,7,7,0,2,1,0,7,4,0,1
5695,0,2,2,4,1,5,1,0,0,1,0,0,2,2,2,7,0,2,2,0,7,1,6,1
5696,1,2,3,9,0,2,1,0,0,3,0,1,1,1,6,6,0,2,1,2,1,5,1,2
5697,1,5,3,4,0,7,1,0,1,0,1,0,2,2,6,6,0,2,1,0,7,4,0,1
5698,0,2,2,4,1,5,1,0,0,10,0,0,2,2,2,2,0,2,2,0,7,1,6,0
5699,1,2,3,9,0,2,1,0,0,7,0,1,1,1,6,6,0,2,1,2,1,4,0,2
5700,1,2,3,9,0,2,1,0,0,7,0,1,1,1,4,6,0,2,1,2,1,4,4,2
5701,1,2,3,9,0,2,1,0,0,2,0,1,1,1,0,4,0,2,1,2,1,5,4,2
5702,0,2,0,1,0,5,1,1,1,10,0,1,0,2,7,4,0,2,1,0,7,4,2,0
5703,1,0,3,0,1,5,1,0,0,10,0,1,2,2,7,7,0,2,2,4,5,4,1,0
5704,0,3,3,2,1,5,1,0,0,10,0,0,2,2,2,7,0,2,2,0,7,1,6,0
5705,1,5,2,0,1,2,1,0,0,10,1,1,0,0,7,7,0,2,1,4,1,4,5,0
5706,1,5,2,3,1,2,1,0,0,10,1,1,2,2,7,7,0,2,1,4,1,4,1,0
5707,1,2,3,9,0,2,1,0,0,7,0,1,1,1,0,4,0,2,1,2,1,4,1,2
5708,1,5,2,3,1,2,1,0,0,7,1,1,2,2,7,7,0,2,1,4,1,3,5,0
5709,1,5,3,2,0,8,1,0,1,0,1,0,2,1,6,7,0,2,1,0,7,4,4,1
5710,1,2,2,8,1,2,1,0,0,7,1,1,0,0,7,7,0,2,1,4,1,4,5,2
5711,0,2,2,5,1,5,1,0,0,10,0,0,2,2,7,7,0,2,2,0,7,1,6,0
5712,1,2,2,0,1,2,1,0,0,3,1,1,2,2,7,7,0,2,1,4,1,4,1,0
5713,1,5,3,2,0,8,1,0,1,0,1,0,1,1,7,6,0,2,1,0,7,4,4,1
5714,0,2,3,8,0,5,1,0,1,9,0,0,2,0,7,7,0,2,1,1,1,4,0,0
5715,0,5,3,5,1,5,1,0,0,10,0,0,2,2,7,2,0,2,2,0,7,1,6,0
5716,1,5,2,0,1,2,1,0,0,7,1,1,2,2,7,7,0,2,1,4,1,4,5,0
5717,1,3,1,8,1,5,1,1,1,10,0,1,2,2,7,7,0,2,1,4,7,1,2,0
5718,1,2,2,3,1,2,1,0,0,7,1,1,2,2,7,7,0,2,1,4,1,3,1,0
5719,1,5,3,4,0,7,1,0,1,0,1,0,2,2,6,7,0,2,1,0,7,4,4,1
5720,0,3,2,2,1,5,1,0,0,10,0,0,2,2,7,7,0,2,2,0,7,1,6,0
5721,1,5,3,4,0,8,1,0,1,0,1,0,1,2,6,7,0,2,1,0,7,4,0,1
5722,1,5,3,4,0,7,1,0,1,0,1,0,2,2,7,7,0,2,1,0,7,4,4,1
5723,1,2,2,8,1,2,1,0,0,3,1,1,0,0,7,7,0,2,1,4,1,3,1,2
5724,0,2,2,2,1,5,1,0,0,1,0,0,2,2,7,2,0,2,2,0,7,1,6,1
5725,1,2,2,0,1,2,1,0,0,7,1,1,2,2,7,7,0,2,1,4,1,3,1,0
5726,1,0,2,8,1,5,1,0,0,8,0,1,2,2,7,7,0,2,2,4,5,4,3,0
5727,0,2,0,4,0,5,1,1,1,10,0,1,0,2,7,4,0,2,1,0,7,4,2,0
5728,1,2,2,3,1,2,1,0,0,7,1,1,2,2,7,7,0,2,1,4,1,4,5,0
5729,1,5,2,8,1,2,1,0,0,3,1,1,2,2,7,7,0,2,1,4,1,4,1,2
5730,1,2,3,9,0,2,1,0,0,7,0,1,1,1,6,4,0,2,1,2,1,4,1,2
5731,0,5,2,0,1,5,1,0,0,1,0,0,2,2,2,7,0,2,2,0,7,1,6,1
5732,0,2,3,4,1,5,1,0,0,10,0,0,2,2,2,7,0,2,2,0,7,1,6,0
5733,0,5,3,6,0,5,1,0,1,9,0,0,2,0,7,7,0,2,1,1,1,4,0,0
5734,0,3,2,0,1,5,1,0,0,1,0,0,2,2,2,2,0,2,2,0,7,1,6,1
5735,1,5,2,8,1,2,1,0,0,3,1,1,2,0,7,7,0,2,1,4,1,4,5,2
5736,1,5,3,4,0,8,1,0,1,0,1,0,2,1,6,7,0,2,1,0,7,4,0,1
5737,0,5,3,0,1,5,1,0,0,10,0,0,2,2,2,2,0,2,2,0,7,1,6,0
5738,1,2,3,8,1,5,1,0,0,10,0,1,2,2,7,7,0,2,2,4,5,4,1,0
5739,1,2,2,0,1,2,1,0,0,10,1,1,2,0,7,7,0,2,1,4,1,3,5,0
5740,1,5,2,3,1,2,1,0,0,7,1,1,2,2,7,7,0,2,1,4,1,4,1,0
5741,0,3,2,4,1,5,1,0,0,10,0,0,2,2,7,7,0,2,2,0,7,1,6,0
5742,1,2,2,3,1,2,1,0,0,7,1,1,2,0,7,7,0,2,1,4,1,3,1,0
5743,0,3,3,5,1,5,1,0,0,1,0,0,2,2,2,2,0,2,2,0,7,1,6,1
5744,1,2,3,0,1,5,1,0,0,2,0,1,2,2,7,7,0,2,2,4,5,4,3,1
5745,1,5,3,4,0,7,1,0,1,0,1,0,1,2,6,7,0,2,1,0,7,4,0,1
5746,1,2,3,9,0,2,1,0,0,2,0,1,1,1,6,4,0,2,1,2,1,4,4,2
5747,1,5,2,0,1,2,1,0,0,10,1,1,0,0,7,7,0,2,1,4,1,3,5,0
5748,0,3,0,1,0,5,1,1,1,10,0,1,2,0,7,4,0,2,1,0,7,4,2,0
5749,1,2,2,3,1,2,1,0,0,7,1,1,2,0,7,7,0,2,1,4,1,4,5,0
5750,1,2,2,8,1,2,1,0,0,10,1,1,0,2,7,7,0,2,1,4,1,4,1,0
5751,1,0,2,0,1,5,1,0,0,8,0,1,2,2,7,7,0,2,2,4,5,4,3,0
5752,1,0,2,5,1,5,1,0,0,8,0,1,2,2,7,7,0,2,2,4,5,4,1,0
5753,1,2,2,8,1,2,1,0,0,10,1,1,2,0,7,7,0,2,1,4,1,3,1,0
5754,0,5,3,4,1,5,1,0,0,10,0,0,2,2,7,2,0,2,2,0,7,1,6,0
5755,1,5,3,4,0,7,1,0,1,0,1,0,2,1,7,7,0,2,1,0,7,4,2,1
5756,1,5,3,3,0,2,1,0,0,2,0,1,1,1,0,4,0,2,1,2,1,4,1,2
5757,0,5,2,0,1,5,1,0,0,10,0,0,2,2,7,7,0,2,2,0,7,1,6,0
5758,1,5,3,4,0,2,1,0,1,0,1,0,1,2,7,7,0,2,1,0,7,4,2,1
5759,1,5,2,0,1,2,1,0,0,7,1,1,2,2,7,7,0,2,1,4,1,3,5,0
5760,1,2,2,5,1,5,1,0,0,2,0,1,2,2,7,7,0,2,2,4,5,4,1,2
5761,1,5,3,4,0,8,1,0,1,0,1,0,1,2,7,6,0,2,1,0,7,4,2,1
5762,1,5,2,8,1,2,1,0,0,3,1,1,0,0,7,7,0,2,1,4,1,4,5,2
5763,1,2,2,8,1,2,1,0,0,3,1,1,2,2,7,7,0,2,1,4,1,4,5,2
5764,0,2,3,6,0,5,1,0,1,9,0,0,2,0,7,7,0,2,1,1,1,5,0,0
5765,1,2,2,8,1,2,1,0,0,3,1,1,0,2,7,7,0,2,1,4,1,3,1,2
5766,1,2,2,8,1,2,1,0,0,7,1,1,0,2,7,7,0,2,1,4,1,3,5,2
5767,0,5,3,8,0,5,1,0,1,9,0,0,2,0,7,7,0,2,1,1,1,4,0,0
5768,1,5,3,4,0,7,1,0,1,0,1,0,2,1,6,6,0,2,1,0,7,4,0,1
5769,0,3,3,0,1,5,1,0,0,10,0,0,2,2,7,7,0,2,2,0,7,1,6,0
5770,1,5,3,4,0,2,1,0,1,0,1,0,1,1,6,7,0,2,1,0,7,4,0,1
5771,1,5,3,4,0,8,1,0,1,0,1,0,1,1,6,6,0,2,1,0,7,4,2,1
5772,1,5,2,0,1,2,1,0,0,7,1,1,0,0,7,7,0,2,1,4,1,3,5,0
5773,0,2,3,6,0,5,1,0,1,7,0,0,2,0,7,7,0,2,1,1,1,5,0,0
5774,1,0,2,5,1,5,1,0,0,2,0,1,2,2,7,7,0,2,2,4,5,4,1,2
5775,1,5,2,0,1,2,1,0,0,7,1,1,0,0,7,7,0,2,1,4,1,4,5,0
5776,0,2,3,1,0,5,1,1,1,10,0,1,0,0,7,4,0,2,1,0,7,4,2,0
5777,0,5,3,7,0,5,1,0,1,7,0,0,2,0,7,7,0,2,1,1,1,4,0,2
5778,1,5,2,0,1,2,1,0,0,10,1,1,2,0,7,7,0,2,1,4,1,4,5,0
5779,0,5,3,8,0,5,1,0,1,10,0,0,2,0,7,7,0,2,1,1,1,4,0,0
5780,1,5,3,4,0,8,1,0,1,0,1,0,1,1,7,6,0,2,1,0,7,4,2,1
5781,0,5,2,5,1,5,1,0,0,1,0,0,2,2,2,7,0,2,2,0,7,1,6,1
5782,1,2,2,5,1,5,1,0,0,8,0,1,2,2,7,7,0,2,2,4,5,4,3,0
5783,1,2,3,4,0,5,1,0,1,10,0,0,1,3,7,8,0,2,1,0,7,4,0,0
5784,1,2,3,9,0,2,1,0,0,2,0,1,1,1,6,6,0,2,1,2,1,5,4,2
5785,1,2,2,8,1,2,1,0,0,3,1,1,2,0,7,7,0,2,1,4,1,4,1,2
5786,1,5,3,3,0,2,1,0,0,3,0,1,1,1,0,0,0,2,1,2,1,4,1,2
5787,0,2,3,2,1,5,1,0,0,10,0,0,2,2,2,2,0,2,2,0,7,1,6,0
5788,1,2,2,0,1,5,1,0,0,10,0,1,2,2,7,7,0,2,2,4,5,4,1,0
5789,1,0,2,5,1,5,1,0,0,10,0,1,2,2,7,7,0,2,2,4,5,4,3,0
5790,1,5,3,4,0,7,1,0,1,0,1,0,2,1,6,6,0,2,1,0,7,4,2,1
5791,1,5,2,0,1,2,1,0,0,7,1,1,0,2,7,7,0,2,1,4,1,4,5,0
5792,1,5,3,9,0,2,1,0,0,3,0,1,1,1,6,0,0,2,1,2,1,5,4,2
5793,1,0,3,8,1,5,1,0,0,2,0,1,2,2,7,7,0,2,2,4,5,4,1,2
5794,0,2,3,4,0,5,1,1,1,10,0,1,2,0,7,4,0,2,1,0,7,4,2,0
5795,1,2,0,9,0,2,1,0,0,2,0,1,1,1,6,6,0,2,1,2,1,5,1,2
5796,1,2,3,9,0,2,1,0,0,3,0,1,1,1,6,0,0,2,1,2,1,4,4,2
5797,1,2,3,9,0,2,1,0,0,7,0,1,1,1,4,6,0,2,1,2,1,4,1,2
5798,1,5,2,3,1,2,1,0,0,3,1,1,2,0,7,7,0,2,1,4,1,3,5,2
5799,1,5,3,2,0,8,1,0,1,0,1,0,2,1,7,6,0,2,1,0,7,4,2,1
5800,1,5,3,9,0,5,1,0,1,10,0,0,1,3,7,8,0,2,1,0,7,4,0,0
5801,1,5,3,4,0,2,1,0,1,0,1,0,1,1,6,7,0,2,1,0,7,4,4,1
5802,1,2,2,8,1,2,1,0,0,3,1,1,2,0,7,7,0,2,1,4,1,3,1,2
5803,1,2,0,3,0,2,1,0,0,7,0,1,1,1,0,4,0,2,1,2,1,5,1,0
5804,0,2,0,4,0,5,1,1,1,10,0,1,2,2,7,4,0,2,1,0,7,4,2,0
5805,1,5,2,3,1,2,1,0,0,10,1,1,0,2,7,7,0,2,1,4,1,3,1,0
5806,1,2,2,0,1,2,1,0,0,3,1,1,0,0,7,7,0,2,1,4,1,4,5,2
5807,0,2,2,2,1,5,1,0,0,1,0,0,2,2,2,2,0,2,2,0,7,1,6,1
5808,1,5,2,0,1,2,1,0,0,3,1,1,2,2,7,7,0,2,1,4,1,3,5,2
5809,1,2,3,9,0,2,1,0,0,7,0,1,1,1,0,4,0,2,1,2,1,4,0,2
5810,1,5,3,4,0,2,1,0,1,0,1,0,2,1,6,6,0,2,1,0,7,4,0,1
5811,1,2,2,8,1,2,1,0,0,7,1,1,2,2,7,7,0,2,1,4,1,4,1,2
5812,1,2,2,3,1,2,1,0,0,3,1,1,2,2,7,7,0,2,1,4,1,3,1,2
5813,1,2,3,9,0,2,1,0,0,7,0,1,1,1,4,4,0,2,1,2,1,4,1,2
5814,0,2,0,1,0,5,1,1,1,10,0,1,2,2,7,4,0,2,1,0,7,4,2,0
5815,1,5,3,4,0,7,1,0,1,0,1,0,1,1,6,6,0,2,1,0,7,4,2,1
5816,0,3,3,2,1,5,1,0,0,1,0,0,2,2,7,2,0,2,2,0,7,1,6,1
5817,1,5,3,4,0,8,1,0,1,0,1,0,1,2,7,7,0,2,1,0,7,4,2,1
5818,1,2,2,8,1,2,1,0,0,7,1,1,2,0,7,7,0,2,1,4,1,3,1,2
5819,1,5,3,2,0,8,1,0,1,0,1,0,2,1,6,6,0,2,1,0,7,4,2,1
5820,0,5,2,4,1,5,1,0,0,10,0,0,2,2,2,2,0,2,2,0,7,1,6,0
5821,1,2,3,3,0,2,1,0,0,3,0,1,1,1,6,6,0,2,1,2,1,4,4,2
5822,1,5,2,8,1,2,1,0,0,10,1,1,0,0,7,7,0,2,1,4,1,4,5,0
5823,0,2,2,2,1,5,1,0,0,10,0,0,2,2,2,2,0,2,2,0,7,1,6,0
5824,1,2,3,9,0,2,1,0,0,7,0,1,1,1,0,6,0,2,1,2,1,4,0,2
5825,1,2,3,9,0,2,1,0,0,7,0,1,1,1,4,6,0,2,1,2,1,4,0,2
5826,0,2,3,2,1,5,1,0,0,1,0,0,2,2,2,7,0,2,2,0,7,1,6,1
5827,1,2,2,3,1,2,1,0,0,7,1,1,0,0,7,7,0,2,1,4,1,4,1,0
5828,0,3,2,4,1,5,1,0,0,1,0,0,2,2,2,7,0,2,2,0,7,1,6,1
5829,1,2,3,9,0,2,1,0,0,7,0,1,1,1,4,0,0,2,1,2,1,5,0,2
5830,1,5,2,8,1,2,1,0,0,10,1,1,2,0,7,7,0,2,1,4,1,3,1,0
5831,1,5,3,4,0,7,1,0,1,0,1,0,2,1,6,6,0,2,1,0,7,4,4,1
5832,1,2,3,9,0,2,1,0,0,7,0,1,1,1,0,4,0,2,1,2,1,5,1,2
5833,1,2,3,8,1,5,1,0,0,8,0,1,2,2,7,7,0,2,2,4,5,4,1,0
5834,1,5,3,4,0,7,1,0,1,0,1,0,1,2,6,6,0,2,1,0,7,4,0,1
5835,0,2,3,8,0,5,1,0,1,10,0,0,2,0,7,7,0,2,1,1,1,4,0,0
5836,0,5,3,8,0,5,1,0,1,3,0,0,2,0,7,7,0,2,1,1,1,5,0,2
5837,1,5,3,4,0,2,1,0,1,0,1,0,2,2,6,7,0,2,1,0,7,4,4,1
5838,1,2,2,3,1,2,1,0,0,7,1,1,0,2,7,7,0,2,1,4,1,3,5,0
5839,0,5,3,7,0,5,1,0,1,10,0,0,2,0,7,7,0,2,1,1,1,4,0,0
5840,1,2,2,8,1,5,1,0,0,10,0,1,2,2,7,7,0,2,2,4,5,4,1,0
5841,1,5,3,9,0,2,1,0,0,2,0,1,1,1,6,0,0,2,1,2,1,4,0,2
5842,1,2,2,3,1,2,1,0,0,3,1,1,2,0,7,7,0,2,1,4,1,4,1,2
5843,1,2,3,9,0,2,1,0,0,2,0,1,1,1,6,4,0,2,1,2,1,5,4,2
5844,1,5,0,9,0,2,1,0,0,3,0,1,1,1,6,6,0,2,1,2,1,4,1,2
5845,1,2,3,9,0,2,1,0,0,3,0,1,1,1,6,4,0,2,1,2,1,5,0,2
5846,1,5,2,3,1,2,1,0,0,7,1,1,0,0,7,7,0,2,1,4,1,3,1,0
5847,0,2,3,6,0,5,1,0,1,9,0,0,2,0,7,7,0,2,1,1,1,4,0,0
5848,1,2,2,8,1,2,1,0,0,10,1,1,0,2,7,7,0,2,1,4,1,3,1,0
5849,0,3,2,4,1,5,1,0,0,10,0,0,2,2,2,2,0,2,2,0,7,1,6,0
5850,1,5,3,4,0,7,1,0,1,0,1,0,1,1,6,7,0,2,1,0,7,4,0,1
5851,1,5,2,3,1,2,1,0,0,10,1,1,0,0,7,7,0,2,1,4,1,3,1,0
5852,1,2,3,9,0,2,1,0,0,2,0,1,1,1,6,6,0,2,1,2,1,5,1,2
5853,1,0,2,8,1,5,1,0,0,10,0,1,2,2,7,7,0,2,2,4,5,4,3,0
5854,1,5,3,4,0,2,1,0,1,0,1,0,2,1,6,7,0,2,1,0,7,4,0,1
5855,1,0,2,0,1,5,1,0,0,10,0,1,2,2,7,7,0,2,2,4,5,4,3,0
5856,1,2,0,9,0,2,1,0,0,7,0,1,1,1,4,6,0,2,1,2,1,5,1,2
5857,1,5,3,3,0,2,1,0,0,2,0,1,1,1,4,0,0,2,1,2,1,5,0,2
5858,0,5,3,2,1,5,1,0,0,1,0,0,2,2,7,7,0,2,2,0,7,1,6,1
5859,0,3,2,0,1,5,1,0,0,10,0,0,2,2,2,2,0,2,2,0,7,1,6,0
5860,1,5,3,4,0,2,1,0,1,0,1,0,1,2,6,7,0,2,1,0,7,4,2,1
5861,0,5,2,2,1,5,1,0,0,1,0,0,2,2,2,2,0,2,2,0,7,1,6,1
5862,1,2,2,0,1,5,1,0,0,8,0,1,2,2,7,7,0,2,2,4,5,4,3,0
5863,0,2,2,4,1,5,1,0,0,10,0,0,2,2,7,7,0,2,2,0,7,1,6,0
5864,1,5,3,2,0,8,1,0,1,0,1,0,2,1,6,6,0,2,1,0,7,4,4,1
5865,0,2,3,0,1,5,1,0,0,10,0,0,2,2,2,2,0,2,2,0,7,1,6,0
5866,1,5,2,3,1,2,1,0,0,10,1,1,2,2,7,7,0,2,1,4,1,3,5,0
5867,1,2,2,0,1,5,1,0,0,2,0,1,2,2,7,7,0,2,2,4,5,4,1,1
5868,1,5,3,4,0,7,1,0,1,0,1,0,2,1,6,7,0,2,1,0,7,4,2,1
5869,1,5,3,2,0,8,1,0,1,0,1,0,1,2,7,7,0,2,1,0,7,4,2,1
5870,1,2,3,9,0,2,1,0,0,3,0,1,1,1,0,0,0,2,1,2,1,5,1,2
5871,1,5,3,4,0,2,1,0,1,0,1,0,2,1,7,6,0,2,1,0,7,4,2,1
5872,1,5,3,4,0,7,1,0,1,0,1,0,1,1,7,6,0,2,1,0,7,4,0,1
5873,1,2,2,3,1,2,1,0,0,10,1,1,0,2,7,7,0,2,1,4,1,4,5,0
5874,0,5,3,5,1,5,1,0,0,10,0,0,2,2,2,7,0,2,2,0,7,1,6,0
5875,0,5,3,7,0,5,1,0,1,9,0,0,2,0,7,7,0,2,1,1,1,5,0,0
5876,1,2,3,9,0,2,1,0,0,2,0,1,1,1,0,6,0,2,1,2,1,5,4,2
5877,1,5,2,3,1,2,1,0,0,3,1,1,2,0,7,7,0,2,1,4,1,4,1,2
5878,1,5,3,4,0,7,1,0,1,0,1,0,2,1,7,6,0,2,1,0,7,4,2,1
5879,1,2,2,3,1,2,1,0,0,3,1,1,2,0,7,7,0,2,1,4,1,4,5,2
5880,1,5,2,0,1,2,1,0,0,3,1,1,2,0,7,7,0,2,1,4,1,4,1,2
5881,1,5,0,9,0,2,1,0,0,3,0,1,1,1,0,6,0,2,1,2,1,5,1,2
5882,1,0,2,8,1,5,1,0,0,8,0,1,2,2,7,7,0,2,2,4,5,4,1,0
5883,0,3,3,4,1,5,1,0,0,1,0,0,2,2,2,2,0,2,2,0,7,1,6,1
5884,1,5,3,2,0,8,1,0,1,0,1,0,1,1,7,7,0,2,1,0,7,4,0,1
5885,1,2,3,9,0,2,1,0,0,7,0,1,1,1,0,4,0,2,1,2,1,4,4,2
5886,0,5,3,0,1,5,1,0,0,10,0,0,2,2,2,7,0,2,2,0,7,1,6,0
5887,1,5,2,0,1,2,1,0,0,7,1,1,2,0,7,7,0,2,1,4,1,4,1,0
5888,1,2,2,3,1,2,1,0,0,10,1,1,0,0,7,7,0,2,1,4,1,4,5,0
5889,1,2,2,0,1,2,1,0,0,7,1,1,2,2,7,7,0,2,1,4,1,3,5,0
5890,1,2,3,9,0,2,1,0,0,7,0,1,1,1,0,0,0,2,1,2,1,5,0,2
5891,1,5,3,4,0,2,1,0,1,0,1,0,2,2,7,6,0,2,1,0,7,4,4,1
5892,1,2,2,8,1,2,1,0,0,3,1,1,0,0,7,7,0,2,1,4,1,4,5,2
5893,0,3,3,4,1,5,1,0,0,1,0,0,2,2,7,7,0,2,2,0,7,1,6,1
5894,0,5,2,2,1,5,1,0,0,10,0,0,2,2,2,2,0,2,2,0,7,1,6,0
5895,0,5,3,8,0,5,1,0,1,7,0,0,2,0,7,7,0,2,1,1,1,4,0,2
5896,1,2,2,0,1,2,1,0,0,7,1,1,0,2,7,7,0,2,1,4,1,3,5,0
5897,1,2,2,3,1,2,1,0,0,3,1,1,2,2,7,7,0,2,1,4,1,3,5,2
5898,0,2,2,2,1,5,1,0,0,1,0,0,2,2,7,7,0,2,2,0,7,1,6,1
5899,1,2,3,9,0,2,1,0,0,7,0,1,1,1,0,6,0,2,1,2,1,5,1,2
5900,1,5,3,4,0,7,1,0,1,0,1,0,1,1,6,7,0,2,1,0,7,4,2,1
5901,1,2,2,8,1,5,1,0,0,2,0,1,2,2,7,7,0,2,2,4,5,4,1,2
5902,1,2,3,3,0,2,1,0,0,7,0,1,1,1,0,4,0,2,1,2,1,5,0,0
5903,0,5,0,4,0,5,1,1,1,10,0,1,2,2,7,4,0,2,1,0,7,4,2,0
5904,1,2,3,9,0,2,1,0,0,7,0,1,1,1,0,4,0,2,1,2,1,5,0,2
5905,1,5,2,8,1,2,1,0,0,7,1,1,0,2,7,7,0,2,1,4,1,3,5,2
5906,0,5,2,0,1,5,1,0,0,10,0,0,2,2,2,2,0,2,2,0,7,1,6,0
5907,0,5,2,5,1,5,1,0,0,10,0,0,2,2,7,2,0,2,2,0,7,1,6,0
5908,1,5,2,3,1,2,1,0,0,10,1,1,0,0,7,7,0,2,1,4,1,4,1,0
5909,1,2,0,3,0,2,1,0,0,7,0,1,1,1,6,4,0,2,1,2,1,5,4,0
5910,1,5,2,8,1,2,1,0,0,3,1,1,2,0,7,7,0,2,1,4,1,3,1,2
5911,1,5,0,9,0,2,1,0,0,3,0,1,1,1,4,6,0,2,1,2,1,4,4,2
5912,1,2,2,8,1,2,1,0,0,7,1,1,2,2,7,7,0,2,1,4,1,3,5,2
5913,0,3,3,4,1,5,1,0,0,10,0,0,2,2,2,2,0,2,2,0,7,1,6,0
5914,0,5,3,5,1,5,1,0,0,1,0,0,2,2,7,7,0,2,2,0,7,1,6,1
5915,1,2,3,9,0,2,1,0,0,2,0,1,1,1,0,0,0,2,1,2,1,5,1,2
5916,0,2,3,0,1,5,1,0,0,1,0,0,2,2,7,7,0,2,2,0,7,1,6,1
5917,0,5,2,2,1,5,1,0,0,10,0,0,2,2,7,7,0,2,2,0,7,1,6,0
5918,1,5,2,3,1,2,1,0,0,7,1,1,0,0,7,7,0,2,1,4,1,4,5,0
5919,1,2,2,0,1,2,1,0,0,10,1,1,2,2,7,7,0,2,1,4,1,4,5,0
5920,1,2,3,9,0,2,1,0,0,2,0,1,1,1,0,6,0,2,1,2,1,4,4,2
5921,1,5,2,0,1,2,1,0,0,3,1,1,2,0,7,7,0,2,1,4,1,4,5,2
5922,1,2,2,8,1,2,1,0,0,3,1,1,2,2,7,7,0,2,1,4,1,4,1,2
5923,1,2,3,9,0,2,1,0,0,2,0,1,1,1,0,4,0,2,1,2,1,4,1,2
5924,1,2,3,9,0,2,1,0,0,7,0,1,1,1,4,6,0,2,1,2,1,5,0,2
5925,1,2,3,3,0,2,1,0,0,3,0,1,1,1,4,6,0,2,1,2,1,5,4,2
5926,1,2,0,3,0,2,1,0,0,2,0,1,1,1,0,4,0,2,1,2,1,4,4,2
5927,1,0,2,5,1,5,1,0,0,2,0,1,2,2,7,7,0,2,2,4,5,4,3,1
5928,1,5,3,4,0,2,1,0,1,0,1,0,2,2,6,7,0,2,1,0,7,4,2,1
5929,1,0,2,8,1,5,1,0,0,10,0,1,2,2,7,7,0,2,2,4,5,4,1,0
5930,0,5,3,4,1,5,1,0,0,10,0,0,2,2,7,7,0,2,2,0,7,1,6,0
5931,1,5,3,4,0,8,1,0,1,0,1,0,2,2,6,7,0,2,1,0,7,4,4,1
5932,1,5,3,4,0,8,1,0,1,0,1,0,2,2,7,6,0,2,1,0,7,4,4,1
5933,1,5,3,4,0,2,1,0,1,0,1,0,1,2,7,6,0,2,1,0,7,4,4,1
5934,1,2,2,0,1,2,1,0,0,10,1,1,2,2,7,7,0,2,1,4,1,3,1,0
5935,1,0,3,9,0,5,1,0,1,10,0,0,1,3,7,4,0,2,1,0,7,4,0,0
5936,1,5,2,3,1,2,1,0,0,10,1,1,0,0,7,7,0,2,1,4,1,4,5,0
5937,0,2,3,5,1,5,1,0,0,1,0,0,2,2,7,7,0,2,2,0,7,1,6,1
5938,0,3,2,5,1,5,1,0,0,1,0,0,2,2,2,2,0,2,2,0,7,1,6,1
5939,0,2,3,4,1,5,1,0,0,10,0,0,2,2,2,2,0,2,2,0,7,1,6,0
5940,1,0,3,5,1,5,1,0,0,2,0,1,2,2,7,7,0,2,2,4,5,4,3,1
5941,1,5,2,3,1,2,1,0,0,10,1,1,2,0,7,7,0,2,1,4,1,4,1,0
5942,1,5,2,3,1,2,1,0,0,7,1,1,2,2,7,7,0,2,1,4,1,3,1,0
5943,1,5,0,9,0,2,1,0,0,7,0,1,1,1,4,4,0,2,1,2,1,4,1,2
5944,1,5,3,4,0,7,1,0,1,0,1,0,1,2,6,7,0,2,1,0,7,4,4,1
5945,1,2,3,0,1,5,1,0,0,10,0,1,2,2,7,7,0,2,2,4,5,4,1,0
5946,1,5,2,0,1,2,1,0,0,3,1,1,0,0,7,7,0,2,1,4,1,4,5,2
5947,1,0,2,0,1,5,1,0,0,8,0,1,2,2,7,7,0,2,2,4,5,4,1,0
5948,0,2,3,8,0,5,1,0,1,7,0,0,2,0,7,7,0,2,1,1,1,5,0,2
5949,0,5,3,4,0,5,1,1,1,10,0,1,0,2,7,4,0,2,1,0,7,4,2,0
5950,1,5,0,9,0,2,1,0,0,7,0,1,1,1,4,4,0,2,1,2,1,4,4,2
5951,1,2,2,0,1,2,1,0,0,3,1,1,2,0,7,7,0,2,1,4,1,4,1,0
5952,1,2,3,9,0,2,1,0,0,2,0,1,1,1,4,6,0,2,1,2,1,4,1,2
5953,0,3,2,2,1,5,1,0,0,1,0,0,2,2,2,2,0,2,2,0,7,1,6,1
5954,1,2,0,9,0,2,1,0,0,3,0,1,1,1,6,6,0,2,1,2,1,5,4,2
5955,1,0,0,4,0,5,1,0,1,10,0,0,1,3,7,4,0,2,1,0,7,4,0,0
5956,1,5,3,4,0,7,1,0,1,0,1,0,1,2,6,6,0,2,1,0,7,4,4,1
5957,1,2,3,9,0,2,1,0,0,3,0,1,1,1,4,0,0,2,1,2,1,5,0,2
5958,1,5,3,9,0,2,1,0,0,2,0,1,1,1,4,0,0,2,1,2,1,5,1,2
5959,1,5,2,3,1,2,1,0,0,7,1,1,0,2,7,7,0,2,1,4,1,3,1,0
5960,1,5,3,4,0,2,1,0,1,0,1,0,2,1,7,6,0,2,1,0,7,4,0,1
5961,0,5,3,4,1,5,1,0,0,10,0,0,2,2,2,7,0,2,2,0,7,1,6,0
5962,0,2,3,4,0,5,1,1,1,10,0,1,0,0,7,4,0,2,1,0,7,4,2,0
5963,1,2,3,0,1,5,1,0,0,2,0,1,2,2,7,7,0,2,2,4,5,4,1,1
5964,1,3,0,4,0,5,1,0,1,10,0,0,1,3,7,8,0,2,1,0,7,4,0,0
5965,1,2,3,3,0,2,1,0,0,3,0,1,1,1,6,4,0,2,1,2,1,4,1,2
5966,1,5,3,4,0,7,1,0,1,0,1,0,1,1,6,7,0,2,1,0,7,4,4,1
5967,1,2,0,3,0,2,1,0,0,3,0,1,1,1,6,6,0,2,1,2,1,5,0,2
5968,1,2,0,3,0,2,1,0,0,7,0,1,1,1,0,6,0,2,1,2,1,4,0,0
5969,1,5,2,3,1,2,1,0,0,7,1,1,2,0,7,7,0,2,1,4,1,3,1,0
5970,0,5,3,6,0,5,1,0,1,9,0,0,2,0,7,7,0,2,1,1,1,5,0,0
5971,1,5,3,4,0,8,1,0,1,0,1,0,1,2,6,6,0,2,1,0,7,4,4,1
5972,1,2,2,5,1,5,1,0,0,2,0,1,2,2,7,7,0,2,2,4,5,4,3,2
5973,1,5,3,2,0,8,1,0,1,0,1,0,1,1,6,6,0,2,1,0,7,4,2,1
5974,1,2,2,0,1,2,1,0,0,10,1,1,2,2,7,7,0,2,1,4,1,4,1,0
5975,1,5,2,0,1,2,1,0,0,10,1,1,2,2,7,7,0,2,1,4,1,4,5,0
5976,0,3,2,2,1,5,1,0,0,1,0,0,2,2,7,7,0,2,2,0,7,1,6,1
5977,1,2,2,0,1,2,1,0,0,10,1,1,2,0,7,7,0,2,1,4,1,3,1,0
5978,0,5,0,4,0,5,1,1,1,10,0,1,0,0,7,4,0,2,1,0,7,4,2,0
5979,1,2,3,9,0,2,1,0,0,7,0,1,1,1,6,4,0,2,1,2,1,4,0,2
5980,0,2,3,8,0,5,1,0,1,10,0,0,2,0,7,7,0,2,1,1,1,5,0,0
5981,1,2,2,8,1,2,1,0,0,10,1,1,2,2,7,7,0,2,1,4,1,3,5,0
5982,1,2,2,5,1,5,1,0,0,8,0,1,2,2,7,7,0,2,2,4,5,4,1,0
5983,1,2,3,9,0,2,1,0,0,7,0,1,1,1,6,4,0,2,1,2,1,5,0,2
5984,1,2,2,3,1,2,1,0,0,3,1,1,2,0,7,7,0,2,1,4,1,3,1,2
5985,1,5,3,4,0,2,1,0,1,0,1,0,2,1,6,7,0,2,1,0,7,4,2,1
5986,1,2,3,9,0,2,1,0,0,2,0,1,1,1,0,0,0,2,1,2,1,4,1,2
5987,1,2,2,3,1,2,1,0,0,3,1,1,0,2,7,7,0,2,1,4,1,3,1,2
5988,1,2,2,8,1,2,1,0,0,3,1,1,2,0,7,7,0,2,1,4,1,3,5,2
5989,1,5,3,4,0,7,1,0,1,0,1,0,2,1,7,7,0,2,1,0,7,4,0,1
5990,1,2,0,9,0,2,1,0,0,7,0,1,1,1,4,4,0,2,1,2,1,5,0,2
5991,1,5,3,4,0,2,1,0,1,0,1,0,1,1,7,6,0,2,1,0,7,4,0,1
5992,1,0,3,0,1,5,1,0,0,2,0,1,2,2,7,7,0,2,2,4,5,4,1,1
5993,1,2,3,9,0,2,1,0,0,2,0,1,1,1,0,6,0,2,1,2,1,4,1,2
5994,1,5,3,2,0,8,1,0,1,0,1,0,1,2,7,6,0,2,1,0,7,4,2,1
5995,1,5,3,4,0,2,1,0,1,0,1,0,1,2,7,7,0,2,1,0,7,4,0,1
5996,0,3,3,0,1,5,1,0,0,1,0,0,2,2,7,7,0,2,2,0,7,1,6,1
5997,0,5,3,8,0,5,1,0,1,7,0,0,2,0,7,7,0,2,1,1,1,5,0,2
5998,1,2,2,0,1,2,1,0,0,7,1,1,2,0,7,7,0,2,1,4,1,4,5,0
5999,1,2,3,9,0,2,1,0,0,2,0,1,1,1,4,6,0,2,1,2,1,5,1,2
6000,1,5,3,2,0,2,1,0,1,0,1,0,1,2,6,6,0,2,1,0,7,4,4,1
6001,1,2,2,2,0,7,1,0,1,0,1,0,1,2,6,6,0,2,1,0,7,4,0,1
6002,1,5,3,2,0,2,1,0,1,0,1,0,2,2,7,6,0,2,1,0,7,4,0,1
6003,1,5,2,4,0,2,1,0,1,0,1,0,1,1,7,7,0,2,1,0,7,4,4,1
6004,1,2,3,4,0,2,1,0,1,0,1,0,1,2,7,7,0,2,1,0,7,4,4,1
6005,1,2,3,2,0,7,1,0,1,0,1,0,2,1,6,6,0,2,1,0,7,4,0,1
6006,1,3,3,4,0,8,1,0,1,0,1,0,1,2,6,6,0,2,1,0,7,4,2,1
6007,1,2,3,2,0,8,1,0,1,0,1,0,2,2,7,7,0,2,1,0,7,4,4,1
6008,1,5,2,2,0,7,1,0,1,0,1,0,2,1,6,7,0,2,1,0,7,4,2,1
6009,1,2,3,4,0,2,1,0,1,0,1,0,2,1,6,6,0,2,1,0,7,4,4,1
6010,1,2,3,2,0,2,1,0,1,0,1,0,1,1,6,7,0,2,1,0,7,4,0,1
6011,1,5,2,2,0,7,1,0,1,0,1,0,2,2,7,6,0,2,1,0,7,4,2,1
6012,1,5,2,4,0,7,1,0,1,0,1,0,1,1,6,6,0,2,1,0,7,4,2,1
6013,1,2,2,2,0,2,1,0,1,0,1,0,1,2,6,7,0,2,1,0,7,4,0,1
6014,1,2,2,2,0,8,1,0,1,0,1,0,1,1,7,6,0,2,1,0,7,4,2,1
6015,1,2,3,2,0,2,1,0,1,0,1,0,2,1,6,6,0,2,1,0,7,4,4,1
6016,1,2,3,4,0,8,1,0,1,0,1,0,2,1,6,6,0,2,1,0,7,4,4,1
6017,1,2,3,4,0,2,1,0,1,0,1,0,1,2,6,7,0,2,1,0,7,4,4,1
6018,1,5,3,2,0,7,1,0,1,0,1,0,1,2,7,6,0,2,1,0,7,4,0,1
6019,1,3,2,4,0,8,1,0,1,0,1,0,2,1,6,6,0,2,1,0,7,4,4,1
6020,1,5,2,4,0,2,1,0,1,0,1,0,2,2,7,7,0,2,1,0,7,4,2,1
6021,1,2,2,2,0,8,1,0,1,0,1,0,1,1,6,7,0,2,1,0,7,4,0,1
6022,1,2,3,2,0,7,1,0,1,0,1,0,1,1,7,7,0,2,1,0,7,4,2,1
6023,1,3,2,2,0,8,1,0,1,0,1,0,2,2,6,6,0,2,1,0,7,4,4,1
6024,1,2,3,2,0,8,1,0,1,0,1,0,1,2,6,6,0,2,1,0,7,4,0,1
6025,1,5,2,4,0,7,1,0,1,0,1,0,1,1,7,7,0,2,1,0,7,4,4,1
6026,1,2,2,2,0,8,1,0,1,0,1,0,1,1,7,7,0,2,1,0,7,4,0,1
6027,1,2,2,4,0,8,1,0,1,0,1,0,1,1,7,7,0,2,1,0,7,4,2,1
6028,1,2,3,2,0,7,1,0,1,0,1,0,1,2,6,6,0,2,1,0,7,4,0,1
6029,1,2,2,2,0,8,1,0,1,0,1,0,2,2,7,6,0,2,1,0,7,4,2,1
6030,1,2,2,4,0,7,1,0,1,0,1,0,1,1,7,7,0,2,1,0,7,4,4,1
6031,1,2,3,2,0,7,1,0,1,0,1,0,2,1,7,6,0,2,1,0,7,4,4,1
6032,1,5,2,2,0,7,1,0,1,0,1,0,1,1,6,7,0,2,1,0,7,4,2,1
6033,1,2,2,2,0,2,1,0,1,0,1,0,2,1,7,7,0,2,1,0,7,4,4,1
6034,1,5,2,4,0,7,1,0,1,0,1,0,1,1,7,7,0,2,1,0,7,4,0,1
6035,1,2,3,4,0,7,1,0,1,0,1,0,2,1,7,6,0,2,1,0,7,4,4,1
6036,1,5,3,2,0,2,1,0,1,0,1,0,1,2,7,7,0,2,1,0,7,4,2,1
6037,1,2,3,4,0,8,1,0,1,0,1,0,1,2,6,7,0,2,1,0,7,4,2,1
6038,0,0,2,4,0,5,0,0,0,11,0,0,2,2,5,5,0,0,1,4,3,1,2,0
6039,1,2,2,4,0,8,1,0,1,0,1,0,1,1,6,6,0,2,1,0,7,4,0,1
6040,0,5,2,4,0,5,0,0,0,6,0,0,2,2,5,5,0,0,1,4,3,4,2,0
6041,1,2,3,2,0,8,1,0,1,0,1,0,2,2,6,6,0,2,1,0,7,4,0,1
6042,1,2,3,4,0,7,1,0,1,0,1,0,1,2,6,7,0,2,1,0,7,4,2,1
6043,1,2,3,2,0,8,1,0,1,0,1,0,2,1,7,6,0,2,1,0,7,4,4,1
6044,1,2,2,4,0,8,1,0,1,0,1,0,1,2,7,7,0,2,1,0,7,4,2,1
6045,1,5,3,2,0,8,1,0,1,0,1,0,2,1,7,7,0,2,1,0,7,4,2,1
6046,1,5,2,4,0,2,1,0,1,0,1,0,2,2,6,6,0,2,1,0,7,4,0,1
6047,1,2,2,4,0,7,1,0,1,0,1,0,2,1,7,6,0,2,1,0,7,4,0,1
6048,1,2,3,2,0,8,1,0,1,0,1,0,2,1,7,7,0,2,1,0,7,4,0,1
6049,1,2,2,4,0,2,1,0,1,0,1,0,1,1,7,7,0,2,1,0,7,4,0,1
6050,1,2,2,4,0,7,1,0,1,0,1,0,2,1,6,7,0,2,1,0,7,4,4,1
6051,1,2,2,4,0,2,1,0,1,0,1,0,2,1,7,7,0,2,1,0,7,4,2,1
6052,1,2,3,2,0,7,1,0,1,0,1,0,1,2,7,6,0,2,1,0,7,4,0,1
6053,1,2,2,2,0,8,1,0,1,0,1,0,2,1,6,6,0,2,1,0,7,4,2,1
6054,1,5,3,2,0,2,1,0,1,0,1,0,2,1,7,6,0,2,1,0,7,4,2,1
6055,1,5,2,2,0,8,1,0,1,0,1,0,1,2,7,6,0,2,1,0,7,4,0,1
6056,1,2,2,2,0,2,1,0,1,0,1,0,2,2,6,6,0,2,1,0,7,4,0,1
6057,1,2,3,4,0,8,1,0,1,0,1,0,1,2,7,7,0,2,1,0,7,4,4,1
6058,1,5,3,2,0,2,1,0,1,0,1,0,1,2,7,6,0,2,1,0,7,4,0,1
6059,1,3,2,2,0,7,1,0,1,0,1,0,2,2,7,6,0,2,1,0,7,4,2,1
6060,1,3,2,4,0,2,1,0,1,0,1,0,1,1,7,6,0,2,1,0,7,4,2,1
6061,1,2,3,4,0,2,1,0,1,0,1,0,2,2,6,7,0,2,1,0,7,4,0,1
6062,1,5,2,2,0,7,1,0,1,0,1,0,2,2,6,6,0,2,1,0,7,4,2,1
6063,1,5,3,2,0,2,1,0,1,0,1,0,1,1,7,6,0,2,1,0,7,4,2,1
6064,1,2,3,2,0,7,1,0,1,0,1,0,2,2,7,6,0,2,1,0,7,4,4,1
6065,1,2,3,4,0,7,1,0,1,0,1,0,2,2,6,7,0,2,1,0,7,4,2,1
6066,1,2,2,2,0,2,1,0,1,0,1,0,2,1,7,6,0,2,1,0,7,4,4,1
6067,1,5,2,4,0,7,1,0,1,0,1,0,2,1,6,7,0,2,1,0,7,4,4,1
6068,0,5,0,8,0,5,1,1,0,10,0,0,1,1,7,7,0,2,2,4,7,2,1,0
6069,1,2,3,4,0,8,1,0,1,0,1,0,2,1,7,6,0,2,1,0,7,4,4,1
6070,1,5,2,4,0,2,1,0,1,0,1,0,2,1,6,6,0,2,1,0,7,4,0,1
6071,1,5,2,2,0,2,1,0,1,0,1,0,2,2,6,7,0,2,1,0,7,4,0,1
6072,1,2,2,4,0,7,1,0,1,0,1,0,2,2,6,7,0,2,1,0,7,4,2,1
6073,1,2,2,4,0,7,1,0,1,0,1,0,2,1,6,6,0,2,1,0,7,4,2,1
6074,1,5,3,2,0,7,1,0,1,0,1,0,1,1,7,6,0,2,1,0,7,4,2,1
6075,1,5,2,2,0,2,1,0,1,0,1,0,1,2,6,6,0,2,1,0,7,4,0,1
6076,1,2,2,4,0,8,1,0,1,0,1,0,2,1,7,6,0,2,1,0,7,4,2,1
6077,1,3,2,4,0,2,1,0,1,0,1,0,1,1,6,6,0,2,1,0,7,4,4,1
6078,1,2,3,4,0,7,1,0,1,0,1,0,1,2,7,7,0,2,1,0,7,4,4,1
6079,1,5,2,4,0,7,1,0,1,0,1,0,1,2,6,6,0,2,1,0,7,4,2,1
6080,1,2,3,2,0,8,1,0,1,0,1,0,1,2,6,7,0,2,1,0,7,4,2,1
6081,1,5,2,2,0,8,1,0,1,0,1,0,1,1,6,6,0,2,1,0,7,4,0,1
6082,1,2,2,4,0,7,1,0,1,0,1,0,1,1,6,7,0,2,1,0,7,4,2,1
6083,1,2,3,4,0,7,1,0,1,0,1,0,2,2,6,7,0,2,1,0,7,4,4,1
6084,1,3,3,4,0,8,1,0,1,0,1,0,1,2,7,6,0,2,1,0,7,4,2,1
6085,1,2,3,4,0,7,1,0,1,0,1,0,1,2,6,6,0,2,1,0,7,4,0,1
6086,1,2,2,4,0,8,1,0,1,0,1,0,1,2,7,6,0,2,1,0,7,4,0,1
6087,1,5,2,2,0,7,1,0,1,0,1,0,2,2,6,7,0,2,1,0,7,4,2,1
6088,1,2,2,4,0,8,1,0,1,0,1,0,2,2,6,6,0,2,1,0,7,4,2,1
6089,1,2,2,4,0,7,1,0,1,0,1,0,2,1,6,7,0,2,1,0,7,4,0,1
6090,1,2,2,2,0,2,1,0,1,0,1,0,2,1,6,6,0,2,1,0,7,4,2,1
6091,1,2,3,4,0,8,1,0,1,0,1,0,2,1,7,6,0,2,1,0,7,4,2,1
6092,1,2,2,4,0,2,1,0,1,0,1,0,1,1,6,6,0,2,1,0,7,4,0,1
6093,1,2,3,4,0,2,1,0,1,0,1,0,2,1,6,6,0,2,1,0,7,4,2,1
6094,1,2,2,2,0,8,1,0,1,0,1,0,2,1,6,7,0,2,1,0,7,4,2,1
6095,1,2,2,2,0,2,1,0,1,0,1,0,2,2,7,6,0,2,1,0,7,4,2,1
6096,1,5,3,2,0,2,1,0,1,0,1,0,2,1,7,7,0,2,1,0,7,4,4,1
6097,1,2,2,4,0,8,1,0,1,0,1,0,2,1,7,6,0,2,1,0,7,4,4,1
6098,1,5,3,2,0,8,1,0,1,0,1,0,2,1,7,6,0,2,1,0,7,4,0,1
6099,1,2,3,2,0,2,1,0,1,0,1,0,1,2,7,7,0,2,1,0,7,4,2,1
6100,1,5,2,4,0,2,1,0,1,0,1,0,2,1,6,7,0,2,1,0,7,4,4,1
6101,1,2,3,4,0,7,1,0,1,0,1,0,2,2,7,7,0,2,1,0,7,4,4,1
6102,1,2,3,2,0,2,1,0,1,0,1,0,2,2,6,6,0,2,1,0,7,4,0,1
6103,1,5,3,2,0,7,1,0,1,0,1,0,1,2,6,7,0,2,1,0,7,4,2,1
6104,1,2,3,4,0,8,1,0,1,0,1,0,2,1,7,7,0,2,1,0,7,4,0,1
6105,1,2,3,4,0,8,1,0,1,0,1,0,2,1,6,6,0,2,1,0,7,4,2,1
6106,1,5,3,2,0,7,1,0,1,0,1,0,2,1,6,6,0,2,1,0,7,4,2,1
6107,1,2,3,4,0,8,1,0,1,0,1,0,1,1,6,6,0,2,1,0,7,4,2,1
6108,1,2,2,4,0,7,1,0,1,0,1,0,1,2,6,7,0,2,1,0,7,4,2,1
6109,1,5,2,4,0,2,1,0,1,0,1,0,2,2,6,6,0,2,1,0,7,4,4,1
6110,1,2,3,2,0,8,1,0,1,0,1,0,1,1,7,6,0,2,1,0,7,4,4,1
6111,1,5,3,2,0,7,1,0,1,0,1,0,1,1,6,7,0,2,1,0,7,4,2,1
6112,1,5,2,2,0,2,1,0,1,0,1,0,1,1,7,6,0,2,1,0,7,4,4,1
6113,1,2,2,2,0,2,1,0,1,0,1,0,2,2,7,7,0,2,1,0,7,4,2,1
6114,1,2,3,2,0,2,1,0,1,0,1,0,1,2,6,6,0,2,1,0,7,4,0,1
6115,1,5,3,2,0,7,1,0,1,0,1,0,2,1,7,7,0,2,1,0,7,4,2,1
6116,1,5,3,2,0,7,1,0,1,0,1,0,2,1,6,7,0,2,1,0,7,4,2,1
6117,1,5,2,4,0,2,1,0,1,0,1,0,2,2,7,6,0,2,1,0,7,4,2,1
6118,1,5,2,2,0,2,1,0,1,0,1,0,2,2,6,6,0,2,1,0,7,4,2,1
6119,1,3,2,2,0,7,1,0,1,0,1,0,1,1,6,7,0,2,1,0,7,4,4,1
6120,0,5,2,1,1,5,1,0,0,10,0,1,2,2,7,7,0,2,2,4,7,4,4,0
6121,1,5,2,2,0,8,1,0,1,0,1,0,2,1,7,6,0,2,1,0,7,4,4,1
6122,1,2,2,4,0,8,1,0,1,0,1,0,2,2,7,6,0,2,1,0,7,4,0,1
6123,1,5,2,4,0,8,1,0,1,0,1,0,2,1,6,7,0,2,1,0,7,4,2,1
6124,1,2,3,4,0,7,1,0,1,0,1,0,2,1,6,6,0,2,1,0,7,4,4,1
6125,1,2,3,2,0,8,1,0,1,0,1,0,2,1,6,7,0,2,1,0,7,4,2,1
6126,1,2,2,2,0,7,1,0,1,0,1,0,2,2,7,7,0,2,1,0,7,4,2,1
6127,1,5,3,2,0,2,1,0,1,0,1,0,1,1,6,6,0,2,1,0,7,4,2,1
6128,1,5,2,2,0,2,1,0,1,0,1,0,1,2,6,7,0,2,1,0,7,4,2,1
6129,1,5,2,4,0,8,1,0,1,0,1,0,1,1,7,6,0,2,1,0,7,4,0,1
6130,1,5,3,2,0,2,1,0,1,0,1,0,1,2,7,7,0,2,1,0,7,4,0,1
6131,1,2,2,2,0,2,1,0,1,0,1,0,1,2,7,6,0,2,1,0,7,4,4,1
6132,1,2,2,4,0,8,1,0,1,0,1,0,2,1,7,7,0,2,1,0,7,4,2,1
6133,1,2,3,2,0,8,1,0,1,0,1,0,1,2,7,7,0,2,1,0,7,4,4,1
6134,1,5,3,2,0,7,1,0,1,0,1,0,1,2,6,6,0,2,1,0,7,4,2,1
6135,1,3,2,2,0,2,1,0,1,0,1,0,2,2,7,7,0,2,1,0,7,4,4,1
6136,1,2,3,4,0,7,1,0,1,0,1,0,2,2,7,7,0,2,1,0,7,4,0,1
6137,1,2,2,4,0,8,1,0,1,0,1,0,2,1,7,7,0,2,1,0,7,4,0,1
6138,1,5,2,2,0,8,1,0,1,0,1,0,1,1,7,6,0,2,1,0,7,4,4,1
6139,1,2,2,4,0,2,1,0,1,0,1,0,2,2,7,6,0,2,1,0,7,4,2,1
6140,1,2,2,2,0,7,1,0,1,0,1,0,1,1,7,6,0,2,1,0,7,4,4,1
6141,1,2,3,2,0,8,1,0,1,0,1,0,2,2,6,7,0,2,1,0,7,4,2,1
6142,0,0,0,8,0,5,1,1,0,2,0,0,2,2,7,7,0,2,2,4,7,2,1,2
6143,1,5,3,2,0,7,1,0,1,0,1,0,2,2,7,6,0,2,1,0,7,4,2,1
6144,1,5,3,2,0,2,1,0,1,0,1,0,1,1,6,6,0,2,1,0,7,4,4,1
6145,1,2,3,2,0,7,1,0,1,0,1,0,1,2,7,7,0,2,1,0,7,4,2,1
6146,1,2,3,2,0,8,1,0,1,0,1,0,2,1,7,6,0,2,1,0,7,4,2,1
6147,0,3,0,8,0,5,1,1,0,2,0,0,1,2,7,7,0,2,2,4,7,3,1,2
6148,1,5,2,4,0,7,1,0,1,0,1,0,1,1,6,7,0,2,1,0,7,4,4,1
6149,1,2,2,4,0,7,1,0,1,0,1,0,1,2,6,6,0,2,1,0,7,4,4,1
6150,1,5,2,4,0,7,1,0,1,0,1,0,2,2,6,6,0,2,1,0,7,4,0,1
6151,1,2,2,2,0,2,1,0,1,0,1,0,1,1,7,7,0,2,1,0,7,4,0,1
6152,1,5,2,4,0,2,1,0,1,0,1,0,2,1,7,6,0,2,1,0,7,4,4,1
6153,1,5,2,4,0,2,1,0,1,0,1,0,1,1,7,6,0,2,1,0,7,4,4,1
6154,1,5,2,2,0,7,1,0,1,0,1,0,1,1,7,6,0,2,1,0,7,4,4,1
6155,1,3,2,4,0,8,1,0,1,0,1,0,2,2,7,6,0,2,1,0,7,4,0,1
6156,1,5,3,2,0,2,1,0,1,0,1,0,2,2,7,7,0,2,1,0,7,4,0,1
6157,1,5,2,2,0,2,1,0,1,0,1,0,2,2,7,6,0,2,1,0,7,4,0,1
6158,1,5,3,2,0,2,1,0,1,0,1,0,1,1,7,7,0,2,1,0,7,4,0,1
6159,1,5,2,2,0,7,1,0,1,0,1,0,2,2,7,7,0,2,1,0,7,4,0,1
6160,1,5,2,2,0,2,1,0,1,0,1,0,2,2,6,6,0,2,1,0,7,4,0,1
6161,1,5,2,2,0,7,1,0,1,0,1,0,1,1,7,6,0,2,1,0,7,4,2,1
6162,1,5,2,2,0,7,1,0,1,0,1,0,2,2,7,6,0,2,1,0,7,4,0,1
6163,1,2,3,2,0,7,1,0,1,0,1,0,2,1,7,7,0,2,1,0,7,4,0,1
6164,1,5,2,4,0,8,1,0,1,0,1,0,2,2,6,7,0,2,1,0,7,4,0,1
6165,1,2,2,4,0,8,1,0,1,0,1,0,2,2,6,7,0,2,1,0,7,4,0,1
6166,1,5,2,2,0,2,1,0,1,0,1,0,1,1,7,7,0,2,1,0,7,4,0,1
6167,1,2,2,2,0,8,1,0,1,0,1,0,2,1,6,7,0,2,1,0,7,4,4,1
6168,1,5,2,4,0,8,1,0,1,0,1,0,2,1,7,6,0,2,1,0,7,4,2,1
6169,1,2,3,2,0,8,1,0,1,0,1,0,2,2,6,7,0,2,1,0,7,4,0,1
6170,1,5,2,4,0,8,1,0,1,0,1,0,1,2,7,6,0,2,1,0,7,4,2,1
6171,1,3,2,4,0,2,1,0,1,0,1,0,1,1,6,7,0,2,1,0,7,4,4,1
6172,1,2,2,2,0,2,1,0,1,0,1,0,2,2,6,6,0,2,1,0,7,4,2,1
6173,1,2,2,2,0,2,1,0,1,0,1,0,1,2,6,6,0,2,1,0,7,4,2,1
6174,1,2,3,2,0,2,1,0,1,0,1,0,2,2,7,6,0,2,1,0,7,4,4,1
6175,1,3,2,4,0,2,1,0,1,0,1,0,2,1,6,6,0,2,1,0,7,4,4,1
6176,1,2,3,4,0,2,1,0,1,0,1,0,1,2,7,7,0,2,1,0,7,4,2,1
6177,1,2,2,2,0,2,1,0,1,0,1,0,2,2,7,7,0,2,1,0,7,4,4,1
6178,1,5,3,2,0,7,1,0,1,0,1,0,1,2,7,7,0,2,1,0,7,4,0,1
6179,1,2,2,2,0,8,1,0,1,0,1,0,2,2,6,7,0,2,1,0,7,4,2,1
6180,1,2,3,2,0,2,1,0,1,0,1,0,2,2,6,6,0,2,1,0,7,4,2,1
6181,1,2,2,4,0,7,1,0,1,0,1,0,1,1,6,7,0,2,1,0,7,4,0,1
6182,1,2,2,4,0,2,1,0,1,0,1,0,1,2,6,7,0,2,1,0,7,4,0,1
6183,1,5,3,2,0,7,1,0,1,0,1,0,1,1,7,7,0,2,1,0,7,4,4,1
6184,1,5,3,2,0,7,1,0,1,0,1,0,1,1,6,6,0,2,1,0,7,4,2,1
6185,1,2,2,2,0,8,1,0,1,0,1,0,1,1,7,6,0,2,1,0,7,4,4,1
6186,1,3,3,2,0,2,1,0,1,0,1,0,1,1,7,7,0,2,1,0,7,4,0,1
6187,1,2,3,2,0,7,1,0,1,0,1,0,1,1,6,7,0,2,1,0,7,4,4,1
6188,1,3,3,4,0,7,1,0,1,0,1,0,2,1,7,6,0,2,1,0,7,4,0,1
6189,1,5,2,2,0,7,1,0,1,0,1,0,1,2,7,6,0,2,1,0,7,4,2,1
6190,1,5,3,2,0,7,1,0,1,0,1,0,2,1,7,6,0,2,1,0,7,4,4,1
6191,1,5,2,4,0,2,1,0,1,0,1,0,2,1,6,7,0,2,1,0,7,4,2,1
6192,1,2,3,4,0,2,1,0,1,0,1,0,2,2,6,6,0,2,1,0,7,4,2,1
6193,1,5,2,2,0,2,1,0,1,0,1,0,1,1,6,6,0,2,1,0,7,4,4,1
6194,0,0,2,3,0,5,1,1,0,10,0,0,2,1,7,7,0,2,2,4,7,2,1,0
6195,1,5,3,2,0,7,1,0,1,0,1,0,1,1,6,6,0,2,1,0,7,4,4,1
6196,1,5,2,2,0,7,1,0,1,0,1,0,1,2,6,7,0,2,1,0,7,4,0,1
6197,1,2,3,2,0,7,1,0,1,0,1,0,2,2,6,6,0,2,1,0,7,4,2,1
6198,1,5,2,2,0,8,1,0,1,0,1,0,1,2,7,6,0,2,1,0,7,4,4,1
6199,1,2,3,2,0,8,1,0,1,0,1,0,2,1,6,7,0,2,1,0,7,4,0,1
6200,1,2,3,2,0,2,1,0,1,0,1,0,1,1,7,6,0,2,1,0,7,4,2,1
6201,1,5,2,4,0,2,1,0,1,0,1,0,1,1,7,7,0,2,1,0,7,4,0,1
6202,1,2,3,4,0,2,1,0,1,0,1,0,1,2,7,6,0,2,1,0,7,4,4,1
6203,0,3,2,8,0,5,1,1,0,2,0,0,1,2,7,7,0,2,2,4,7,3,1,2
6204,1,2,3,2,0,7,1,0,1,0,1,0,1,1,7,7,0,2,1,0,7,4,4,1
6205,1,5,2,2,0,2,1,0,1,0,1,0,2,2,7,6,0,2,1,0,7,4,4,1
6206,1,2,3,4,0,8,1,0,1,0,1,0,1,2,7,6,0,2,1,0,7,4,2,1
6207,1,2,3,4,0,7,1,0,1,0,1,0,1,1,6,7,0,2,1,0,7,4,2,1
6208,1,5,2,2,0,8,1,0,1,0,1,0,1,1,7,6,0,2,1,0,7,4,2,1
6209,1,2,3,2,0,8,1,0,1,0,1,0,1,1,7,7,0,2,1,0,7,4,0,1
6210,1,2,3,2,0,2,1,0,1,0,1,0,1,1,6,7,0,2,1,0,7,4,4,1
6211,1,2,2,4,0,8,1,0,1,0,1,0,2,1,7,7,0,2,1,0,7,4,4,1
6212,1,5,3,2,0,2,1,0,1,0,1,0,2,1,6,7,0,2,1,0,7,4,4,1
6213,1,2,3,2,0,7,1,0,1,0,1,0,2,1,6,7,0,2,1,0,7,4,0,1
6214,0,0,0,3,0,5,1,1,0,7,0,0,1,2,7,7,0,2,2,4,7,2,1,0
6215,1,3,3,2,0,7,1,0,1,0,1,0,2,1,7,7,0,2,1,0,7,4,2,1
6216,1,5,3,2,0,2,1,0,1,0,1,0,2,2,6,7,0,2,1,0,7,4,2,1
6217,1,3,2,2,0,2,1,0,1,0,1,0,2,1,7,6,0,2,1,0,7,4,2,1
6218,1,5,2,4,0,7,1,0,1,0,1,0,2,1,6,6,0,2,1,0,7,4,4,1
6219,0,3,2,8,0,5,1,1,0,2,0,0,2,1,7,7,0,2,2,4,7,3,1,2
6220,1,2,2,2,0,7,1,0,1,0,1,0,2,2,6,6,0,2,1,0,7,4,0,1
6221,1,5,2,4,0,8,1,0,1,0,1,0,1,2,6,6,0,2,1,0,7,4,4,1
6222,1,3,2,2,0,2,1,0,1,0,1,0,2,1,7,7,0,2,1,0,7,4,4,1
6223,1,3,3,4,0,7,1,0,1,0,1,0,1,1,7,7,0,2,1,0,7,4,2,1
6224,1,3,3,2,0,2,1,0,1,0,1,0,1,2,6,6,0,2,1,0,7,4,4,1
6225,1,5,2,2,0,8,1,0,1,0,1,0,1,2,7,7,0,2,1,0,7,4,0,1
6226,1,2,2,2,0,7,1,0,1,0,1,0,2,1,6,6,0,2,1,0,7,4,4,1
6227,1,2,3,2,0,2,1,0,1,0,1,0,1,1,6,6,0,2,1,0,7,4,4,1
6228,1,5,3,2,0,7,1,0,1,0,1,0,2,1,6,6,0,2,1,0,7,4,0,1
6229,1,2,3,4,0,8,1,0,1,0,1,0,2,2,6,7,0,2,1,0,7,4,0,1
6230,1,5,3,2,0,8,1,0,1,0,1,0,2,2,6,7,0,2,1,0,7,4,0,1
6231,1,2,3,4,0,8,1,0,1,0,1,0,2,2,7,6,0,2,1,0,7,4,2,1
6232,1,5,3,2,0,8,1,0,1,0,1,0,2,2,7,6,0,2,1,0,7,4,2,1
6233,1,3,3,4,0,8,1,0,1,0,1,0,1,1,7,6,0,2,1,0,7,4,2,1
6234,1,2,2,2,0,2,1,0,1,0,1,0,2,1,7,7,0,2,1,0,7,4,2,1
6235,1,5,2,4,0,2,1,0,1,0,1,0,1,2,6,6,0,2,1,0,7,4,4,1
6236,1,2,3,4,0,2,1,0,1,0,1,0,1,2,6,6,0,2,1,0,7,4,0,1
6237,1,2,2,2,0,7,1,0,1,0,1,0,2,1,7,6,0,2,1,0,7,4,0,1
6238,1,5,2,2,0,8,1,0,1,0,1,0,1,1,6,7,0,2,1,0,7,4,0,1
6239,1,2,2,4,0,8,1,0,1,0,1,0,2,1,7,6,0,2,1,0,7,4,0,1
6240,1,2,3,4,0,7,1,0,1,0,1,0,2,1,6,6,0,2,1,0,7,4,2,1
6241,1,5,3,2,0,2,1,0,1,0,1,0,2,2,6,6,0,2,1,0,7,4,0,1
6242,1,5,2,2,0,2,1,0,1,0,1,0,2,1,6,6,0,2,1,0,7,4,0,1
6243,1,2,3,2,0,8,1,0,1,0,1,0,2,2,6,6,0,2,1,0,7,4,2,1
6244,1,2,2,2,0,8,1,0,1,0,1,0,1,2,6,7,0,2,1,0,7,4,2,1
6245,1,2,3,2,0,2,1,0,1,0,1,0,1,2,7,6,0,2,1,0,7,4,0,1
6246,1,5,2,4,0,7,1,0,1,0,1,0,2,2,6,7,0,2,1,0,7,4,2,1
6247,1,2,2,4,0,7,1,0,1,0,1,0,2,1,7,7,0,2,1,0,7,4,0,1
6248,1,5,2,4,0,2,1,0,1,0,1,0,1,1,6,7,0,2,1,0,7,4,2,1
6249,1,2,3,4,0,8,1,0,1,0,1,0,1,1,7,6,0,2,1,0,7,4,4,1
6250,1,3,3,4,0,7,1,0,1,0,1,0,1,1,6,7,0,2,1,0,7,4,0,1
6251,1,5,2,2,0,7,1,0,1,0,1,0,2,1,6,7,0,2,1,0,7,4,4,1
6252,1,2,3,4,0,2,1,0,1,0,1,0,1,2,7,7,0,2,1,0,7,4,0,1
6253,1,5,3,2,0,7,1,0,1,0,1,0,2,1,6,6,0,2,1,0,7,4,4,1
6254,1,2,3,2,0,7,1,0,1,0,1,0,1,1,6,7,0,2,1,0,7,4,0,1
6255,1,5,3,2,0,8,1,0,1,0,1,0,2,1,7,7,0,2,1,0,7,4,0,1
6256,1,2,3,2,0,8,1,0,1,0,1,0,1,2,7,7,0,2,1,0,7,4,2,1
6257,1,2,3,2,0,7,1,0,1,0,1,0,2,2,7,6,0,2,1,0,7,4,0,1
6258,1,2,2,2,0,7,1,0,1,0,1,0,2,1,7,7,0,2,1,0,7,4,2,1
6259,1,3,3,2,0,8,1,0,1,0,1,0,1,1,7,7,0,2,1,0,7,4,2,1
6260,1,5,2,2,0,2,1,0,1,0,1,0,2,1,6,6,0,2,1,0,7,4,4,1
6261,0,3,2,3,0,5,1,1,0,2,0,0,1,2,7,7,0,2,2,4,7,3,1,1
6262,1,5,2,4,0,8,1,0,1,0,1,0,1,2,6,7,0,2,1,0,7,4,2,1
6263,1,2,2,2,0,7,1,0,1,0,1,0,2,1,6,7,0,2,1,0,7,4,0,1
6264,1,2,2,4,0,8,1,0,1,0,1,0,2,1,6,6,0,2,1,0,7,4,0,1
6265,1,2,2,2,0,7,1,0,1,0,1,0,1,1,6,6,0,2,1,0,7,4,2,1
6266,1,2,3,4,0,7,1,0,1,0,1,0,1,2,6,6,0,2,1,0,7,4,4,1
6267,1,5,2,2,0,8,1,0,1,0,1,0,2,2,7,6,0,2,1,0,7,4,4,1
6268,1,5,2,2,0,7,1,0,1,0,1,0,2,1,7,7,0,2,1,0,7,4,4,1
6269,1,5,2,2,0,8,1,0,1,0,1,0,2,2,7,6,0,2,1,0,7,4,0,1
6270,1,5,2,2,0,2,1,0,1,0,1,0,1,2,6,7,0,2,1,0,7,4,4,1
6271,1,2,2,2,0,7,1,0,1,0,1,0,2,2,6,7,0,2,1,0,7,4,0,1
6272,1,5,2,2,0,7,1,0,1,0,1,0,2,1,6,6,0,2,1,0,7,4,4,1
6273,1,5,2,4,0,2,1,0,1,0,1,0,2,1,6,6,0,2,1,0,7,4,2,1
6274,1,2,2,4,0,7,1,0,1,0,1,0,2,1,6,7,0,2,1,0,7,4,2,1
6275,1,3,3,4,0,8,1,0,1,0,1,0,1,2,7,7,0,2,1,0,7,4,0,1
6276,1,5,3,2,0,7,1,0,1,0,1,0,1,2,6,7,0,2,1,0,7,4,4,1
6277,1,5,2,4,0,2,1,0,1,0,1,0,1,2,6,7,0,2,1,0,7,4,2,1
6278,1,5,2,2,0,2,1,0,1,0,1,0,1,1,6,7,0,2,1,0,7,4,4,1
6279,0,0,2,8,0,5,1,1,0,7,0,0,1,1,7,7,0,2,2,4,7,3,1,0
6280,1,2,2,2,0,7,1,0,1,0,1,0,1,1,6,7,0,2,1,0,7,4,4,1
6281,1,5,2,2,0,8,1,0,1,0,1,0,2,2,6,7,0,2,1,0,7,4,2,1
6282,1,5,3,2,0,2,1,0,1,0,1,0,2,1,7,6,0,2,1,0,7,4,0,1
6283,1,2,3,4,0,2,1,0,1,0,1,0,2,2,7,6,0,2,1,0,7,4,4,1
6284,1,2,2,2,0,8,1,0,1,0,1,0,1,2,6,6,0,2,1,0,7,4,2,1
6285,1,2,3,4,0,7,1,0,1,0,1,0,2,1,7,6,0,2,1,0,7,4,0,1
6286,1,2,3,2,0,2,1,0,1,0,1,0,1,1,7,6,0,2,1,0,7,4,0,1
6287,1,2,2,4,0,2,1,0,1,0,1,0,2,2,6,7,0,2,1,0,7,4,0,1
6288,1,5,3,2,0,2,1,0,1,0,1,0,2,2,7,6,0,2,1,0,7,4,2,1
6289,1,2,2,4,0,7,1,0,1,0,1,0,1,2,6,7,0,2,1,0,7,4,0,1
6290,1,5,2,4,0,8,1,0,1,0,1,0,1,2,7,7,0,2,1,0,7,4,2,1
6291,1,2,2,2,0,7,1,0,1,0,1,0,1,2,6,6,0,2,1,0,7,4,4,1
6292,1,5,2,4,0,7,1,0,1,0,1,0,2,2,7,7,0,2,1,0,7,4,0,1
6293,1,2,2,2,0,7,1,0,1,0,1,0,1,2,6,7,0,2,1,0,7,4,2,1
6294,1,5,3,2,0,8,1,0,1,0,1,0,2,2,6,7,0,2,1,0,7,4,4,1
6295,1,2,3,4,0,2,1,0,1,0,1,0,2,1,7,7,0,2,1,0,7,4,4,1
6296,1,5,3,2,0,2,1,0,1,0,1,0,1,2,6,6,0,2,1,0,7,4,2,1
6297,1,2,2,4,0,2,1,0,1,0,1,0,1,1,7,7,0,2,1,0,7,4,4,1
6298,1,2,2,4,0,8,1,0,1,0,1,0,1,2,7,6,0,2,1,0,7,4,4,1
6299,1,5,2,4,0,8,1,0,1,0,1,0,1,1,7,7,0,2,1,0,7,4,4,1
6300,1,2,2,2,0,7,1,0,1,0,1,0,2,2,7,6,0,2,1,0,7,4,0,1
6301,1,3,3,4,0,8,1,0,1,0,1,0,1,2,6,6,0,2,1,0,7,4,4,1
6302,1,5,3,2,0,2,1,0,1,0,1,0,2,1,6,6,0,2,1,0,7,4,2,1
6303,1,5,3,2,0,7,1,0,1,0,1,0,2,1,6,7,0,2,1,0,7,4,0,1
6304,1,3,2,4,0,7,1,0,1,0,1,0,1,1,6,6,0,2,1,0,7,4,0,1
6305,1,5,2,2,0,2,1,0,1,0,1,0,1,2,6,6,0,2,1,0,7,4,4,1
6306,1,5,2,2,0,2,1,0,1,0,1,0,2,2,6,7,0,2,1,0,7,4,4,1
6307,1,2,3,4,0,2,1,0,1,0,1,0,2,1,7,7,0,2,1,0,7,4,2,1
6308,1,2,2,2,0,8,1,0,1,0,1,0,2,2,6,7,0,2,1,0,7,4,0,1
6309,1,2,2,2,0,2,1,0,1,0,1,0,2,2,6,6,0,2,1,0,7,4,4,1
6310,1,2,2,4,0,2,1,0,1,0,1,0,1,2,7,6,0,2,1,0,7,4,2,1
6311,1,2,3,2,0,2,1,0,1,0,1,0,2,2,6,7,0,2,1,0,7,4,4,1
6312,1,2,3,2,0,2,1,0,1,0,1,0,2,1,6,7,0,2,1,0,7,4,2,1
6313,1,3,2,2,0,7,1,0,1,0,1,0,1,2,6,6,0,2,1,0,7,4,0,1
6314,1,5,2,4,0,2,1,0,1,0,1,0,1,2,7,6,0,2,1,0,7,4,0,1
6315,1,2,3,4,0,8,1,0,1,0,1,0,1,2,6,6,0,2,1,0,7,4,0,1
6316,1,2,2,2,0,2,1,0,1,0,1,0,1,1,7,7,0,2,1,0,7,4,4,1
6317,1,3,2,4,0,8,1,0,1,0,1,0,2,2,7,7,0,2,1,0,7,4,0,1
6318,1,2,3,4,0,2,1,0,1,0,1,0,2,2,6,7,0,2,1,0,7,4,4,1
6319,1,5,3,2,0,8,1,0,1,0,1,0,2,2,6,7,0,2,1,0,7,4,2,1
6320,1,5,3,2,0,2,1,0,1,0,1,0,1,1,7,6,0,2,1,0,7,4,4,1
6321,1,5,2,2,0,8,1,0,1,0,1,0,1,2,6,6,0,2,1,0,7,4,4,1
6322,1,2,3,4,0,2,1,0,1,0,1,0,1,1,6,7,0,2,1,0,7,4,2,1
6323,1,2,3,4,0,7,1,0,1,0,1,0,1,2,6,7,0,2,1,0,7,4,4,1
6324,1,2,3,2,0,7,1,0,1,0,1,0,1,2,6,7,0,2,1,0,7,4,4,1
6325,1,3,3,4,0,8,1,0,1,0,1,0,1,2,7,7,0,2,1,0,7,4,2,1
6326,1,5,2,4,0,7,1,0,1,0,1,0,1,1,6,6,0,2,1,0,7,4,0,1
6327,1,5,2,2,0,8,1,0,1,0,1,0,2,2,6,6,0,2,1,0,7,4,2,1
6328,1,5,2,4,0,2,1,0,1,0,1,0,2,2,6,7,0,2,1,0,7,4,2,1
6329,1,2,3,2,0,2,1,0,1,0,1,0,2,1,7,6,0,2,1,0,7,4,4,1
6330,1,3,3,2,0,2,1,0,1,0,1,0,2,1,6,6,0,2,1,0,7,4,0,1
6331,0,5,0,3,0,5,1,1,0,10,0,0,2,1,7,7,0,2,2,4,7,3,1,0
6332,1,2,3,2,0,2,1,0,1,0,1,0,2,2,6,7,0,2,1,0,7,4,2,1
6333,1,5,2,2,0,2,1,0,1,0,1,0,1,2,7,6,0,2,1,0,7,4,2,1
6334,1,5,2,2,0,7,1,0,1,0,1,0,1,2,6,7,0,2,1,0,7,4,2,1
6335,1,5,3,2,0,7,1,0,1,0,1,0,1,1,6,7,0,2,1,0,7,4,0,1
6336,1,2,3,4,0,2,1,0,1,0,1,0,1,1,6,6,0,2,1,0,7,4,4,1
6337,1,2,3,4,0,8,1,0,1,0,1,0,2,2,6,6,0,2,1,0,7,4,2,1
6338,1,5,2,4,0,7,1,0,1,0,1,0,1,2,7,6,0,2,1,0,7,4,4,1
6339,1,5,2,2,0,2,1,0,1,0,1,0,1,1,7,6,0,2,1,0,7,4,2,1
6340,1,2,3,2,0,2,1,0,1,0,1,0,2,1,6,7,0,2,1,0,7,4,0,1
6341,1,2,2,4,0,2,1,0,1,0,1,0,1,1,6,6,0,2,1,0,7,4,2,1
6342,1,2,3,4,0,2,1,0,1,0,1,0,1,2,7,6,0,2,1,0,7,4,2,1
6343,1,2,3,4,0,8,1,0,1,0,1,0,1,1,7,6,0,2,1,0,7,4,0,1
6344,1,5,3,2,0,2,1,0,1,0,1,0,1,2,7,6,0,2,1,0,7,4,2,1
6345,1,5,2,2,0,2,1,0,1,0,1,0,2,1,7,7,0,2,1,0,7,4,4,1
6346,1,2,2,4,0,2,1,0,1,0,1,0,2,2,6,6,0,2,1,0,7,4,2,1
6347,1,2,2,4,0,7,1,0,1,0,1,0,1,2,7,6,0,2,1,0,7,4,0,1
6348,1,5,2,2,0,2,1,0,1,0,1,0,2,1,6,7,0,2,1,0,7,4,0,1
6349,1,2,2,4,0,2,1,0,1,0,1,0,1,1,7,6,0,2,1,0,7,4,2,1
6350,1,2,2,4,0,2,1,0,1,0,1,0,1,1,6,6,0,2,1,0,7,4,4,1
6351,1,2,3,4,0,2,1,0,1,0,1,0,2,2,6,6,0,2,1,0,7,4,4,1
6352,1,5,2,4,0,7,1,0,1,0,1,0,1,1,7,7,0,2,1,0,7,4,2,1
6353,1,2,2,4,0,8,1,0,1,0,1,0,1,2,7,6,0,2,1,0,7,4,2,1
6354,1,2,2,4,0,8,1,0,1,0,1,0,1,1,6,7,0,2,1,0,7,4,4,1
6355,1,5,2,4,0,8,1,0,1,0,1,0,2,2,7,7,0,2,1,0,7,4,4,1
6356,1,2,3,4,0,2,1,0,1,0,1,0,1,1,7,6,0,2,1,0,7,4,4,1
6357,1,5,2,4,0,8,1,0,1,0,1,0,1,2,6,7,0,2,1,0,7,4,4,1
6358,1,5,2,4,0,8,1,0,1,0,1,0,2,2,6,7,0,2,1,0,7,4,4,1
6359,1,2,2,4,0,2,1,0,1,0,1,0,1,1,7,6,0,2,1,0,7,4,4,1
6360,1,2,3,4,0,2,1,0,1,0,1,0,2,2,6,6,0,2,1,0,7,4,0,1
6361,1,5,3,2,0,8,1,0,1,0,1,0,2,2,6,6,0,2,1,0,7,4,0,1
6362,1,2,2,2,0,2,1,0,1,0,1,0,2,1,7,6,0,2,1,0,7,4,2,1
6363,1,2,3,4,0,7,1,0,1,0,1,0,2,1,6,6,0,2,1,0,7,4,0,1
6364,1,2,2,2,0,8,1,0,1,0,1,0,2,1,7,6,0,2,1,0,7,4,2,1
6365,1,5,2,4,0,2,1,0,1,0,1,0,1,1,6,7,0,2,1,0,7,4,4,1
6366,0,3,0,8,0,5,1,1,0,7,0,0,1,1,7,7,0,2,2,4,7,2,1,0
6367,1,5,2,4,0,2,1,0,1,0,1,0,2,2,7,6,0,2,1,0,7,4,4,1
6368,1,2,2,4,0,2,1,0,1,0,1,0,1,2,7,6,0,2,1,0,7,4,0,1
6369,1,2,3,4,0,8,1,0,1,0,1,0,1,1,7,7,0,2,1,0,7,4,4,1
6370,1,2,2,4,0,2,1,0,1,0,1,0,1,2,7,7,0,2,1,0,7,4,0,1
6371,1,2,3,4,0,8,1,0,1,0,1,0,1,2,6,7,0,2,1,0,7,4,0,1
6372,1,2,3,4,0,2,1,0,1,0,1,0,2,2,7,7,0,2,1,0,7,4,2,1
6373,1,2,2,4,0,2,1,0,1,0,1,0,2,1,6,6,0,2,1,0,7,4,0,1
6374,1,2,3,2,0,8,1,0,1,0,1,0,1,2,6,7,0,2,1,0,7,4,4,1
6375,0,0,2,4,0,5,0,0,0,6,0,0,2,2,5,5,0,1,1,4,4,4,2,0
6376,1,2,2,2,0,2,1,0,1,0,1,0,1,2,7,6,0,2,1,0,7,4,0,1
6377,1,2,2,2,0,7,1,0,1,0,1,0,1,1,6,6,0,2,1,0,7,4,4,1
6378,1,5,2,2,0,8,1,0,1,0,1,0,1,1,6,6,0,2,1,0,7,4,2,1
6379,1,2,3,4,0,7,1,0,1,0,1,0,2,1,7,7,0,2,1,0,7,4,2,1
6380,1,2,3,2,0,7,1,0,1,0,1,0,1,2,7,6,0,2,1,0,7,4,4,1
6381,1,2,2,4,0,2,1,0,1,0,1,0,1,2,6,6,0,2,1,0,7,4,2,1
6382,1,2,3,2,0,7,1,0,1,0,1,0,1,1,7,6,0,2,1,0,7,4,2,1
6383,1,2,2,4,0,7,1,0,1,0,1,0,1,2,7,6,0,2,1,0,7,4,4,1
6384,1,3,3,4,0,8,1,0,1,0,1,0,1,2,7,7,0,2,1,0,7,4,4,1
6385,1,2,3,2,0,2,1,0,1,0,1,0,1,2,6,6,0,2,1,0,7,4,2,1
6386,1,2,2,2,0,7,1,0,1,0,1,0,1,1,6,6,0,2,1,0,7,4,0,1
6387,1,5,3,2,0,2,1,0,1,0,1,0,1,2,7,6,0,2,1,0,7,4,4,1
6388,1,2,2,4,0,8,1,0,1,0,1,0,1,1,6,6,0,2,1,0,7,4,2,1
6389,1,5,2,2,0,7,1,0,1,0,1,0,1,2,6,7,0,2,1,0,7,4,4,1
6390,1,3,3,4,0,8,1,0,1,0,1,0,1,1,7,7,0,2,1,0,7,4,4,1
6391,1,5,2,4,0,7,1,0,1,0,1,0,1,1,7,6,0,2,1,0,7,4,4,1
6392,1,5,3,2,0,2,1,0,1,0,1,0,1,1,7,6,0,2,1,0,7,4,0,1
6393,1,2,3,4,0,8,1,0,1,0,1,0,1,2,7,7,0,2,1,0,7,4,0,1
6394,1,2,2,2,0,8,1,0,1,0,1,0,2,1,6,6,0,2,1,0,7,4,0,1
6395,1,2,2,4,0,2,1,0,1,0,1,0,2,2,7,7,0,2,1,0,7,4,4,1
6396,0,5,2,8,0,5,1,1,0,2,0,0,1,2,7,7,0,2,2,4,7,3,1,2
6397,1,2,3,4,0,8,1,0,1,0,1,0,2,2,7,6,0,2,1,0,7,4,0,1
6398,1,2,2,4,0,2,1,0,1,0,1,0,2,1,7,6,0,2,1,0,7,4,2,1
6399,1,5,3,2,0,8,1,0,1,0,1,0,2,2,6,6,0,2,1,0,7,4,2,1
6400,1,2,2,2,0,7,1,0,1,0,1,0,2,1,7,6,0,2,1,0,7,4,2,1
6401,1,5,2,4,0,7,1,0,1,0,1,0,2,2,7,6,0,2,1,0,7,4,4,1
6402,1,5,3,2,0,2,1,0,1,0,1,0,2,1,6,7,0,2,1,0,7,4,2,1
6403,0,3,0,3,0,5,1,1,0,2,0,0,1,1,7,7,0,2,2,4,7,3,1,1
6404,1,2,2,2,0,7,1,0,1,0,1,0,1,2,7,6,0,2,1,0,7,4,2,1
6405,1,2,3,2,0,7,1,0,1,0,1,0,2,1,7,7,0,2,1,0,7,4,4,1
6406,0,0,0,8,0,5,1,1,0,10,0,0,2,1,7,7,0,2,2,4,7,3,1,0
6407,1,2,2,4,0,8,1,0,1,0,1,0,2,1,6,7,0,2,1,0,7,4,2,1
6408,1,5,3,2,0,7,1,0,1,0,1,0,1,2,7,7,0,2,1,0,7,4,2,1
6409,1,5,3,2,0,2,1,0,1,0,1,0,2,1,6,6,0,2,1,0,7,4,0,1
6410,1,2,2,4,0,7,1,0,1,0,1,0,1,2,7,7,0,2,1,0,7,4,4,1
6411,1,5,2,4,0,2,1,0,1,0,1,0,1,1,6,6,0,2,1,0,7,4,0,1
6412,1,2,2,2,0,7,1,0,1,0,1,0,1,1,7,7,0,2,1,0,7,4,4,1
6413,1,2,2,2,0,7,1,0,1,0,1,0,2,1,6,6,0,2,1,0,7,4,2,1
6414,1,2,2,2,0,7,1,0,1,0,1,0,2,2,6,7,0,2,1,0,7,4,2,1
6415,1,5,3,2,0,4,1,0,0,10,0,2,1,3,1,1,0,2,0,3,7,1,0,0
6416,1,2,3,4,0,8,1,0,1,0,1,0,2,1,6,6,0,2,1,0,7,4,0,1
6417,1,2,3,2,0,8,1,0,1,0,1,0,2,2,7,7,0,2,1,0,7,4,0,1
6418,1,5,2,2,0,7,1,0,1,0,1,0,1,1,6,7,0,2,1,0,7,4,4,1
6419,1,2,2,2,0,8,1,0,1,0,1,0,2,2,6,7,0,2,1,0,7,4,4,1
6420,1,2,3,2,0,2,1,0,1,0,1,0,1,1,7,7,0,2,1,0,7,4,4,1
6421,1,2,3,2,0,7,1,0,1,0,1,0,2,2,6,7,0,2,1,0,7,4,2,1
6422,1,5,2,2,0,2,1,0,1,0,1,0,1,1,7,7,0,2,1,0,7,4,2,1
6423,1,2,2,2,0,7,1,0,1,0,1,0,2,1,6,7,0,2,1,0,7,4,4,1
6424,0,5,2,4,0,5,0,0,0,5,0,0,2,2,5,5,0,0,1,4,8,1,2,0
6425,1,2,3,4,0,7,1,0,1,0,1,0,2,1,6,7,0,2,1,0,7,4,0,1
6426,1,2,3,2,0,7,1,0,1,0,1,0,2,2,7,6,0,2,1,0,7,4,2,1
6427,1,2,3,2,0,7,1,0,1,0,1,0,2,2,7,7,0,2,1,0,7,4,2,1
6428,1,5,2,4,0,2,1,0,1,0,1,0,1,2,6,7,0,2,1,0,7,4,4,1
6429,1,5,2,2,0,8,1,0,1,0,1,0,1,2,6,6,0,2,1,0,7,4,0,1
6430,1,5,3,2,0,2,1,0,1,0,1,0,1,1,6,6,0,2,1,0,7,4,0,1
6431,1,5,2,2,0,7,1,0,1,0,1,0,2,1,7,6,0,2,1,0,7,4,4,1
6432,1,5,3,2,0,8,1,0,1,0,1,0,2,2,6,6,0,2,1,0,7,4,4,1
6433,1,2,3,2,0,2,1,0,1,0,1,0,2,1,7,7,0,2,1,0,7,4,4,1
6434,0,5,2,4,0,5,0,0,0,5,0,0,2,2,5,5,0,0,1,4,4,4,2,0
6435,1,2,2,4,0,7,1,0,1,0,1,0,1,1,6,6,0,2,1,0,7,4,4,1
6436,1,5,3,2,0,2,1,0,1,0,1,0,2,2,7,7,0,2,1,0,7,4,4,1
6437,1,2,2,4,0,2,1,0,1,0,1,0,2,2,7,6,0,2,1,0,7,4,0,1
6438,1,2,3,2,0,8,1,0,1,0,1,0,1,1,7,7,0,2,1,0,7,4,4,1
6439,1,5,3,2,0,2,1,0,1,0,1,0,1,2,6,7,0,2,1,0,7,4,0,1
6440,1,5,2,4,0,7,1,0,1,0,1,0,1,2,6,7,0,2,1,0,7,4,0,1
6441,1,5,2,4,0,2,1,0,1,0,1,0,2,1,7,6,0,2,1,0,7,4,2,1
6442,1,5,2,4,0,8,1,0,1,0,1,0,2,2,7,7,0,2,1,0,7,4,2,1
6443,1,5,3,2,0,7,1,0,1,0,1,0,2,2,6,7,0,2,1,0,7,4,0,1
6444,1,2,2,4,0,8,1,0,1,0,1,0,1,2,6,6,0,2,1,0,7,4,2,1
6445,1,2,2,4,0,8,1,0,1,0,1,0,2,2,7,6,0,2,1,0,7,4,2,1
6446,1,3,3,2,0,8,1,0,1,0,1,0,2,2,6,6,0,2,1,0,7,4,2,1
6447,1,5,2,4,0,8,1,0,1,0,1,0,1,2,7,6,0,2,1,0,7,4,0,1
6448,1,2,3,4,0,8,1,0,1,0,1,0,2,1,6,7,0,2,1,0,7,4,4,1
6449,0,3,2,8,0,5,1,1,0,2,0,0,2,1,7,7,0,2,2,4,7,2,1,2
6450,1,2,2,2,0,8,1,0,1,0,1,0,2,1,7,7,0,2,1,0,7,4,2,1
6451,1,5,2,2,0,8,1,0,1,0,1,0,2,1,6,7,0,2,1,0,7,4,2,1
6452,1,2,3,4,0,2,1,0,1,0,1,0,2,2,7,6,0,2,1,0,7,4,0,1
6453,1,2,3,4,0,7,1,0,1,0,1,0,1,1,6,6,0,2,1,0,7,4,4,1
6454,1,2,3,2,0,8,1,0,1,0,1,0,1,1,6,7,0,2,1,0,7,4,0,1
6455,1,5,2,4,0,2,1,0,1,0,1,0,1,1,6,6,0,2,1,0,7,4,4,1
6456,1,2,3,4,0,7,1,0,1,0,1,0,1,1,7,6,0,2,1,0,7,4,2,1
6457,1,5,2,4,0,7,1,0,1,0,1,0,2,1,7,6,0,2,1,0,7,4,2,1
6458,1,3,3,4,0,8,1,0,1,0,1,0,1,1,6,6,0,2,1,0,7,4,2,1
6459,1,2,2,2,0,7,1,0,1,0,1,0,1,2,7,6,0,2,1,0,7,4,0,1
6460,1,2,3,2,0,7,1,0,1,0,1,0,1,1,6,6,0,2,1,0,7,4,2,1
6461,1,2,3,2,0,2,1,0,1,0,1,0,2,2,7,7,0,2,1,0,7,4,2,1
6462,1,2,3,2,0,7,1,0,1,0,1,0,1,1,7,6,0,2,1,0,7,4,4,1
6463,1,2,3,4,0,2,1,0,1,0,1,0,2,2,7,7,0,2,1,0,7,4,4,1
6464,1,2,3,4,0,2,1,0,1,0,1,0,2,2,7,6,0,2,1,0,7,4,2,1
6465,1,3,3,4,0,8,1,0,1,0,1,0,1,2,6,7,0,2,1,0,7,4,2,1
6466,1,3,3,4,0,8,1,0,1,0,1,0,1,2,6,7,0,2,1,0,7,4,4,1
6467,1,2,2,2,0,8,1,0,1,0,1,0,1,2,7,6,0,2,1,0,7,4,4,1
6468,1,5,2,2,0,8,1,0,1,0,1,0,1,1,7,6,0,2,1,0,7,4,0,1
6469,1,3,2,4,0,2,1,0,1,0,1,0,1,2,6,7,0,2,1,0,7,4,2,1
6470,1,5,2,2,0,2,1,0,1,0,1,0,2,2,6,6,0,2,1,0,7,4,4,1
6471,1,2,2,4,0,2,1,0,1,0,1,0,1,1,6,7,0,2,1,0,7,4,0,1
6472,1,5,2,2,0,7,1,0,1,0,1,0,2,1,7,7,0,2,1,0,7,4,2,1
6473,1,2,2,4,0,8,1,0,1,0,1,0,2,1,6,7,0,2,1,0,7,4,4,1
6474,1,5,2,4,0,2,1,0,1,0,1,0,1,1,7,6,0,2,1,0,7,4,2,1
6475,1,2,3,2,0,8,1,0,1,0,1,0,2,1,7,6,0,2,1,0,7,4,0,1
6476,1,5,2,4,0,2,1,0,1,0,1,0,1,2,7,6,0,2,1,0,7,4,2,1
6477,1,5,2,2,0,8,1,0,1,0,1,0,2,2,7,7,0,2,1,0,7,4,4,1
6478,1,5,2,2,0,7,1,0,1,0,1,0,2,1,7,7,0,2,1,0,7,4,0,1
6479,1,5,2,4,0,7,1,0,1,0,1,0,1,1,6,6,0,2,1,0,7,4,4,1
6480,1,5,3,2,0,7,1,0,1,0,1,0,2,2,7,7,0,2,1,0,7,4,0,1
6481,1,2,3,2,0,8,1,0,1,0,1,0,2,1,6,7,0,2,1,0,7,4,4,1
6482,1,2,2,2,0,7,1,0,1,0,1,0,1,2,6,7,0,2,1,0,7,4,0,1
6483,1,5,2,2,0,8,1,0,1,0,1,0,1,1,7,7,0,2,1,0,7,4,0,1
6484,1,2,3,2,0,8,1,0,1,0,1,0,1,1,7,7,0,2,1,0,7,4,2,1
6485,1,2,2,2,0,8,1,0,1,0,1,0,1,2,7,7,0,2,1,0,7,4,4,1
6486,1,2,2,2,0,7,1,0,1,0,1,0,2,1,6,7,0,2,1,0,7,4,2,1
6487,1,2,3,4,0,2,1,0,1,0,1,0,1,1,7,6,0,2,1,0,7,4,0,1
6488,1,2,2,4,0,7,1,0,1,0,1,0,2,1,7,7,0,2,1,0,7,4,4,1
6489,1,5,2,2,0,2,1,0,1,0,1,0,2,1,7,6,0,2,1,0,7,4,4,1
6490,1,2,3,4,0,7,1,0,1,0,1,0,1,1,6,6,0,2,1,0,7,4,2,1
6491,1,2,2,4,0,7,1,0,1,0,1,0,2,1,6,6,0,2,1,0,7,4,0,1
6492,1,2,3,4,0,2,1,0,1,0,1,0,1,2,6,6,0,2,1,0,7,4,2,1
6493,1,2,2,2,0,7,1,0,1,0,1,0,1,1,6,7,0,2,1,0,7,4,2,1
6494,1,2,3,2,0,2,1,0,1,0,1,0,2,1,6,7,0,2,1,0,7,4,4,1
6495,1,2,3,4,0,8,1,0,1,0,1,0,1,2,7,6,0,2,1,0,7,4,0,1
6496,1,2,2,2,0,8,1,0,1,0,1,0,1,1,7,6,0,2,1,0,7,4,0,1
6497,1,2,2,2,0,2,1,0,1,0,1,0,2,1,7,6,0,2,1,0,7,4,0,1
6498,1,2,3,4,0,7,1,0,1,0,1,0,1,1,6,6,0,2,1,0,7,4,0,1
6499,1,2,2,2,0,2,1,0,1,0,1,0,1,2,7,7,0,2,1,0,7,4,0,1
6500,1,2,2,4,0,2,1,0,1,0,1,0,1,2,6,6,0,2,1,0,7,4,0,1
6501,1,3,3,2,0,7,1,0,1,0,1,0,2,2,6,6,0,2,1,0,7,4,0,1
6502,1,2,3,2,0,2,1,0,1,0,1,0,2,1,7,7,0,2,1,0,7,4,0,1
6503,1,2,2,2,0,2,1,0,1,0,1,0,1,1,7,6,0,2,1,0,7,4,0,1
6504,1,2,3,2,0,8,1,0,1,0,1,0,2,2,7,6,0,2,1,0,7,4,0,1
6505,1,2,3,4,0,7,1,0,1,0,1,0,1,2,7,6,0,2,1,0,7,4,2,1
6506,1,2,3,2,0,2,1,0,1,0,1,0,2,2,6,6,0,2,1,0,7,4,4,1
6507,1,2,2,4,0,7,1,0,1,0,1,0,2,1,6,6,0,2,1,0,7,4,4,1
6508,1,5,3,2,0,8,1,0,1,0,1,0,2,2,7,7,0,2,1,0,7,4,0,1
6509,0,5,0,8,0,5,1,1,0,7,0,0,1,2,7,7,0,2,2,4,7,2,1,0
6510,1,5,2,2,0,7,1,0,1,0,1,0,1,2,7,7,0,2,1,0,7,4,0,1
6511,1,5,2,2,0,2,1,0,1,0,1,0,2,2,6,7,0,2,1,0,7,4,2,1
6512,1,2,3,4,0,8,1,0,1,0,1,0,1,1,6,7,0,2,1,0,7,4,2,1
6513,1,5,2,2,0,8,1,0,1,0,1,0,2,2,6,6,0,2,1,0,7,4,0,1
6514,1,5,2,4,0,8,1,0,1,0,1,0,2,1,7,7,0,2,1,0,7,4,0,1
6515,1,5,2,4,0,2,1,0,1,0,1,0,1,2,7,7,0,2,1,0,7,4,4,1
6516,1,5,2,4,0,8,1,0,1,0,1,0,1,1,7,7,0,2,1,0,7,4,2,1
6517,0,5,0,3,0,5,1,1,0,7,0,0,2,1,7,7,0,2,2,4,7,2,1,0
6518,1,2,3,2,0,2,1,0,1,0,1,0,1,2,7,6,0,2,1,0,7,4,2,1
6519,1,2,3,2,0,2,1,0,1,0,1,0,2,1,7,6,0,2,1,0,7,4,2,1
6520,1,5,3,2,0,8,1,0,1,0,1,0,2,2,7,7,0,2,1,0,7,4,4,1
6521,1,5,2,4,0,8,1,0,1,0,1,0,1,1,6,7,0,2,1,0,7,4,4,1
6522,1,3,2,2,0,8,1,0,1,0,1,0,1,2,6,6,0,2,1,0,7,4,4,1
6523,1,3,3,2,0,2,1,0,1,0,1,0,1,2,7,7,0,2,1,0,7,4,0,1
6524,1,2,3,2,0,7,1,0,1,0,1,0,1,1,6,6,0,2,1,0,7,4,0,1
6525,1,5,2,4,0,2,1,0,1,0,1,0,1,1,7,7,0,2,1,0,7,4,2,1
6526,1,2,2,4,0,7,1,0,1,0,1,0,1,2,7,7,0,2,1,0,7,4,2,1
6527,1,5,2,2,0,7,1,0,1,0,1,0,1,2,7,7,0,2,1,0,7,4,4,1
6528,1,2,3,4,0,8,1,0,1,0,1,0,1,1,7,7,0,2,1,0,7,4,0,1
6529,1,5,2,4,0,7,1,0,1,0,1,0,1,2,7,7,0,2,1,0,7,4,4,1
6530,0,3,0,8,0,5,1,1,0,7,0,0,2,1,7,7,0,2,2,4,7,2,1,0
6531,1,3,3,4,0,2,1,0,1,0,1,0,2,1,6,7,0,2,1,0,7,4,0,1
6532,1,2,2,2,0,2,1,0,1,0,1,0,2,1,6,7,0,2,1,0,7,4,0,1
6533,1,5,3,2,0,2,1,0,1,0,1,0,1,2,6,6,0,2,1,0,7,4,0,1
6534,1,5,2,4,0,7,1,0,1,0,1,0,2,2,6,6,0,2,1,0,7,4,2,1
6535,1,5,2,4,0,8,1,0,1,0,1,0,2,2,7,6,0,2,1,0,7,4,0,1
6536,1,2,3,2,0,8,1,0,1,0,1,0,1,2,7,6,0,2,1,0,7,4,2,1
6537,1,2,3,4,0,7,1,0,1,0,1,0,2,2,7,6,0,2,1,0,7,4,2,1
6538,1,5,3,2,0,8,1,0,1,0,1,0,2,2,7,7,0,2,1,0,7,4,2,1
6539,1,2,2,2,0,8,1,0,1,0,1,0,2,1,6,6,0,2,1,0,7,4,4,1
6540,1,5,2,2,0,7,1,0,1,0,1,0,2,1,6,7,0,2,1,0,7,4,0,1
6541,1,5,2,4,0,7,1,0,1,0,1,0,1,2,6,7,0,2,1,0,7,4,4,1
6542,1,2,3,4,0,2,1,0,1,0,1,0,1,1,7,6,0,2,1,0,7,4,2,1
6543,1,2,3,2,0,7,1,0,1,0,1,0,2,1,7,6,0,2,1,0,7,4,2,1
6544,1,2,3,4,0,7,1,0,1,0,1,0,1,2,7,7,0,2,1,0,7,4,2,1
6545,1,2,3,4,0,2,1,0,1,0,1,0,2,2,7,7,0,2,1,0,7,4,0,1
6546,1,2,2,4,0,8,1,0,1,0,1,0,2,1,6,6,0,2,1,0,7,4,4,1
6547,1,2,3,2,0,2,1,0,1,0,1,0,1,2,6,7,0,2,1,0,7,4,4,1
6548,1,2,3,2,0,7,1,0,1,0,1,0,1,2,7,6,0,2,1,0,7,4,2,1
6549,1,5,3,2,0,7,1,0,1,0,1,0,1,2,7,6,0,2,1,0,7,4,4,1
6550,1,3,2,2,0,2,1,0,1,0,1,0,2,1,6,6,0,2,1,0,7,4,4,1
6551,1,2,3,2,0,7,1,0,1,0,1,0,2,2,6,7,0,2,1,0,7,4,4,1
6552,1,2,3,4,0,8,1,0,1,0,1,0,2,2,7,6,0,2,1,0,7,4,4,1
6553,1,2,2,4,0,7,1,0,1,0,1,0,1,1,6,6,0,2,1,0,7,4,0,1
6554,1,2,2,2,0,8,1,0,1,0,1,0,2,1,7,7,0,2,1,0,7,4,4,1
6555,1,3,2,2,0,2,1,0,1,0,1,0,2,1,7,6,0,2,1,0,7,4,4,1
6556,1,2,3,2,0,7,1,0,1,0,1,0,2,2,7,7,0,2,1,0,7,4,4,1
6557,1,2,2,4,0,7,1,0,1,0,1,0,1,1,6,7,0,2,1,0,7,4,4,1
6558,0,5,2,4,0,5,0,0,0,5,0,0,2,2,5,5,0,1,1,4,0,4,2,0
6559,1,5,2,4,0,8,1,0,1,0,1,0,2,2,6,7,0,2,1,0,7,4,2,1
6560,1,3,2,4,0,8,1,0,1,0,1,0,2,2,6,7,0,2,1,0,7,4,2,1
6561,1,2,2,4,0,2,1,0,1,0,1,0,2,1,7,6,0,2,1,0,7,4,0,1
6562,1,2,2,4,0,8,1,0,1,0,1,0,1,2,7,7,0,2,1,0,7,4,0,1
6563,1,5,2,4,0,8,1,0,1,0,1,0,2,2,7,6,0,2,1,0,7,4,4,1
6564,1,2,2,4,0,8,1,0,1,0,1,0,1,1,7,7,0,2,1,0,7,4,0,1
6565,1,2,3,2,0,2,1,0,1,0,1,0,1,2,6,6,0,2,1,0,7,4,4,1
6566,1,2,3,2,0,8,1,0,1,0,1,0,2,1,6,6,0,2,1,0,7,4,0,1
6567,1,2,2,4,0,2,1,0,1,0,1,0,2,2,6,7,0,2,1,0,7,4,2,1
6568,1,5,2,2,0,2,1,0,1,0,1,0,2,1,7,6,0,2,1,0,7,4,2,1
6569,1,5,2,4,0,7,1,0,1,0,1,0,2,1,7,7,0,2,1,0,7,4,4,1
6570,1,5,2,2,0,8,1,0,1,0,1,0,2,2,6,6,0,2,1,0,7,4,4,1
6571,1,5,2,2,0,7,1,0,1,0,1,0,1,1,6,6,0,2,1,0,7,4,0,1
6572,1,2,3,2,0,2,1,0,1,0,1,0,1,2,6,7,0,2,1,0,7,4,2,1
6573,1,5,2,2,0,8,1,0,1,0,1,0,1,1,6,7,0,2,1,0,7,4,4,1
6574,1,3,2,2,0,8,1,0,1,0,1,0,1,2,6,7,0,2,1,0,7,4,2,1
6575,1,5,3,2,0,2,1,0,1,0,1,0,2,2,7,6,0,2,1,0,7,4,4,1
6576,1,2,2,4,0,2,1,0,1,0,1,0,2,2,7,6,0,2,1,0,7,4,4,1
6577,1,2,2,4,0,8,1,0,1,0,1,0,2,1,6,6,0,2,1,0,7,4,2,1
6578,1,5,2,4,0,2,1,0,1,0,1,0,2,2,7,6,0,2,1,0,7,4,0,1
6579,1,3,3,2,0,8,1,0,1,0,1,0,2,1,7,7,0,2,1,0,7,4,4,1
6580,1,5,2,2,0,8,1,0,1,0,1,0,1,1,6,7,0,2,1,0,7,4,2,1
6581,1,2,3,4,0,7,1,0,1,0,1,0,2,2,6,7,0,2,1,0,7,4,0,1
6582,1,2,3,2,0,7,1,0,1,0,1,0,1,2,7,7,0,2,1,0,7,4,0,1
6583,1,2,3,4,0,7,1,0,1,0,1,0,2,2,6,6,0,2,1,0,7,4,4,1
6584,1,2,2,4,0,7,1,0,1,0,1,0,1,1,6,6,0,2,1,0,7,4,2,1
6585,1,2,2,2,0,8,1,0,1,0,1,0,2,2,7,6,0,2,1,0,7,4,4,1
6586,1,3,3,4,0,8,1,0,1,0,1,0,1,1,7,6,0,2,1,0,7,4,4,1
6587,1,2,3,2,0,8,1,0,1,0,1,0,2,1,7,7,0,2,1,0,7,4,2,1
6588,1,2,2,2,0,7,1,0,1,0,1,0,2,2,6,7,0,2,1,0,7,4,4,1
6589,1,2,2,4,0,2,1,0,1,0,1,0,2,2,7,7,0,2,1,0,7,4,0,1
6590,1,5,2,4,0,8,1,0,1,0,1,0,2,2,7,6,0,2,1,0,7,4,2,1
6591,1,2,3,4,0,7,1,0,1,0,1,0,1,2,6,7,0,2,1,0,7,4,0,1
6592,1,2,3,2,0,7,1,0,1,0,1,0,1,1,7,7,0,2,1,0,7,4,0,1
6593,1,5,3,2,0,7,1,0,1,0,1,0,1,1,6,6,0,2,1,0,7,4,0,1
6594,1,2,2,2,0,7,1,0,1,0,1,0,1,2,7,7,0,2,1,0,7,4,4,1
6595,1,5,2,4,0,7,1,0,1,0,1,0,1,1,7,6,0,2,1,0,7,4,2,1
6596,1,2,2,4,0,8,1,0,1,0,1,0,1,1,6,6,0,2,1,0,7,4,4,1
6597,1,2,2,4,0,7,1,0,1,0,1,0,2,1,7,7,0,2,1,0,7,4,2,1
6598,1,2,2,2,0,8,1,0,1,0,1,0,2,2,6,6,0,2,1,0,7,4,4,1
6599,0,5,2,3,0,5,1,1,0,7,0,0,2,1,7,7,0,2,2,4,7,2,1,0
6600,1,3,3,4,0,8,1,0,1,0,1,0,1,1,6,7,0,2,1,0,7,4,4,1
6601,1,5,3,2,0,7,1,0,1,0,1,0,1,2,7,7,0,2,1,0,7,4,4,1
6602,1,5,2,4,0,7,1,0,1,0,1,0,2,2,7,7,0,2,1,0,7,4,4,1
6603,1,5,2,4,0,7,1,0,1,0,1,0,2,2,7,6,0,2,1,0,7,4,0,1
6604,1,2,3,2,0,7,1,0,1,0,1,0,1,1,6,7,0,2,1,0,7,4,2,1
6605,1,3,3,4,0,2,1,0,1,0,1,0,2,2,6,6,0,2,1,0,7,4,2,1
6606,1,5,2,2,0,2,1,0,1,0,1,0,1,2,6,7,0,2,1,0,7,4,0,1
6607,1,5,2,4,0,7,1,0,1,0,1,0,2,1,7,7,0,2,1,0,7,4,0,1
6608,1,3,3,4,0,8,1,0,1,0,1,0,1,2,6,6,0,2,1,0,7,4,0,1
6609,1,5,3,2,0,2,1,0,1,0,1,0,1,1,6,7,0,2,1,0,7,4,2,1
6610,1,3,2,4,0,2,1,0,1,0,1,0,1,2,6,7,0,2,1,0,7,4,4,1
6611,1,5,2,4,0,2,1,0,1,0,1,0,2,1,7,7,0,2,1,0,7,4,4,1
6612,1,5,3,2,0,2,1,0,1,0,1,0,2,1,6,7,0,2,1,0,7,4,0,1
6613,1,2,2,2,0,8,1,0,1,0,1,0,2,1,7,7,0,2,1,0,7,4,0,1
6614,1,2,2,4,0,7,1,0,1,0,1,0,2,1,7,6,0,2,1,0,7,4,2,1
6615,1,2,2,4,0,2,1,0,1,0,1,0,1,2,6,6,0,2,1,0,7,4,4,1
6616,1,2,2,2,0,8,1,0,1,0,1,0,1,2,6,7,0,2,1,0,7,4,4,1
6617,1,5,3,2,0,7,1,0,1,0,1,0,1,2,7,6,0,2,1,0,7,4,2,1
6618,1,5,2,2,0,2,1,0,1,0,1,0,1,2,6,6,0,2,1,0,7,4,2,1
6619,1,2,2,4,0,7,1,0,1,0,1,0,2,2,6,7,0,2,1,0,7,4,4,1
6620,1,2,3,2,0,7,1,0,1,0,1,0,2,2,7,7,0,2,1,0,7,4,0,1
6621,1,5,2,4,0,2,1,0,1,0,1,0,1,2,6,7,0,2,1,0,7,4,0,1
6622,1,5,2,2,0,7,1,0,1,0,1,0,1,1,7,6,0,2,1,0,7,4,0,1
6623,1,5,2,2,0,8,1,0,1,0,1,0,1,1,7,7,0,2,1,0,7,4,2,1
6624,1,2,2,2,0,2,1,0,1,0,1,0,1,2,6,6,0,2,1,0,7,4,4,1
6625,1,5,3,2,0,7,1,0,1,0,1,0,2,1,7,7,0,2,1,0,7,4,4,1
6626,1,5,2,4,0,8,1,0,1,0,1,0,2,1,6,7,0,2,1,0,7,4,0,1
6627,1,5,2,2,0,7,1,0,1,0,1,0,2,1,7,6,0,2,1,0,7,4,2,1
6628,1,5,2,2,0,8,1,0,1,0,1,0,2,1,7,6,0,2,1,0,7,4,2,1
6629,1,5,2,4,0,8,1,0,1,0,1,0,2,1,7,6,0,2,1,0,7,4,0,1
6630,1,5,2,4,0,7,1,0,1,0,1,0,1,2,6,7,0,2,1,0,7,4,2,1
6631,1,2,2,2,0,8,1,0,1,0,1,0,2,2,6,6,0,2,1,0,7,4,0,1
6632,1,2,3,2,0,2,1,0,1,0,1,0,1,2,7,7,0,2,1,0,7,4,0,1
6633,1,5,2,4,0,7,1,0,1,0,1,0,1,2,7,7,0,2,1,0,7,4,0,1
6634,1,5,2,2,0,2,1,0,1,0,1,0,1,1,6,6,0,2,1,0,7,4,2,1
6635,1,2,2,4,0,7,1,0,1,0,1,0,1,2,7,6,0,2,1,0,7,4,2,1
6636,1,5,2,4,0,2,1,0,1,0,1,0,2,1,6,7,0,2,1,0,7,4,0,1
6637,1,2,2,2,0,8,1,0,1,0,1,0,1,2,6,7,0,2,1,0,7,4,0,1
6638,1,3,3,4,0,8,1,0,1,0,1,0,2,1,7,6,0,2,1,0,7,4,4,1
6639,1,5,2,4,0,8,1,0,1,0,1,0,2,1,6,6,0,2,1,0,7,4,2,1
6640,1,2,3,4,0,8,1,0,1,0,1,0,1,2,7,6,0,2,1,0,7,4,4,1
6641,1,3,3,4,0,8,1,0,1,0,1,0,1,2,7,6,0,2,1,0,7,4,4,1
6642,1,2,2,2,0,7,1,0,1,0,1,0,1,2,7,7,0,2,1,0,7,4,0,1
6643,1,2,2,4,0,2,1,0,1,0,1,0,1,1,6,7,0,2,1,0,7,4,4,1
6644,1,5,2,2,0,8,1,0,1,0,1,0,2,1,7,6,0,2,1,0,7,4,0,1
6645,1,5,2,4,0,2,1,0,1,0,1,0,2,2,6,6,0,2,1,0,7,4,2,1
6646,1,2,3,4,0,8,1,0,1,0,1,0,1,2,6,6,0,2,1,0,7,4,4,1
6647,1,2,3,4,0,7,1,0,1,0,1,0,2,1,6,7,0,2,1,0,7,4,4,1
6648,1,5,2,2,0,8,1,0,1,0,1,0,2,2,7,7,0,2,1,0,7,4,2,1
6649,1,2,3,4,0,8,1,0,1,0,1,0,1,2,7,7,0,2,1,0,7,4,2,1
6650,1,5,3,2,0,7,1,0,1,0,1,0,2,2,6,7,0,2,1,0,7,4,4,1
6651,1,2,3,4,0,8,1,0,1,0,1,0,1,1,7,7,0,2,1,0,7,4,2,1
6652,1,2,3,2,0,7,1,0,1,0,1,0,1,2,7,7,0,2,1,0,7,4,4,1
6653,1,5,3,2,0,2,1,0,1,0,1,0,1,2,6,7,0,2,1,0,7,4,2,1
6654,1,2,2,2,0,8,1,0,1,0,1,0,2,2,6,6,0,2,1,0,7,4,2,1
6655,1,3,2,4,0,7,1,0,1,0,1,0,2,1,7,7,0,2,1,0,7,4,0,1
6656,1,5,3,2,0,2,1,0,1,0,1,0,2,2,6,7,0,2,1,0,7,4,4,1
6657,1,5,2,4,0,2,1,0,1,0,1,0,1,2,6,6,0,2,1,0,7,4,2,1
6658,1,2,2,2,0,7,1,0,1,0,1,0,1,2,6,7,0,2,1,0,7,4,4,1
6659,1,2,2,2,0,8,1,0,1,0,1,0,2,2,7,7,0,2,1,0,7,4,4,1
6660,0,0,0,3,0,5,1,1,0,7,0,0,2,1,7,7,0,2,2,4,7,3,1,0
6661,1,5,2,4,0,8,1,0,1,0,1,0,1,2,7,7,0,2,1,0,7,4,4,1
6662,1,3,2,4,0,7,1,0,1,0,1,0,1,2,7,6,0,2,1,0,7,4,4,1
6663,0,0,2,4,0,5,0,0,0,6,0,0,2,2,5,5,0,0,1,4,8,4,2,0
6664,1,2,2,4,0,8,1,0,1,0,1,0,2,2,6,6,0,2,1,0,7,4,0,1
6665,1,2,3,4,0,7,1,0,1,0,1,0,1,1,6,7,0,2,1,0,7,4,0,1
6666,1,5,3,2,0,7,1,0,1,0,1,0,2,1,7,6,0,2,1,0,7,4,0,1
6667,1,5,2,2,0,7,1,0,1,0,1,0,1,2,6,6,0,2,1,0,7,4,0,1
6668,1,3,3,1,0,4,0,0,0,10,0,2,1,3,1,1,0,2,0,3,7,1,0,0
6669,1,5,2,2,0,7,1,0,1,0,1,0,2,2,7,7,0,2,1,0,7,4,2,1
6670,1,2,2,4,0,7,1,0,1,0,1,0,1,1,7,6,0,2,1,0,7,4,4,1
6671,1,5,2,4,0,8,1,0,1,0,1,0,1,1,6,6,0,2,1,0,7,4,2,1
6672,1,5,3,2,0,7,1,0,1,0,1,0,2,1,7,7,0,2,1,0,7,4,0,1
6673,1,5,2,2,0,2,1,0,1,0,1,0,1,1,6,7,0,2,1,0,7,4,0,1
6674,1,2,2,2,0,2,1,0,1,0,1,0,2,2,6,7,0,2,1,0,7,4,2,1
6675,1,2,2,4,0,2,1,0,1,0,1,0,2,1,6,7,0,2,1,0,7,4,0,1
6676,1,2,2,4,0,7,1,0,1,0,1,0,1,1,7,7,0,2,1,0,7,4,0,1
6677,1,2,3,2,0,8,1,0,1,0,1,0,1,2,6,6,0,2,1,0,7,4,4,1
6678,1,5,2,2,0,8,1,0,1,0,1,0,2,1,6,6,0,2,1,0,7,4,2,1
6679,1,2,3,2,0,7,1,0,1,0,1,0,2,1,7,6,0,2,1,0,7,4,0,1
6680,1,2,3,4,0,8,1,0,1,0,1,0,2,1,6,7,0,2,1,0,7,4,2,1
6681,1,5,3,2,0,2,1,0,1,0,1,0,1,1,7,7,0,2,1,0,7,4,2,1
6682,1,2,3,2,0,7,1,0,1,0,1,0,1,2,6,6,0,2,1,0,7,4,4,1
6683,1,2,2,2,0,2,1,0,1,0,1,0,1,1,7,7,0,2,1,0,7,4,2,1
6684,1,2,2,2,0,2,1,0,1,0,1,0,1,2,6,7,0,2,1,0,7,4,4,1
6685,1,5,2,2,0,8,1,0,1,0,1,0,1,1,7,7,0,2,1,0,7,4,4,1
6686,1,5,2,2,0,2,1,0,1,0,1,0,1,1,6,6,0,2,1,0,7,4,0,1
6687,1,3,3,2,0,7,1,0,1,0,1,0,2,2,7,7,0,2,1,0,7,4,4,1
6688,1,5,3,2,0,2,1,0,1,0,1,0,2,2,7,7,0,2,1,0,7,4,2,1
6689,1,5,2,2,0,8,1,0,1,0,1,0,2,2,6,7,0,2,1,0,7,4,0,1
6690,1,5,2,4,0,8,1,0,1,0,1,0,1,1,6,7,0,2,1,0,7,4,0,1
6691,1,5,2,4,0,7,1,0,1,0,1,0,2,2,7,7,0,2,1,0,7,4,2,1
6692,1,2,2,4,0,8,1,0,1,0,1,0,2,1,6,7,0,2,1,0,7,4,0,1
6693,1,2,3,4,0,7,1,0,1,0,1,0,1,1,7,6,0,2,1,0,7,4,4,1
6694,1,5,2,2,0,7,1,0,1,0,1,0,2,1,7,6,0,2,1,0,7,4,0,1
6695,1,3,2,4,0,2,1,0,1,0,1,0,2,1,6,7,0,2,1,0,7,4,4,1
6696,1,2,2,4,0,8,1,0,1,0,1,0,2,2,7,7,0,2,1,0,7,4,0,1
6697,1,2,3,4,0,2,1,0,1,0,1,0,1,1,7,7,0,2,1,0,7,4,0,1
6698,1,2,3,2,0,8,1,0,1,0,1,0,2,1,6,6,0,2,1,0,7,4,4,1
6699,1,2,3,2,0,7,1,0,1,0,1,0,2,1,6,6,0,2,1,0,7,4,2,1
6700,1,2,3,4,0,2,1,0,1,0,1,0,1,2,6,7,0,2,1,0,7,4,0,1
6701,1,5,2,2,0,8,1,0,1,0,1,0,1,2,7,6,0,2,1,0,7,4,2,1
6702,1,2,3,4,0,7,1,0,1,0,1,0,2,1,7,7,0,2,1,0,7,4,0,1
6703,1,2,2,4,0,7,1,0,1,0,1,0,1,2,7,7,0,2,1,0,7,4,0,1
6704,1,2,2,2,0,2,1,0,1,0,1,0,2,1,6,6,0,2,1,0,7,4,4,1
6705,1,5,2,4,0,8,1,0,1,0,1,0,2,2,6,6,0,2,1,0,7,4,0,1
6706,1,2,3,2,0,2,1,0,1,0,1,0,2,2,7,7,0,2,1,0,7,4,0,1
6707,1,3,3,4,0,8,1,0,1,0,1,0,1,1,6,7,0,2,1,0,7,4,2,1
6708,1,2,2,4,0,8,1,0,1,0,1,0,1,2,7,7,0,2,1,0,7,4,4,1
6709,1,2,3,4,0,2,1,0,1,0,1,0,2,1,6,7,0,2,1,0,7,4,4,1
6710,1,2,2,2,0,8,1,0,1,0,1,0,1,1,6,6,0,2,1,0,7,4,2,1
6711,1,5,2,4,0,2,1,0,1,0,1,0,2,1,7,7,0,2,1,0,7,4,2,1
6712,1,2,2,2,0,2,1,0,1,0,1,0,2,1,6,7,0,2,1,0,7,4,4,1
6713,1,5,2,2,0,2,1,0,1,0,1,0,2,1,7,7,0,2,1,0,7,4,0,1
6714,1,2,3,2,0,7,1,0,1,0,1,0,2,2,6,7,0,2,1,0,7,4,0,1
6715,1,5,2,2,0,8,1,0,1,0,1,0,1,1,6,6,0,2,1,0,7,4,4,1
6716,1,2,2,2,0,7,1,0,1,0,1,0,2,1,7,6,0,2,1,0,7,4,4,1
6717,1,2,2,4,0,2,1,0,1,0,1,0,1,2,7,6,0,2,1,0,7,4,4,1
6718,1,5,2,4,0,8,1,0,1,0,1,0,2,1,6,7,0,2,1,0,7,4,4,1
6719,1,5,2,2,0,7,1,0,1,0,1,0,2,2,6,6,0,2,1,0,7,4,0,1
6720,1,2,2,2,0,7,1,0,1,0,1,0,2,1,7,7,0,2,1,0,7,4,0,1
6721,1,5,2,2,0,2,1,0,1,0,1,0,2,1,6,7,0,2,1,0,7,4,2,1
6722,1,5,2,4,0,7,1,0,1,0,1,0,1,2,7,7,0,2,1,0,7,4,2,1
6723,1,2,2,2,0,2,1,0,1,0,1,0,1,1,6,6,0,2,1,0,7,4,0,1
6724,1,5,3,2,0,7,1,0,1,0,1,0,2,1,7,6,0,2,1,0,7,4,2,1
6725,1,5,2,4,0,8,1,0,1,0,1,0,2,1,6,6,0,2,1,0,7,4,4,1
6726,1,5,3,2,0,7,1,0,1,0,1,0,2,2,7,6,0,2,1,0,7,4,4,1
6727,1,2,2,2,0,8,1,0,1,0,1,0,1,1,7,7,0,2,1,0,7,4,2,1
6728,1,5,2,2,0,7,1,0,1,0,1,0,1,2,7,6,0,2,1,0,7,4,0,1
6729,1,2,3,4,0,2,1,0,1,0,1,0,2,2,6,7,0,2,1,0,7,4,2,1
6730,1,5,2,2,0,2,1,0,1,0,1,0,1,2,7,7,0,2,1,0,7,4,2,1
6731,1,5,2,4,0,7,1,0,1,0,1,0,1,2,7,6,0,2,1,0,7,4,2,1
6732,1,2,2,2,0,8,1,0,1,0,1,0,1,2,7,7,0,2,1,0,7,4,0,1
6733,1,5,2,2,0,7,1,0,1,0,1,0,2,1,6,6,0,2,1,0,7,4,0,1
6734,1,2,2,4,0,8,1,0,1,0,1,0,1,1,7,6,0,2,1,0,7,4,2,1
6735,1,5,3,2,0,7,1,0,1,0,1,0,1,1,7,6,0,2,1,0,7,4,4,1
6736,1,2,3,2,0,8,1,0,1,0,1,0,1,1,6,6,0,2,1,0,7,4,0,1
6737,1,5,3,2,0,7,1,0,1,0,1,0,1,1,6,7,0,2,1,0,7,4,4,1
6738,1,3,3,4,0,8,1,0,1,0,1,0,1,1,7,7,0,2,1,0,7,4,2,1
6739,1,2,3,4,0,8,1,0,1,0,1,0,2,2,7,7,0,2,1,0,7,4,2,1
6740,1,5,3,2,0,2,1,0,1,0,1,0,2,2,6,6,0,2,1,0,7,4,2,1
6741,1,2,2,4,0,8,1,0,1,0,1,0,2,2,7,7,0,2,1,0,7,4,4,1
6742,1,5,2,2,0,7,1,0,1,0,1,0,1,1,6,7,0,2,1,0,7,4,0,1
6743,1,2,2,2,0,8,1,0,1,0,1,0,1,2,6,6,0,2,1,0,7,4,0,1
6744,0,5,0,3,0,5,1,1,0,2,0,0,1,1,7,7,0,2,2,4,7,3,1,1
6745,1,5,2,2,0,8,1,0,1,0,1,0,2,1,7,7,0,2,1,0,7,4,4,1
6746,1,2,2,4,0,2,1,0,1,0,1,0,2,1,6,6,0,2,1,0,7,4,2,1
6747,1,2,2,4,0,7,1,0,1,0,1,0,2,2,6,6,0,2,1,0,7,4,4,1
6748,1,5,2,2,0,2,1,0,1,0,1,0,2,1,7,7,0,2,1,0,7,4,2,1
6749,1,5,2,2,0,8,1,0,1,0,1,0,1,2,7,7,0,2,1,0,7,4,2,1
6750,1,5,2,2,0,7,1,0,1,0,1,0,1,2,7,7,0,2,1,0,7,4,2,1
6751,1,2,3,2,0,8,1,0,1,0,1,0,1,2,7,7,0,2,1,0,7,4,0,1
6752,0,0,0,3,0,5,1,1,0,10,0,0,2,2,7,7,0,2,2,4,7,3,1,0
6753,1,2,3,4,0,7,1,0,1,0,1,0,1,2,7,6,0,2,1,0,7,4,0,1
6754,1,2,3,2,0,2,1,0,1,0,1,0,2,1,6,6,0,2,1,0,7,4,0,1
6755,1,2,3,4,0,7,1,0,1,0,1,0,2,2,6,6,0,2,1,0,7,4,0,1
6756,1,2,2,4,0,2,1,0,1,0,1,0,2,1,6,7,0,2,1,0,7,4,2,1
6757,1,2,3,4,0,2,1,0,1,0,1,0,2,1,7,6,0,2,1,0,7,4,0,1
6758,1,5,3,2,0,7,1,0,1,0,1,0,1,2,6,7,0,2,1,0,7,4,0,1
6759,1,2,3,4,0,7,1,0,1,0,1,0,2,2,7,7,0,2,1,0,7,4,2,1
6760,1,5,2,4,0,8,1,0,1,0,1,0,2,1,6,6,0,2,1,0,7,4,0,1
6761,1,2,3,2,0,2,1,0,1,0,1,0,2,2,6,7,0,2,1,0,7,4,0,1
6762,0,3,0,3,0,5,1,1,0,7,0,0,1,2,7,7,0,2,2,4,7,3,1,0
6763,0,0,2,4,0,5,0,0,0,11,0,0,2,2,5,5,0,0,1,4,4,1,2,0
6764,1,2,2,4,0,7,1,0,1,0,1,0,2,2,7,7,0,2,1,0,7,4,2,1
6765,1,5,2,4,0,7,1,0,1,0,1,0,2,2,6,7,0,2,1,0,7,4,4,1
6766,1,2,3,4,0,7,1,0,1,0,1,0,2,2,6,6,0,2,1,0,7,4,2,1
6767,1,2,2,2,0,7,1,0,1,0,1,0,1,2,7,7,0,2,1,0,7,4,2,1
6768,1,2,3,4,0,8,1,0,1,0,1,0,2,2,6,7,0,2,1,0,7,4,2,1
6769,1,2,2,4,0,2,1,0,1,0,1,0,2,2,6,6,0,2,1,0,7,4,0,1
6770,1,2,3,2,0,8,1,0,1,0,1,0,2,2,6,6,0,2,1,0,7,4,4,1
6771,1,2,3,2,0,2,1,0,1,0,1,0,1,1,6,7,0,2,1,0,7,4,2,1
6772,1,2,2,4,0,7,1,0,1,0,1,0,1,1,7,6,0,2,1,0,7,4,2,1
6773,1,5,2,2,0,8,1,0,1,0,1,0,2,1,7,7,0,2,1,0,7,4,0,1
6774,0,5,0,8,0,5,1,1,0,2,0,0,2,1,7,7,0,2,2,4,7,2,1,2
6775,1,2,2,4,0,2,1,0,1,0,1,0,2,2,6,6,0,2,1,0,7,4,4,1
6776,1,5,2,2,0,8,1,0,1,0,1,0,1,2,6,7,0,2,1,0,7,4,2,1
6777,1,5,2,4,0,8,1,0,1,0,1,0,1,2,6,6,0,2,1,0,7,4,0,1
6778,1,5,2,4,0,8,1,0,1,0,1,0,1,2,6,6,0,2,1,0,7,4,2,1
6779,1,5,2,4,0,2,1,0,1,0,1,0,1,1,6,7,0,2,1,0,7,4,0,1
6780,1,3,3,4,0,8,1,0,1,0,1,0,1,1,6,7,0,2,1,0,7,4,0,1
6781,1,2,2,4,0,8,1,0,1,0,1,0,1,1,7,6,0,2,1,0,7,4,4,1
6782,1,5,3,2,0,8,1,0,1,0,1,0,2,2,7,6,0,2,1,0,7,4,4,1
6783,1,2,2,4,0,8,1,0,1,0,1,0,2,2,6,7,0,2,1,0,7,4,4,1
6784,1,2,2,4,0,2,1,0,1,0,1,0,2,1,7,7,0,2,1,0,7,4,0,1
6785,1,5,2,4,0,7,1,0,1,0,1,0,2,1,7,7,0,2,1,0,7,4,2,1
6786,1,5,2,4,0,2,1,0,1,0,1,0,2,2,6,7,0,2,1,0,7,4,0,1
6787,1,5,3,2,0,7,1,0,1,0,1,0,2,2,7,7,0,2,1,0,7,4,2,1
6788,1,2,2,2,0,2,1,0,1,0,1,0,2,2,7,6,0,2,1,0,7,4,0,1
6789,1,2,2,2,0,7,1,0,1,0,1,0,1,1,7,6,0,2,1,0,7,4,2,1
6790,1,2,3,4,0,2,1,0,1,0,1,0,2,1,7,6,0,2,1,0,7,4,4,1
6791,1,5,2,2,0,7,1,0,1,0,1,0,2,1,6,6,0,2,1,0,7,4,2,1
6792,1,2,2,2,0,7,1,0,1,0,1,0,2,2,7,6,0,2,1,0,7,4,2,1
6793,1,2,3,2,0,7,1,0,1,0,1,0,2,2,6,6,0,2,1,0,7,4,0,1
6794,1,2,3,2,0,8,1,0,1,0,1,0,1,1,6,7,0,2,1,0,7,4,2,1
6795,1,5,3,2,0,7,1,0,1,0,1,0,1,1,7,7,0,2,1,0,7,4,2,1
6796,1,2,3,4,0,2,1,0,1,0,1,0,1,1,7,7,0,2,1,0,7,4,2,1
6797,1,2,2,4,0,2,1,0,1,0,1,0,2,2,7,7,0,2,1,0,7,4,2,1
6798,1,2,2,4,0,8,1,0,1,0,1,0,1,2,6,6,0,2,1,0,7,4,4,1
6799,1,3,3,2,0,2,1,0,1,0,1,0,1,1,7,7,0,2,1,0,7,4,2,1
6800,1,2,2,2,0,8,1,0,1,0,1,0,2,2,7,7,0,2,1,0,7,4,2,1
6801,1,5,2,2,0,7,1,0,1,0,1,0,1,2,6,6,0,2,1,0,7,4,4,1
6802,1,5,3,2,0,8,1,0,1,0,1,0,2,1,7,7,0,2,1,0,7,4,4,1
6803,1,2,3,2,0,2,1,0,1,0,1,0,2,1,7,7,0,2,1,0,7,4,2,1
6804,1,5,3,2,0,7,1,0,1,0,1,0,1,1,7,7,0,2,1,0,7,4,0,1
6805,1,2,3,2,0,2,1,0,1,0,1,0,2,2,7,6,0,2,1,0,7,4,2,1
6806,1,2,3,4,0,8,1,0,1,0,1,0,1,1,6,6,0,2,1,0,7,4,0,1
6807,1,2,3,2,0,8,1,0,1,0,1,0,2,1,6,6,0,2,1,0,7,4,2,1
6808,1,5,3,2,0,7,1,0,1,0,1,0,2,2,7,7,0,2,1,0,7,4,4,1
6809,1,5,2,2,0,8,1,0,1,0,1,0,2,1,6,7,0,2,1,0,7,4,0,1
6810,1,2,2,2,0,2,1,0,1,0,1,0,1,2,6,7,0,2,1,0,7,4,2,1
6811,1,2,2,2,0,2,1,0,1,0,1,0,1,1,6,7,0,2,1,0,7,4,4,1
6812,1,5,2,2,0,2,1,0,1,0,1,0,2,2,7,7,0,2,1,0,7,4,4,1
6813,1,2,2,2,0,8,1,0,1,0,1,0,1,1,7,7,0,2,1,0,7,4,4,1
6814,1,2,2,2,0,7,1,0,1,0,1,0,2,2,7,7,0,2,1,0,7,4,4,1
6815,1,2,2,4,0,8,1,0,1,0,1,0,1,1,6,7,0,2,1,0,7,4,2,1
6816,1,2,3,2,0,2,1,0,1,0,1,0,1,1,6,6,0,2,1,0,7,4,0,1
6817,1,2,3,4,0,7,1,0,1,0,1,0,1,1,6,7,0,2,1,0,7,4,4,1
6818,1,3,2,2,0,2,1,0,1,0,1,0,1,1,7,6,0,2,1,0,7,4,2,1
6819,1,2,2,4,0,8,1,0,1,0,1,0,1,1,6,7,0,2,1,0,7,4,0,1
6820,1,2,3,4,0,8,1,0,1,0,1,0,2,2,6,6,0,2,1,0,7,4,4,1
6821,1,2,2,2,0,7,1,0,1,0,1,0,1,2,6,6,0,2,1,0,7,4,2,1
6822,1,2,3,2,0,8,1,0,1,0,1,0,2,2,7,6,0,2,1,0,7,4,2,1
6823,1,5,2,4,0,8,1,0,1,0,1,0,2,2,6,6,0,2,1,0,7,4,4,1
6824,1,3,3,4,0,8,1,0,1,0,1,0,1,1,6,6,0,2,1,0,7,4,4,1
6825,1,5,3,2,0,7,1,0,1,0,1,0,1,1,7,6,0,2,1,0,7,4,0,1
6826,1,5,2,2,0,2,1,0,1,0,1,0,2,2,7,6,0,2,1,0,7,4,2,1
6827,0,5,2,3,0,5,1,1,0,10,0,0,1,2,7,7,0,2,2,4,7,2,1,0
6828,1,3,3,4,0,8,1,0,1,0,1,0,1,2,6,7,0,2,1,0,7,4,0,1
6829,1,5,2,4,0,8,1,0,1,0,1,0,1,2,7,6,0,2,1,0,7,4,4,1
6830,1,2,2,4,0,7,1,0,1,0,1,0,2,1,7,6,0,2,1,0,7,4,4,1
6831,1,2,2,4,0,7,1,0,1,0,1,0,2,2,7,6,0,2,1,0,7,4,4,1
6832,1,5,2,2,0,7,1,0,1,0,1,0,1,1,7,7,0,2,1,0,7,4,4,1
6833,1,2,2,2,0,2,1,0,1,0,1,0,2,1,6,7,0,2,1,0,7,4,2,1
6834,1,2,3,2,0,2,1,0,1,0,1,0,1,1,7,7,0,2,1,0,7,4,2,1
6835,1,2,3,2,0,2,1,0,1,0,1,0,1,1,7,6,0,2,1,0,7,4,4,1
6836,1,2,2,4,0,2,1,0,1,0,1,0,1,2,7,7,0,2,1,0,7,4,2,1
6837,1,2,2,2,0,2,1,0,1,0,1,0,2,2,6,7,0,2,1,0,7,4,4,1
6838,1,5,2,4,0,2,1,0,1,0,1,0,1,2,7,6,0,2,1,0,7,4,4,1
6839,1,2,2,2,0,2,1,0,1,0,1,0,1,1,6,6,0,2,1,0,7,4,2,1
6840,1,5,2,2,0,7,1,0,1,0,1,0,2,2,7,7,0,2,1,0,7,4,4,1
6841,1,2,2,2,0,8,1,0,1,0,1,0,2,2,7,6,0,2,1,0,7,4,0,1
6842,1,2,3,2,0,2,1,0,1,0,1,0,1,2,7,7,0,2,1,0,7,4,4,1
6843,1,3,3,2,0,7,1,0,1,0,1,0,2,2,6,7,0,2,1,0,7,4,4,1
6844,1,2,2,4,0,7,1,0,1,0,1,0,2,2,7,7,0,2,1,0,7,4,4,1
6845,1,3,3,2,0,7,1,0,1,0,1,0,1,2,7,7,0,2,1,0,7,4,0,1
6846,1,2,2,2,0,8,1,0,1,0,1,0,1,1,6,7,0,2,1,0,7,4,2,1
6847,1,2,3,2,0,7,1,0,1,0,1,0,2,1,7,7,0,2,1,0,7,4,2,1
6848,1,2,2,2,0,2,1,0,1,0,1,0,1,1,6,7,0,2,1,0,7,4,2,1
6849,0,0,2,4,0,5,0,0,0,5,0,0,2,2,5,5,0,1,1,4,4,1,2,0
6850,1,5,2,4,0,2,1,0,1,0,1,0,2,1,7,7,0,2,1,0,7,4,0,1
6851,1,2,3,2,0,7,1,0,1,0,1,0,1,2,6,7,0,2,1,0,7,4,2,1
6852,1,2,3,4,0,7,1,0,1,0,1,0,1,1,7,6,0,2,1,0,7,4,0,1
6853,1,2,2,2,0,2,1,0,1,0,1,0,1,1,6,7,0,2,1,0,7,4,0,1
6854,1,2,3,4,0,2,1,0,1,0,1,0,1,1,7,7,0,2,1,0,7,4,4,1
6855,1,3,3,4,0,4,1,0,0,10,0,2,1,3,1,1,0,2,0,3,7,1,0,0
6856,1,5,2,2,0,2,1,0,1,0,1,0,1,1,7,7,0,2,1,0,7,4,4,1
6857,1,2,2,2,0,7,1,0,1,0,1,0,1,1,7,7,0,2,1,0,7,4,2,1
6858,1,3,3,4,0,8,1,0,1,0,1,0,1,2,7,6,0,2,1,0,7,4,0,1
6859,1,2,2,2,0,2,1,0,1,0,1,0,2,2,7,6,0,2,1,0,7,4,4,1
6860,0,3,2,8,0,5,1,1,0,2,0,0,1,1,7,7,0,2,2,4,7,3,1,2
6861,1,2,3,4,0,8,1,0,1,0,1,0,1,2,6,6,0,2,1,0,7,4,2,1
6862,1,2,3,4,0,8,1,0,1,0,1,0,2,1,6,7,0,2,1,0,7,4,0,1
6863,1,2,3,4,0,8,1,0,1,0,1,0,2,2,6,7,0,2,1,0,7,4,4,1
6864,1,2,2,4,0,7,1,0,1,0,1,0,1,1,7,6,0,2,1,0,7,4,0,1
6865,1,2,2,4,0,8,1,0,1,0,1,0,2,2,7,7,0,2,1,0,7,4,2,1
6866,1,2,3,2,0,8,1,0,1,0,1,0,1,1,6,7,0,2,1,0,7,4,4,1
6867,1,5,2,2,0,2,1,0,1,0,1,0,1,2,7,6,0,2,1,0,7,4,0,1
6868,1,2,3,4,0,2,1,0,1,0,1,0,1,2,6,6,0,2,1,0,7,4,4,1
6869,1,5,2,4,0,2,1,0,1,0,1,0,2,1,6,6,0,2,1,0,7,4,4,1
6870,1,5,2,2,0,2,1,0,1,0,1,0,2,1,6,6,0,2,1,0,7,4,2,1
6871,1,5,2,2,0,8,1,0,1,0,1,0,2,1,7,7,0,2,1,0,7,4,2,1
6872,1,2,3,2,0,8,1,0,1,0,1,0,1,1,7,6,0,2,1,0,7,4,0,1
6873,1,5,2,4,0,8,1,0,1,0,1,0,1,2,6,7,0,2,1,0,7,4,0,1
6874,1,5,2,2,0,7,1,0,1,0,1,0,2,2,7,6,0,2,1,0,7,4,4,1
6875,1,2,2,4,0,2,1,0,1,0,1,0,1,2,6,7,0,2,1,0,7,4,2,1
6876,1,5,2,4,0,8,1,0,1,0,1,0,1,1,6,7,0,2,1,0,7,4,2,1
6877,1,2,3,2,0,8,1,0,1,0,1,0,1,2,7,6,0,2,1,0,7,4,0,1
6878,1,5,2,4,0,2,1,0,1,0,1,0,1,1,7,6,0,2,1,0,7,4,0,1
6879,1,2,3,2,0,2,1,0,1,0,1,0,1,1,6,6,0,2,1,0,7,4,2,1
6880,1,2,2,2,0,2,1,0,1,0,1,0,1,2,7,7,0,2,1,0,7,4,4,1
6881,1,2,3,4,0,2,1,0,1,0,1,0,1,1,6,6,0,2,1,0,7,4,2,1
6882,1,2,3,4,0,8,1,0,1,0,1,0,2,2,7,7,0,2,1,0,7,4,0,1
6883,1,5,3,2,0,2,1,0,1,0,1,0,1,1,6,7,0,2,1,0,7,4,0,1
6884,0,3,0,3,0,5,1,1,0,10,0,0,1,1,7,7,0,2,2,4,7,2,1,0
6885,1,5,2,2,0,8,1,0,1,0,1,0,2,1,6,6,0,2,1,0,7,4,0,1
6886,1,3,3,4,0,8,1,0,1,0,1,0,2,1,6,6,0,2,1,0,7,4,0,1
6887,1,3,3,4,0,7,1,0,1,0,1,0,2,1,7,7,0,2,1,0,7,4,0,1
6888,1,5,3,2,0,7,1,0,1,0,1,0,2,2,6,6,0,2,1,0,7,4,4,1
6889,1,2,2,2,0,2,1,0,1,0,1,0,1,2,7,6,0,2,1,0,7,4,2,1
6890,1,2,2,4,0,7,1,0,1,0,1,0,1,2,6,6,0,2,1,0,7,4,2,1
6891,1,2,2,2,0,7,1,0,1,0,1,0,2,1,7,7,0,2,1,0,7,4,4,1
6892,1,5,2,2,0,2,1,0,1,0,1,0,1,2,7,7,0,2,1,0,7,4,4,1
6893,1,2,2,4,0,7,1,0,1,0,1,0,2,2,6,7,0,2,1,0,7,4,0,1
6894,1,2,3,2,0,7,1,0,1,0,1,0,2,1,6,6,0,2,1,0,7,4,4,1
6895,1,5,2,4,0,7,1,0,1,0,1,0,2,1,6,7,0,2,1,0,7,4,2,1
6896,1,5,3,2,0,2,1,0,1,0,1,0,2,1,6,6,0,2,1,0,7,4,4,1
6897,1,2,2,2,0,8,1,0,1,0,1,0,1,2,6,6,0,2,1,0,7,4,4,1
6898,1,5,2,4,0,8,1,0,1,0,1,0,1,1,6,6,0,2,1,0,7,4,0,1
6899,1,2,2,4,0,2,1,0,1,0,1,0,1,2,6,7,0,2,1,0,7,4,4,1
6900,0,5,2,4,0,5,0,0,0,5,0,0,2,2,5,5,0,1,1,4,8,4,2,0
6901,1,3,2,4,0,8,1,0,1,0,1,0,1,1,7,6,0,2,1,0,7,4,4,1
6902,1,2,2,4,0,8,1,0,1,0,1,0,2,2,6,7,0,2,1,0,7,4,2,1
6903,1,3,3,2,0,2,1,0,1,0,1,0,1,2,7,7,0,2,1,0,7,4,4,1
6904,0,5,3,1,1,5,1,0,0,10,0,1,2,2,7,7,0,2,2,4,7,5,4,0
6905,0,0,2,4,0,5,0,0,0,5,0,0,2,2,5,5,0,0,1,4,8,1,2,0
6906,0,3,2,3,0,5,1,1,0,10,0,0,2,1,7,7,0,2,2,4,7,2,1,0
6907,0,5,0,3,0,5,1,1,0,2,0,0,2,1,7,7,0,2,2,4,7,3,1,1
6908,1,5,2,4,0,7,1,0,1,0,1,0,2,1,7,6,0,2,1,0,7,4,0,1
6909,1,3,3,2,0,2,1,0,1,0,1,0,2,2,7,7,0,2,1,0,7,4,4,1
6910,0,5,2,4,0,5,0,0,0,6,0,0,2,2,5,5,0,0,1,4,4,1,2,0
6911,1,3,2,2,0,7,1,0,1,0,1,0,1,1,7,7,0,2,1,0,7,4,0,1
6912,1,0,3,9,0,5,1,1,1,11,0,2,3,3,8,8,0,3,1,0,7,1,2,0
6913,1,5,2,2,0,2,1,0,1,0,1,0,1,2,7,7,0,2,1,0,7,4,0,1
6914,0,0,2,3,0,5,1,1,0,2,0,0,1,1,7,7,0,2,2,4,7,2,1,1
6915,1,3,3,2,0,2,1,0,1,0,1,0,2,1,7,6,0,2,1,0,7,4,4,1
6916,1,3,2,2,0,7,1,0,1,0,1,0,2,1,6,6,0,2,1,0,7,4,4,1
6917,1,2,2,2,0,7,1,0,1,0,1,0,1,1,7,7,0,2,1,0,7,4,0,1
6918,1,2,3,4,0,8,1,0,1,0,1,0,1,2,6,7,0,2,1,0,7,4,4,1
6919,1,2,2,2,0,7,1,0,1,0,1,0,1,1,7,6,0,2,1,0,7,4,0,1
6920,0,3,0,3,0,5,1,1,0,10,0,0,2,1,7,7,0,2,2,4,7,3,1,0
6921,1,3,2,4,0,7,1,0,1,0,1,0,2,2,7,7,0,2,1,0,7,4,4,1
6922,1,3,2,2,0,8,1,0,1,0,1,0,1,2,6,6,0,2,1,0,7,4,0,1
6923,1,2,2,2,0,2,1,0,1,0,1,0,1,2,7,7,0,2,1,0,7,4,2,1
6924,0,0,0,3,0,5,1,1,0,7,0,0,1,1,7,7,0,2,2,4,7,2,1,0
6925,1,2,3,4,0,7,1,0,1,0,1,0,1,1,7,7,0,2,1,0,7,4,0,1
6926,1,2,2,4,0,8,1,0,1,0,1,0,2,2,7,6,0,2,1,0,7,4,4,1
6927,0,2,2,4,0,5,0,0,0,6,0,0,2,2,5,5,0,0,1,4,3,1,2,0
6928,0,5,3,5,1,5,1,0,0,10,0,1,2,2,7,7,0,2,2,4,7,5,4,0
6929,1,2,2,4,0,8,1,0,1,0,1,0,1,1,7,6,0,2,1,0,7,4,0,1
6930,1,3,3,2,0,8,1,0,1,0,1,0,1,1,7,6,0,2,1,0,7,4,2,1
6931,1,2,2,4,0,7,1,0,1,0,1,0,2,2,7,6,0,2,1,0,7,4,2,1
6932,0,0,2,8,0,5,1,1,0,10,0,0,2,1,7,7,0,2,2,4,7,2,1,0
6933,1,5,3,2,0,2,1,0,1,0,1,0,1,1,6,7,0,2,1,0,7,4,4,1
6934,1,2,3,2,0,8,1,0,1,0,1,0,1,2,6,6,0,2,1,0,7,4,2,1
6935,1,2,2,2,0,8,1,0,1,0,1,0,1,2,7,6,0,2,1,0,7,4,2,1
6936,1,3,3,4,0,2,1,0,1,0,1,0,2,2,6,7,0,2,1,0,7,4,0,1
6937,0,5,0,8,0,5,1,1,0,7,0,0,2,2,7,7,0,2,2,4,7,3,1,0
6938,0,0,2,8,0,5,1,1,0,7,0,0,2,2,7,7,0,2,2,4,7,2,1,0
6939,1,3,2,2,0,8,1,0,1,0,1,0,1,1,7,7,0,2,1,0,7,4,2,1
6940,1,2,3,4,0,8,1,0,1,0,1,0,2,1,7,7,0,2,1,0,7,4,2,1
6941,0,2,3,4,1,5,1,0,0,10,0,1,2,2,7,7,0,2,2,4,7,4,4,0
6942,1,3,2,4,0,7,1,0,1,0,1,0,2,2,6,6,0,2,1,0,7,4,0,1
6943,1,3,2,4,0,8,1,0,1,0,1,0,2,1,7,6,0,2,1,0,7,4,2,1
6944,1,2,3,4,0,7,1,0,1,0,1,0,2,1,7,6,0,2,1,0,7,4,2,1
6945,1,2,3,2,0,4,0,0,0,10,0,2,1,3,1,1,0,2,0,3,7,1,0,0
6946,1,5,2,2,0,2,1,0,1,0,1,0,2,1,7,6,0,2,1,0,7,4,0,1
6947,1,3,3,2,0,7,1,0,1,0,1,0,2,2,6,6,0,2,1,0,7,4,4,1
6948,1,5,2,4,0,7,1,0,1,0,1,0,2,1,6,6,0,2,1,0,7,4,2,1
6949,1,3,2,2,0,2,1,0,1,0,1,0,1,1,7,7,0,2,1,0,7,4,2,1
6950,1,3,3,4,0,2,1,0,1,0,1,0,2,1,7,6,0,2,1,0,7,4,2,1
6951,1,2,3,2,0,2,1,0,1,0,1,0,2,2,7,7,0,2,1,0,7,4,4,1
6952,0,5,0,8,0,5,1,1,0,10,0,0,2,2,7,7,0,2,2,4,7,3,1,0
6953,1,3,2,4,0,7,1,0,1,0,1,0,1,2,7,7,0,2,1,0,7,4,0,1
6954,1,2,2,4,0,2,1,0,1,0,1,0,2,1,6,6,0,2,1,0,7,4,4,1
6955,1,3,2,2,0,8,1,0,1,0,1,0,2,1,6,6,0,2,1,0,7,4,0,1
6956,1,3,2,2,0,7,1,0,1,0,1,0,1,1,7,7,0,2,1,0,7,4,2,1
6957,1,3,3,4,0,7,1,0,1,0,1,0,2,2,6,6,0,2,1,0,7,4,2,1
6958,0,3,0,8,0,5,1,1,0,2,0,0,2,2,7,7,0,2,2,4,7,3,1,2
6959,1,3,2,4,0,2,1,0,1,0,1,0,2,2,6,6,0,2,1,0,7,4,4,1
6960,1,3,3,4,0,7,1,0,1,0,1,0,1,2,6,6,0,2,1,0,7,4,2,1
6961,1,3,2,4,0,7,1,0,1,0,1,0,1,1,7,7,0,2,1,0,7,4,2,1
6962,1,3,2,2,0,7,1,0,1,0,1,0,2,2,7,7,0,2,1,0,7,4,0,1
6963,1,5,2,4,0,8,1,0,1,0,1,0,1,1,7,6,0,2,1,0,7,4,2,1
6964,1,5,3,2,0,7,1,0,1,0,1,0,2,2,6,6,0,2,1,0,7,4,2,1
6965,1,2,2,2,0,8,1,0,1,0,1,0,1,1,6,7,0,2,1,0,7,4,4,1
6966,1,3,3,4,0,2,1,0,1,0,1,0,2,2,6,6,0,2,1,0,7,4,0,1
6967,0,0,2,4,0,5,1,0,0,10,0,1,3,3,4,4,0,2,2,4,7,5,0,0
6968,1,2,2,4,0,2,1,0,1,0,1,0,2,2,6,7,0,2,1,0,7,4,4,1
6969,1,3,3,2,0,2,1,0,1,0,1,0,1,1,6,7,0,2,1,0,7,4,0,1
6970,0,5,2,4,0,5,1,0,0,10,0,1,3,3,4,4,0,2,2,4,7,5,0,0
6971,1,2,2,4,0,2,1,0,1,0,1,0,1,1,7,6,0,2,1,0,7,4,0,1
6972,1,3,2,4,0,8,1,0,1,0,1,0,2,2,7,7,0,2,1,0,7,4,2,1
6973,1,2,3,4,0,7,1,0,1,0,1,0,1,1,7,7,0,2,1,0,7,4,4,1
6974,1,5,2,4,0,7,1,0,1,0,1,0,2,2,6,6,0,2,1,0,7,4,4,1
6975,0,3,0,8,0,5,1,1,0,10,0,0,2,2,7,7,0,2,2,4,7,3,1,0
6976,1,2,3,2,0,2,1,0,1,0,1,0,1,1,7,7,0,2,1,0,7,4,0,1
6977,1,5,2,2,0,8,1,0,1,0,1,0,2,1,6,7,0,2,1,0,7,4,4,1
6978,1,5,2,4,0,2,1,0,1,0,1,0,1,2,7,7,0,2,1,0,7,4,2,1
6979,1,2,2,4,0,2,1,0,1,0,1,0,1,2,7,7,0,2,1,0,7,4,4,1
6980,1,3,2,4,0,8,1,0,1,0,1,0,1,1,7,7,0,2,1,0,7,4,2,1
6981,1,3,2,2,0,2,1,0,1,0,1,0,1,2,7,7,0,2,1,0,7,4,4,1
6982,1,3,2,2,0,7,1,0,1,0,1,0,1,2,6,7,0,2,1,0,7,4,2,1
6983,1,5,2,2,0,2,1,0,1,0,1,0,1,1,7,6,0,2,1,0,7,4,0,1
6984,0,0,2,4,0,5,1,0,0,10,0,1,3,3,4,4,0,2,2,4,7,5,4,0
6985,1,3,2,2,0,8,1,0,1,0,1,0,1,2,6,7,0,2,1,0,7,4,4,1
6986,1,5,2,4,0,2,1,0,1,0,1,0,2,2,7,7,0,2,1,0,7,4,4,1
6987,1,5,3,2,0,2,1,0,1,0,1,0,1,1,7,7,0,2,1,0,7,4,4,1
6988,1,2,2,2,0,7,1,0,1,0,1,0,2,2,6,6,0,2,1,0,7,4,2,1
6989,0,0,2,4,0,5,0,0,0,5,0,0,2,2,5,5,0,0,1,4,3,1,2,0
6990,0,3,2,3,0,5,1,1,0,7,0,0,1,1,7,7,0,2,2,4,7,2,1,0
6991,1,3,3,2,0,4,1,0,0,11,0,2,1,3,1,1,0,2,0,3,7,1,0,0
6992,1,3,3,2,0,8,1,0,1,0,1,0,1,2,7,6,0,2,1,0,7,4,2,1
6993,1,2,2,2,0,8,1,0,1,0,1,0,1,1,6,6,0,2,1,0,7,4,0,1
6994,0,3,2,4,0,5,0,0,0,11,0,0,2,2,5,5,0,1,1,4,4,1,2,0
6995,1,2,3,2,0,7,1,0,1,0,1,0,1,2,6,7,0,2,1,0,7,4,0,1
6996,1,3,3,2,0,7,1,0,1,0,1,0,2,1,7,6,0,2,1,0,7,4,0,1
6997,0,3,0,8,0,5,1,1,0,7,0,0,1,2,7,7,0,2,2,4,7,3,1,0
6998,0,5,2,3,0,5,1,1,0,10,0,0,2,1,7,7,0,2,2,4,7,3,1,0
6999,0,3,2,4,0,5,0,0,0,11,0,0,2,2,5,5,0,1,1,4,4,4,2,0
7000,1,3,3,2,0,7,1,0,1,0,1,0,2,2,7,7,0,2,1,0,7,4,0,1
7001,1,3,3,4,0,7,1,0,1,0,1,0,1,2,7,6,0,2,1,0,7,4,2,1
7002,1,3,2,2,0,7,1,0,1,0,1,0,1,2,7,7,0,2,1,0,7,4,4,1
7003,0,5,2,8,0,5,1,1,0,10,0,0,1,1,7,7,0,2,2,4,7,3,1,0
7004,0,3,2,8,0,5,1,1,0,2,0,0,1,1,7,7,0,2,2,4,7,2,1,2
7005,0,3,2,8,0,5,1,1,0,7,0,0,1,2,7,7,0,2,2,4,7,3,1,0
7006,1,3,2,2,0,2,1,0,1,0,1,0,1,2,6,7,0,2,1,0,7,4,2,1
7007,1,5,2,2,0,7,1,0,1,0,1,0,2,2,6,7,0,2,1,0,7,4,4,1
7008,0,3,2,3,0,5,1,1,0,10,0,0,2,1,7,7,0,2,2,4,7,3,1,0
7009,0,5,0,8,0,5,1,1,0,2,0,0,2,1,7,7,0,2,2,4,7,3,1,2
7010,1,3,3,2,0,2,1,0,1,0,1,0,2,1,7,7,0,2,1,0,7,4,0,1
7011,0,0,2,8,0,5,1,1,0,2,0,0,2,2,7,7,0,2,2,4,7,3,1,2
7012,1,3,2,2,0,7,1,0,1,0,1,0,2,2,7,6,0,2,1,0,7,4,4,1
7013,1,2,2,4,0,2,1,0,1,0,1,0,2,1,7,7,0,2,1,0,7,4,4,1
7014,1,2,3,4,0,2,1,0,1,0,1,0,2,1,6,6,0,2,1,0,7,4,0,1
7015,0,3,2,3,0,5,1,1,0,7,0,0,2,1,7,7,0,2,2,4,7,3,1,0
7016,0,5,2,8,0,5,1,1,0,10,0,0,2,2,7,7,0,2,2,4,7,2,1,0
7017,1,2,3,2,0,8,1,0,1,0,1,0,2,2,7,6,0,2,1,0,7,4,4,1
7018,1,5,2,2,0,2,1,0,1,0,1,0,2,2,7,7,0,2,1,0,7,4,0,1
7019,0,5,0,8,0,5,1,1,0,2,0,0,1,1,7,7,0,2,2,4,7,3,1,2
7020,0,3,0,8,0,5,1,1,0,2,0,0,1,1,7,7,0,2,2,4,7,2,1,2
7021,1,2,2,2,0,7,1,0,1,0,1,0,1,1,6,7,0,2,1,0,7,4,0,1
7022,0,2,2,3,1,5,1,0,0,10,0,1,2,2,7,7,0,2,2,4,7,4,4,0
7023,1,3,2,2,0,8,1,0,1,0,1,0,1,2,7,6,0,2,1,0,7,4,0,1
7024,1,5,2,4,0,8,1,0,1,0,1,0,2,1,7,6,0,2,1,0,7,4,4,1
7025,0,3,2,4,0,5,0,0,0,11,0,0,2,2,5,5,0,0,1,4,0,1,2,0
7026,0,5,2,4,0,5,0,0,0,5,0,0,2,2,5,5,0,1,1,4,3,1,2,0
7027,1,3,3,2,0,7,1,0,1,0,1,0,1,2,7,7,0,2,1,0,7,4,2,1
7028,1,5,2,2,0,8,1,0,1,0,1,0,1,2,6,7,0,2,1,0,7,4,0,1
7029,1,5,2,4,0,7,1,0,1,0,1,0,1,2,7,6,0,2,1,0,7,4,0,1
7030,1,3,2,2,0,8,1,0,1,0,1,0,1,1,7,7,0,2,1,0,7,4,0,1
7031,1,5,2,4,0,8,1,0,1,0,1,0,2,1,7,7,0,2,1,0,7,4,2,1
7032,0,3,0,8,0,5,1,1,0,2,0,0,1,2,7,7,0,2,2,4,7,2,1,2
7033,0,3,2,4,0,5,0,0,0,6,0,0,2,2,5,5,0,0,1,4,3,1,2,0
7034,1,3,3,1,0,4,1,0,0,10,0,2,1,3,1,1,0,2,0,3,7,1,0,0
7035,0,5,0,3,0,5,1,1,0,2,0,0,2,2,7,7,0,2,2,4,7,3,1,1
7036,0,5,2,4,0,5,0,0,0,5,0,0,2,2,5,5,0,1,1,4,4,4,2,0
7037,0,5,2,4,0,5,0,0,0,11,0,0,2,2,5,5,0,1,1,4,0,4,2,0
7038,1,3,3,2,0,7,1,0,1,0,1,0,1,2,7,6,0,2,1,0,7,4,4,1
7039,0,3,0,8,0,5,1,1,0,7,0,0,2,2,7,7,0,2,2,4,7,2,1,0
7040,0,5,0,3,0,5,1,1,0,2,0,0,1,2,7,7,0,2,2,4,7,3,1,1
7041,0,2,2,4,0,5,0,0,0,6,0,0,2,2,5,5,0,1,1,4,3,4,2,0
7042,1,3,3,4,0,8,1,0,1,0,1,0,1,1,7,6,0,2,1,0,7,4,0,1
7043,1,3,3,4,0,7,1,0,1,0,1,0,1,2,6,7,0,2,1,0,7,4,2,1
7044,1,2,3,4,0,7,1,0,1,0,1,0,1,2,7,7,0,2,1,0,7,4,0,1
7045,1,2,3,2,0,8,1,0,1,0,1,0,1,2,7,6,0,2,1,0,7,4,4,1
7046,0,3,0,3,0,5,1,1,0,7,0,0,2,1,7,7,0,2,2,4,7,2,1,0
7047,1,2,3,2,0,7,1,0,1,0,1,0,1,1,7,6,0,2,1,0,7,4,0,1
7048,1,2,3,4,0,7,1,0,1,0,1,0,1,2,7,6,0,2,1,0,7,4,4,1
7049,1,3,2,2,0,7,1,0,1,0,1,0,1,2,6,6,0,2,1,0,7,4,2,1
7050,0,3,2,3,0,5,1,1,0,10,0,0,1,1,7,7,0,2,2,4,7,3,1,0
7051,0,0,2,4,0,5,0,0,0,11,0,0,2,2,5,5,0,0,1,4,8,1,2,0
7052,1,3,3,4,0,2,1,0,1,0,1,0,1,1,7,7,0,2,1,0,7,4,2,1
7053,1,5,2,4,0,7,1,0,1,0,1,0,1,2,6,6,0,2,1,0,7,4,4,1
7054,0,0,2,4,0,5,0,0,0,6,0,0,2,2,5,5,0,0,1,4,4,4,2,0
7055,1,3,2,4,0,8,1,0,1,0,1,0,1,2,7,7,0,2,1,0,7,4,0,1
7056,1,3,2,4,0,8,1,0,1,0,1,0,1,1,6,7,0,2,1,0,7,4,4,1
7057,1,3,2,2,0,7,1,0,1,0,1,0,2,1,7,7,0,2,1,0,7,4,2,1
7058,1,2,2,2,0,7,1,0,1,0,1,0,2,2,7,6,0,2,1,0,7,4,4,1
7059,1,5,2,2,0,7,1,0,1,0,1,0,2,2,6,6,0,2,1,0,7,4,4,1
7060,1,5,2,2,0,8,1,0,1,0,1,0,2,2,7,7,0,2,1,0,7,4,0,1
7061,1,5,2,4,0,7,1,0,1,0,1,0,2,2,6,7,0,2,1,0,7,4,0,1
7062,1,3,3,4,0,8,1,0,1,0,1,0,2,1,7,7,0,2,1,0,7,4,0,1
7063,0,5,2,5,1,5,1,0,0,10,0,1,2,2,7,7,0,2,2,4,7,5,4,0
7064,1,2,2,2,0,8,1,0,1,0,1,0,2,1,7,6,0,2,1,0,7,4,0,1
7065,1,5,3,4,0,4,0,0,0,10,0,2,1,3,1,1,0,2,0,3,7,1,0,0
7066,1,3,2,4,0,2,1,0,1,0,1,0,2,2,7,7,0,2,1,0,7,4,2,1
7067,0,3,2,3,0,5,1,1,0,2,0,0,1,1,7,7,0,2,2,4,7,3,1,1
7068,1,3,2,4,0,2,1,0,1,0,1,0,1,2,6,7,0,2,1,0,7,4,0,1
7069,1,2,3,4,0,8,1,0,1,0,1,0,1,1,6,7,0,2,1,0,7,4,4,1
7070,1,3,2,4,0,7,1,0,1,0,1,0,2,1,6,7,0,2,1,0,7,4,4,1
7071,1,3,3,2,0,8,1,0,1,0,1,0,2,1,6,7,0,2,1,0,7,4,0,1
7072,1,2,3,2,0,2,1,0,1,0,1,0,1,2,6,7,0,2,1,0,7,4,0,1
7073,0,2,2,1,1,5,1,0,0,10,0,1,2,2,7,7,0,2,2,4,7,5,4,0
7074,1,2,3,4,0,2,1,0,1,0,1,0,2,1,6,7,0,2,1,0,7,4,2,1
7075,1,3,2,2,0,2,1,0,1,0,1,0,2,1,7,6,0,2,1,0,7,4,0,1
7076,1,5,2,2,0,8,1,0,1,0,1,0,1,2,6,6,0,2,1,0,7,4,2,1
7077,1,2,3,2,0,8,1,0,1,0,1,0,1,1,6,6,0,2,1,0,7,4,2,1
7078,1,5,2,4,0,2,1,0,1,0,1,0,2,2,6,7,0,2,1,0,7,4,4,1
7079,0,2,2,4,0,5,0,0,0,11,0,0,2,2,5,5,0,0,1,4,3,1,2,0
7080,1,2,2,2,0,7,1,0,1,0,1,0,2,1,6,6,0,2,1,0,7,4,0,1
7081,1,5,3,2,0,7,1,0,1,0,1,0,2,1,6,7,0,2,1,0,7,4,4,1
7082,1,5,3,2,0,2,1,0,1,0,1,0,2,1,7,7,0,2,1,0,7,4,0,1
7083,1,5,2,2,0,7,1,0,1,0,1,0,1,1,6,6,0,2,1,0,7,4,4,1
7084,1,3,2,2,0,2,1,0,1,0,1,0,1,1,6,6,0,2,1,0,7,4,2,1
7085,1,5,2,2,0,8,1,0,1,0,1,0,2,2,7,6,0,2,1,0,7,4,2,1
7086,0,0,0,3,0,5,1,1,0,10,0,0,1,2,7,7,0,2,2,4,7,3,1,0
7087,1,3,3,2,0,7,1,0,1,0,1,0,1,2,6,7,0,2,1,0,7,4,4,1
7088,1,3,2,2,0,7,1,0,1,0,1,0,2,1,6,7,0,2,1,0,7,4,2,1
7089,0,3,0,3,0,5,1,1,0,2,0,0,2,2,7,7,0,2,2,4,7,2,1,1
7090,0,2,2,4,0,5,0,0,0,5,0,0,2,2,5,5,0,0,1,4,3,4,2,0
7091,1,2,3,4,0,4,1,0,0,10,0,2,1,3,1,1,0,2,0,3,7,1,0,0
7092,1,3,2,2,0,7,1,0,1,0,1,0,2,1,7,6,0,2,1,0,7,4,0,1
7093,1,2,2,4,0,2,1,0,1,0,1,0,1,1,7,7,0,2,1,0,7,4,2,1
7094,1,3,3,4,0,2,1,0,1,0,1,0,1,1,7,6,0,2,1,0,7,4,4,1
7095,1,3,2,2,0,8,1,0,1,0,1,0,2,2,7,6,0,2,1,0,7,4,2,1
7096,1,3,3,4,0,8,1,0,1,0,1,0,2,2,7,7,0,2,1,0,7,4,4,1
7097,1,3,3,4,0,8,1,0,1,0,1,0,2,1,7,6,0,2,1,0,7,4,2,1
7098,0,5,0,3,0,5,1,1,0,2,0,0,1,1,7,7,0,2,2,4,7,2,1,1
7099,1,3,3,2,0,2,1,0,1,0,1,0,1,1,7,6,0,2,1,0,7,4,4,1
7100,1,5,3,1,0,4,0,0,0,11,0,2,1,3,1,1,0,2,0,3,7,1,0,0
7101,1,3,3,2,0,7,1,0,1,0,1,0,1,1,7,6,0,2,1,0,7,4,4,1
7102,1,3,3,2,0,7,1,0,1,0,1,0,1,1,6,7,0,2,1,0,7,4,2,1
7103,0,0,2,8,0,5,1,1,0,7,0,0,2,1,7,7,0,2,2,4,7,3,1,0
7104,1,3,2,4,0,8,1,0,1,0,1,0,1,1,6,7,0,2,1,0,7,4,0,1
7105,1,5,2,2,0,8,1,0,1,0,1,0,2,1,6,6,0,2,1,0,7,4,4,1
7106,1,2,3,4,0,2,1,0,1,0,1,0,1,2,6,7,0,2,1,0,7,4,2,1
7107,1,2,2,2,0,8,1,0,1,0,1,0,1,1,6,6,0,2,1,0,7,4,4,1
7108,1,3,3,2,0,2,1,0,1,0,1,0,2,1,6,7,0,2,1,0,7,4,0,1
7109,1,3,3,2,0,2,1,0,1,0,1,0,1,2,7,6,0,2,1,0,7,4,0,1
7110,0,0,0,8,0,5,1,1,0,10,0,0,2,2,7,7,0,2,2,4,7,2,1,0
7111,1,3,3,4,0,4,0,0,0,10,0,2,1,3,1,1,0,2,0,3,7,1,0,0
7112,1,2,3,2,0,8,1,0,1,0,1,0,1,2,6,7,0,2,1,0,7,4,0,1
7113,1,3,2,4,0,2,1,0,1,0,1,0,2,1,7,6,0,2,1,0,7,4,4,1
7114,1,3,3,4,0,2,1,0,1,0,1,0,1,2,7,6,0,2,1,0,7,4,4,1
7115,1,5,2,2,0,7,1,0,1,0,1,0,1,1,7,7,0,2,1,0,7,4,2,1
7116,0,5,3,3,1,5,1,0,0,10,0,1,2,2,7,7,0,2,2,4,7,4,4,0
7117,1,2,2,4,0,8,1,0,1,0,1,0,1,2,6,7,0,2,1,0,7,4,0,1
7118,1,3,3,2,0,8,1,0,1,0,1,0,1,2,7,7,0,2,1,0,7,4,4,1
7119,0,3,0,8,0,5,1,1,0,10,0,0,1,1,7,7,0,2,2,4,7,2,1,0
7120,1,5,2,4,0,7,1,0,1,0,1,0,1,2,6,6,0,2,1,0,7,4,0,1
7121,1,3,3,4,0,8,1,0,1,0,1,0,2,2,6,7,0,2,1,0,7,4,0,1
7122,1,5,2,2,0,7,1,0,1,0,1,0,2,2,6,7,0,2,1,0,7,4,0,1
7123,0,3,2,8,0,5,1,1,0,10,0,0,2,1,7,7,0,2,2,4,7,2,1,0
7124,1,2,3,4,0,7,1,0,1,0,1,0,2,2,7,6,0,2,1,0,7,4,4,1
7125,1,3,2,2,0,7,1,0,1,0,1,0,1,1,7,6,0,2,1,0,7,4,4,1
7126,1,3,2,2,0,8,1,0,1,0,1,0,1,1,7,7,0,2,1,0,7,4,4,1
7127,1,2,3,2,0,2,1,0,1,0,1,0,2,1,6,6,0,2,1,0,7,4,2,1
7128,0,2,2,4,0,5,0,0,0,5,0,0,2,2,5,5,0,0,1,4,8,4,2,0
7129,1,2,3,4,0,8,1,0,1,0,1,0,1,1,6,7,0,2,1,0,7,4,0,1
7130,1,3,3,2,0,8,1,0,1,0,1,0,2,2,6,7,0,2,1,0,7,4,0,1
7131,1,3,2,2,0,8,1,0,1,0,1,0,2,1,7,7,0,2,1,0,7,4,0,1
7132,1,3,2,2,0,2,1,0,1,0,1,0,2,1,6,7,0,2,1,0,7,4,2,1
7133,0,0,2,4,0,5,0,0,0,6,0,0,2,2,5,5,0,1,1,4,0,4,2,0
7134,0,3,2,3,0,5,1,1,0,7,0,0,1,1,7,7,0,2,2,4,7,3,1,0
7135,0,5,2,4,0,5,0,0,0,5,0,0,2,2,5,5,0,1,1,4,3,4,2,0
7136,0,5,0,3,0,5,1,1,0,7,0,0,1,1,7,7,0,2,2,4,7,2,1,0
7137,1,3,2,2,0,8,1,0,1,0,1,0,2,2,7,6,0,2,1,0,7,4,0,1
7138,1,2,3,2,0,2,1,0,1,0,1,0,2,1,7,6,0,2,1,0,7,4,0,1
7139,1,3,2,4,0,7,1,0,1,0,1,0,1,1,6,7,0,2,1,0,7,4,0,1
7140,1,3,2,4,0,8,1,0,1,0,1,0,1,2,6,7,0,2,1,0,7,4,4,1
7141,0,0,2,8,0,5,1,1,0,7,0,0,1,2,7,7,0,2,2,4,7,2,1,0
7142,1,2,2,4,0,7,1,0,1,0,1,0,2,2,6,6,0,2,1,0,7,4,0,1
7143,0,0,0,3,0,5,1,1,0,7,0,0,2,1,7,7,0,2,2,4,7,2,1,0
7144,1,5,2,4,0,2,1,0,1,0,1,0,1,2,7,7,0,2,1,0,7,4,0,1
7145,1,5,3,2,0,2,1,0,1,0,1,0,2,1,7,7,0,2,1,0,7,4,2,1
7146,1,2,3,1,0,4,1,0,0,10,0,2,1,3,1,1,0,2,0,3,7,1,0,0
7147,1,2,2,4,0,7,1,0,1,0,1,0,2,2,7,6,0,2,1,0,7,4,0,1
7148,1,5,3,2,0,7,1,0,1,0,1,0,2,2,6,7,0,2,1,0,7,4,2,1
7149,1,2,2,4,0,7,1,0,1,0,1,0,1,1,7,7,0,2,1,0,7,4,2,1
7150,1,2,3,2,0,2,1,0,1,0,1,0,1,2,7,6,0,2,1,0,7,4,4,1
7151,1,2,2,2,0,2,1,0,1,0,1,0,1,1,7,6,0,2,1,0,7,4,2,1
7152,1,5,2,2,0,7,1,0,1,0,1,0,1,1,7,7,0,2,1,0,7,4,0,1
7153,0,3,2,3,0,5,1,1,0,10,0,0,1,2,7,7,0,2,2,4,7,3,1,0
7154,1,5,2,2,0,8,1,0,1,0,1,0,2,2,6,7,0,2,1,0,7,4,4,1
7155,1,3,2,4,0,8,1,0,1,0,1,0,1,2,7,6,0,2,1,0,7,4,2,1
7156,1,3,3,2,0,7,1,0,1,0,1,0,1,2,7,6,0,2,1,0,7,4,2,1
7157,1,5,2,4,0,8,1,0,1,0,1,0,1,1,7,6,0,2,1,0,7,4,4,1
7158,0,0,2,3,0,5,1,1,0,2,0,0,2,1,7,7,0,2,2,4,7,2,1,1
7159,1,5,2,4,0,7,1,0,1,0,1,0,2,2,7,6,0,2,1,0,7,4,2,1
7160,1,2,2,2,0,7,1,0,1,0,1,0,2,2,7,7,0,2,1,0,7,4,0,1
7161,1,3,2,4,0,7,1,0,1,0,1,0,2,2,6,7,0,2,1,0,7,4,0,1
7162,0,0,2,3,0,5,1,1,0,10,0,0,2,2,7,7,0,2,2,4,7,3,1,0
7163,1,5,2,4,0,8,1,0,1,0,1,0,1,1,6,6,0,2,1,0,7,4,4,1
7164,1,2,3,2,0,8,1,0,1,0,1,0,2,1,7,7,0,2,1,0,7,4,4,1
7165,1,2,2,2,0,8,1,0,1,0,1,0,2,1,6,7,0,2,1,0,7,4,0,1
7166,1,2,3,4,0,4,1,0,0,11,0,2,1,3,1,1,0,2,0,3,7,1,0,0
7167,0,0,0,3,0,5,1,1,0,2,0,0,1,2,7,7,0,2,2,4,7,3,1,1
7168,1,2,2,2,0,2,1,0,1,0,1,0,1,1,6,6,0,2,1,0,7,4,4,1
7169,1,3,2,4,0,2,1,0,1,0,1,0,2,1,6,6,0,2,1,0,7,4,2,1
7170,0,3,2,3,0,5,1,1,0,7,0,0,2,1,7,7,0,2,2,4,7,2,1,0
7171,1,3,3,4,0,2,1,0,1,0,1,0,1,1,6,6,0,2,1,0,7,4,2,1
7172,1,5,2,2,0,7,1,0,1,0,1,0,1,1,6,6,0,2,1,0,7,4,2,1
7173,0,0,2,4,0,5,0,0,0,11,0,0,2,2,5,5,0,1,1,4,8,1,2,0
7174,1,3,3,4,0,2,1,0,1,0,1,0,2,1,6,7,0,2,1,0,7,4,2,1
7175,1,2,3,4,0,7,1,0,1,0,1,0,1,1,7,7,0,2,1,0,7,4,2,1
7176,0,5,2,4,0,5,0,0,0,5,0,0,2,2,5,5,0,0,1,4,0,1,2,2
7177,1,3,2,4,0,2,1,0,1,0,1,0,1,1,6,7,0,2,1,0,7,4,2,1
7178,1,3,2,4,0,2,1,0,1,0,1,0,1,1,6,6,0,2,1,0,7,4,0,1
7179,1,3,2,4,0,7,1,0,1,0,1,0,1,2,6,6,0,2,1,0,7,4,4,1
7180,1,3,2,4,0,7,1,0,1,0,1,0,2,2,6,7,0,2,1,0,7,4,4,1
7181,0,2,3,1,1,5,1,0,0,10,0,1,2,2,7,7,0,2,2,4,7,5,4,0
7182,0,2,2,4,0,5,0,0,0,5,0,0,2,2,5,5,0,0,1,4,3,1,2,0
7183,0,0,2,8,0,5,1,1,0,2,0,0,1,1,7,7,0,2,2,4,7,2,1,2
7184,1,3,2,2,0,7,1,0,1,0,1,0,2,2,6,6,0,2,1,0,7,4,4,1
7185,0,0,2,3,0,5,1,1,0,10,0,0,2,2,7,7,0,2,2,4,7,2,1,0
7186,1,3,3,2,0,8,1,0,1,0,1,0,1,1,6,7,0,2,1,0,7,4,4,1
7187,1,3,3,4,0,7,1,0,1,0,1,0,2,2,7,7,0,2,1,0,7,4,0,1
7188,0,5,2,4,0,5,0,0,0,6,0,0,2,2,5,5,0,1,1,4,8,1,2,0
7189,1,5,2,2,0,8,1,0,1,0,1,0,1,2,7,7,0,2,1,0,7,4,4,1
7190,1,5,2,4,0,2,1,0,1,0,1,0,1,2,6,6,0,2,1,0,7,4,0,1
7191,1,2,2,2,0,8,1,0,1,0,1,0,1,2,7,7,0,2,1,0,7,4,2,1
7192,1,2,3,2,0,7,1,0,1,0,1,0,2,2,6,6,0,2,1,0,7,4,4,1
7193,1,5,3,2,0,7,1,0,1,0,1,0,1,2,6,6,0,2,1,0,7,4,4,1
7194,1,3,2,2,0,2,1,0,1,0,1,0,1,1,7,7,0,2,1,0,7,4,0,1
7195,0,3,3,4,0,5,1,0,0,10,0,1,3,3,4,4,0,2,2,4,7,5,0,0
7196,1,2,2,2,0,2,1,0,1,0,1,0,2,2,7,7,0,2,1,0,7,4,0,1
7197,1,3,2,4,0,7,1,0,1,0,1,0,1,1,6,7,0,2,1,0,7,4,4,1
7198,1,2,3,4,0,8,1,0,1,0,1,0,2,2,7,7,0,2,1,0,7,4,4,1
7199,1,2,2,2,0,2,1,0,1,0,1,0,1,2,6,6,0,2,1,0,7,4,0,1
7200,0,3,0,3,0,5,1,1,0,10,0,0,2,2,7,7,0,2,2,4,7,2,1,0
7201,1,3,2,4,0,2,1,0,1,0,1,0,2,1,7,6,0,2,1,0,7,4,0,1
7202,0,0,0,8,0,5,1,1,0,7,0,0,1,2,7,7,0,2,2,4,7,3,1,0
7203,1,3,2,2,0,8,1,0,1,0,1,0,1,1,6,7,0,2,1,0,7,4,2,1
7204,0,5,2,3,0,5,1,1,0,7,0,0,1,1,7,7,0,2,2,4,7,2,1,0
7205,0,3,2,4,0,5,0,0,0,11,0,0,2,2,5,5,0,1,1,4,8,1,2,0
7206,1,3,2,2,0,2,1,0,1,0,1,0,1,2,7,6,0,2,1,0,7,4,4,1
7207,1,3,3,4,0,2,1,0,1,0,1,0,2,2,7,6,0,2,1,0,7,4,2,1
7208,0,3,0,3,0,5,1,1,0,2,0,0,1,1,7,7,0,2,2,4,7,2,1,1
7209,1,5,2,4,0,8,1,0,1,0,1,0,2,2,6,6,0,2,1,0,7,4,2,1
7210,1,3,3,4,0,7,1,0,1,0,1,0,2,2,7,6,0,2,1,0,7,4,2,1
7211,0,5,0,8,0,5,1,1,0,2,0,0,1,2,7,7,0,2,2,4,7,2,1,2
7212,1,3,3,2,0,2,1,0,1,0,1,0,1,2,6,7,0,2,1,0,7,4,4,1
7213,1,3,2,2,0,2,1,0,1,0,1,0,1,2,6,6,0,2,1,0,7,4,2,1
7214,1,3,2,2,0,2,1,0,1,0,1,0,1,1,6,7,0,2,1,0,7,4,2,1
7215,1,3,3,2,0,7,1,0,1,0,1,0,1,2,7,7,0,2,1,0,7,4,4,1
7216,1,3,3,4,0,7,1,0,1,0,1,0,2,2,6,7,0,2,1,0,7,4,4,1
7217,0,3,2,3,0,5,1,1,0,2,0,0,1,1,7,7,0,2,2,4,7,2,1,1
7218,1,3,3,4,0,2,1,0,1,0,1,0,1,1,6,6,0,2,1,0,7,4,4,1
7219,1,3,2,2,0,2,1,0,1,0,1,0,2,2,7,6,0,2,1,0,7,4,2,1
7220,0,5,2,3,0,5,1,1,0,10,0,0,2,1,7,7,0,2,2,4,7,2,1,0
7221,0,2,2,4,0,5,0,0,0,11,0,0,2,2,5,5,0,1,1,4,8,4,2,0
7222,0,3,2,3,0,5,1,1,0,2,0,0,1,2,7,7,0,2,2,4,7,2,1,1
7223,1,5,2,2,0,7,1,0,1,0,1,0,1,2,7,6,0,2,1,0,7,4,4,1
7224,1,3,2,4,0,2,1,0,1,0,1,0,2,2,7,7,0,2,1,0,7,4,0,1
7225,1,3,2,4,0,7,1,0,1,0,1,0,2,1,7,6,0,2,1,0,7,4,4,1
7226,0,5,2,3,0,5,1,1,0,7,0,0,1,2,7,7,0,2,2,4,7,3,1,0
7227,1,3,3,2,0,7,1,0,1,0,1,0,1,1,6,6,0,2,1,0,7,4,4,1
7228,0,2,2,4,0,5,0,0,0,5,0,0,2,2,5,5,0,1,1,4,8,4,2,0
7229,0,3,2,8,0,5,1,1,0,10,0,0,1,1,7,7,0,2,2,4,7,2,1,0
7230,1,2,3,2,0,4,1,0,0,11,0,2,1,3,1,1,0,2,0,3,7,1,0,0
7231,0,0,2,3,0,5,1,1,0,2,0,0,1,1,7,7,0,2,2,4,7,3,1,1
7232,1,2,3,4,0,8,1,0,1,0,1,0,2,1,7,7,0,2,1,0,7,4,4,1
7233,0,0,2,4,0,5,0,0,0,6,0,0,2,2,5,5,0,0,1,4,0,1,2,0
7234,0,0,2,3,0,5,1,1,0,10,0,0,1,2,7,7,0,2,2,4,7,2,1,0
7235,0,3,2,4,0,5,0,0,0,5,0,0,2,2,5,5,0,1,1,4,8,1,2,0
7236,0,0,2,3,0,5,1,1,0,7,0,0,1,1,7,7,0,2,2,4,7,2,1,0
7237,1,3,2,4,0,2,1,0,1,0,1,0,1,2,7,7,0,2,1,0,7,4,2,1
7238,1,3,3,4,0,8,1,0,1,0,1,0,2,1,6,7,0,2,1,0,7,4,4,1
7239,0,2,2,4,0,5,0,0,0,5,0,0,2,2,5,5,0,0,1,4,4,1,2,0
7240,1,3,2,2,0,8,1,0,1,0,1,0,1,1,6,6,0,2,1,0,7,4,4,1
7241,1,2,2,2,0,8,1,0,1,0,1,0,2,1,7,6,0,2,1,0,7,4,4,1
7242,1,3,2,4,0,8,1,0,1,0,1,0,2,1,6,6,0,2,1,0,7,4,2,1
7243,1,3,2,4,0,7,1,0,1,0,1,0,2,1,7,6,0,2,1,0,7,4,2,1
7244,0,0,2,4,0,5,0,0,0,11,0,0,2,2,5,5,0,1,1,4,8,4,2,0
7245,0,3,0,3,0,5,1,1,0,10,0,0,1,1,7,7,0,2,2,4,7,3,1,0
7246,0,0,2,4,0,5,0,0,0,6,0,0,2,2,5,5,0,1,1,4,4,1,2,0
7247,1,3,2,4,0,7,1,0,1,0,1,0,1,2,6,7,0,2,1,0,7,4,2,1
7248,1,3,3,2,0,7,1,0,1,0,1,0,2,1,7,6,0,2,1,0,7,4,2,1
7249,1,3,3,2,0,8,1,0,1,0,1,0,1,2,6,6,0,2,1,0,7,4,4,1
7250,1,3,2,4,0,8,1,0,1,0,1,0,2,2,6,6,0,2,1,0,7,4,2,1
7251,0,2,2,4,0,5,0,0,0,5,0,0,2,2,5,5,0,1,1,4,3,1,2,0
7252,1,3,2,2,0,8,1,0,1,0,1,0,2,2,7,7,0,2,1,0,7,4,0,1
7253,0,5,2,4,0,5,0,0,0,6,0,0,2,2,5,5,0,1,1,4,4,4,2,0
7254,1,3,2,4,0,8,1,0,1,0,1,0,1,1,7,6,0,2,1,0,7,4,0,1
7255,0,3,2,8,0,5,1,1,0,7,0,0,2,2,7,7,0,2,2,4,7,3,1,0
7256,1,3,3,2,0,2,1,0,1,0,1,0,2,2,7,6,0,2,1,0,7,4,0,1
7257,1,3,3,4,0,2,1,0,1,0,1,0,1,1,6,7,0,2,1,0,7,4,0,1
7258,0,3,0,3,0,5,1,1,0,2,0,0,2,2,7,7,0,2,2,4,7,3,1,1
7259,1,2,2,4,0,8,1,0,1,0,1,0,1,2,6,7,0,2,1,0,7,4,4,1
7260,0,5,2,3,0,5,1,1,0,10,0,0,2,2,7,7,0,2,2,4,7,2,1,0
7261,1,3,3,4,0,2,1,0,1,0,1,0,2,1,6,7,0,2,1,0,7,4,4,1
7262,1,2,2,2,0,2,1,0,1,0,1,0,2,1,6,6,0,2,1,0,7,4,0,1
7263,0,5,0,8,0,5,1,1,0,7,0,0,1,1,7,7,0,2,2,4,7,2,1,0
7264,1,3,3,4,0,7,1,0,1,0,1,0,1,2,7,7,0,2,1,0,7,4,2,1
7265,1,2,3,4,0,4,0,0,0,10,0,2,1,3,1,1,0,2,0,3,7,1,0,0
7266,0,0,0,3,0,5,1,1,0,10,0,0,2,2,7,7,0,2,2,4,7,2,1,0
7267,1,3,3,2,0,8,1,0,1,0,1,0,1,1,7,6,0,2,1,0,7,4,4,1
7268,1,5,3,2,0,7,1,0,1,0,1,0,1,2,6,6,0,2,1,0,7,4,0,1
7269,1,3,2,2,0,8,1,0,1,0,1,0,1,1,7,6,0,2,1,0,7,4,2,1
7270,0,3,0,3,0,5,1,1,0,2,0,0,2,1,7,7,0,2,2,4,7,2,1,1
7271,0,3,0,8,0,5,1,1,0,7,0,0,2,2,7,7,0,2,2,4,7,3,1,0
7272,1,3,3,2,0,7,1,0,1,0,1,0,2,1,7,7,0,2,1,0,7,4,0,1
7273,0,3,2,3,0,5,1,1,0,2,0,0,2,2,7,7,0,2,2,4,7,2,1,1
7274,1,3,2,4,0,2,1,0,1,0,1,0,2,1,6,7,0,2,1,0,7,4,0,1
7275,1,3,3,4,0,8,1,0,1,0,1,0,2,2,6,7,0,2,1,0,7,4,2,1
7276,0,3,2,8,0,5,1,1,0,10,0,0,1,2,7,7,0,2,2,4,7,3,1,0
7277,1,3,3,2,0,8,1,0,1,0,1,0,1,1,6,7,0,2,1,0,7,4,2,1
7278,0,0,2,8,0,5,1,1,0,10,0,0,1,2,7,7,0,2,2,4,7,3,1,0
7279,1,3,2,4,0,8,1,0,1,0,1,0,2,1,6,6,0,2,1,0,7,4,0,1
7280,0,5,2,8,0,5,1,1,0,10,0,0,2,1,7,7,0,2,2,4,7,2,1,0
7281,0,0,2,4,0,5,0,0,0,5,0,0,2,2,5,5,0,1,1,4,3,4,2,0
7282,1,3,2,4,0,7,1,0,1,0,1,0,1,2,7,6,0,2,1,0,7,4,0,1
7283,1,3,3,2,0,2,1,0,1,0,1,0,2,1,6,7,0,2,1,0,7,4,4,1
7284,0,5,0,8,0,5,1,1,0,10,0,0,2,2,7,7,0,2,2,4,7,2,1,0
7285,1,5,3,2,0,4,0,0,0,11,0,2,1,3,1,1,0,2,0,3,7,1,0,0
7286,1,3,2,2,0,8,1,0,1,0,1,0,1,1,6,7,0,2,1,0,7,4,4,1
7287,1,3,2,4,0,2,1,0,1,0,1,0,1,1,7,7,0,2,1,0,7,4,2,1
7288,1,3,3,4,0,8,1,0,1,0,1,0,2,2,6,7,0,2,1,0,7,4,4,1
7289,1,3,2,2,0,2,1,0,1,0,1,0,2,1,7,7,0,2,1,0,7,4,0,1
7290,0,3,2,4,0,5,0,0,0,6,0,0,2,2,5,5,0,0,1,4,0,1,2,0
7291,1,3,3,4,0,2,1,0,1,0,1,0,1,2,6,7,0,2,1,0,7,4,2,1
7292,0,2,3,4,0,5,1,0,0,10,0,1,3,3,4,4,0,2,2,4,7,5,0,0
7293,0,3,2,3,0,5,1,1,0,10,0,0,2,2,7,7,0,2,2,4,7,2,1,0
7294,1,2,3,2,0,8,1,0,1,0,1,0,1,1,7,6,0,2,1,0,7,4,2,1
7295,1,3,3,9,0,5,1,1,1,11,0,2,3,3,8,8,0,3,1,0,7,1,2,0
7296,1,3,3,2,0,8,1,0,1,0,1,0,2,2,6,7,0,2,1,0,7,4,4,1
7297,1,3,2,2,0,7,1,0,1,0,1,0,1,1,6,6,0,2,1,0,7,4,2,1
7298,1,3,3,2,0,7,1,0,1,0,1,0,2,1,6,6,0,2,1,0,7,4,2,1
7299,0,0,2,4,0,5,0,0,0,6,0,0,2,2,5,5,0,0,1,4,3,1,2,0
7300,0,5,2,3,1,5,1,0,0,10,0,1,2,2,7,7,0,2,2,4,7,5,4,0
7301,0,3,2,3,0,5,1,1,0,7,0,0,1,2,7,7,0,2,2,4,7,2,1,0
7302,1,2,3,2,0,7,1,0,1,0,1,0,2,1,6,7,0,2,1,0,7,4,4,1
7303,1,3,2,2,0,7,1,0,1,0,1,0,1,1,7,7,0,2,1,0,7,4,4,1
7304,1,3,3,2,0,7,1,0,1,0,1,0,2,2,7,7,0,2,1,0,7,4,2,1
7305,0,0,0,8,0,5,1,1,0,10,0,0,1,1,7,7,0,2,2,4,7,2,1,0
7306,0,2,2,4,0,5,0,0,0,5,0,0,2,2,5,5,0,1,1,4,4,1,2,0
7307,1,3,2,4,0,8,1,0,1,0,1,0,1,1,7,7,0,2,1,0,7,4,4,1
7308,1,3,2,2,0,2,1,0,1,0,1,0,2,2,6,7,0,2,1,0,7,4,0,1
7309,0,5,0,8,0,5,1,1,0,2,0,0,1,2,7,7,0,2,2,4,7,3,1,2
7310,1,3,3,2,0,8,1,0,1,0,1,0,2,1,7,7,0,2,1,0,7,4,2,1
7311,0,5,0,8,0,5,1,1,0,2,0,0,2,2,7,7,0,2,2,4,7,3,1,2
7312,1,3,3,2,0,8,1,0,1,0,1,0,2,2,7,6,0,2,1,0,7,4,2,1
7313,1,3,3,4,0,7,1,0,1,0,1,0,2,1,7,7,0,2,1,0,7,4,4,1
7314,0,5,2,3,0,5,1,1,0,7,0,0,1,2,7,7,0,2,2,4,7,2,1,0
7315,0,5,2,8,0,5,1,1,0,2,0,0,2,1,7,7,0,2,2,4,7,2,1,2
7316,1,3,3,4,0,2,1,0,1,0,1,0,1,1,7,7,0,2,1,0,7,4,0,1
7317,1,3,2,4,0,2,1,0,1,0,1,0,1,2,7,6,0,2,1,0,7,4,2,1
7318,1,3,2,2,0,7,1,0,1,0,1,0,1,2,6,7,0,2,1,0,7,4,0,1
7319,0,0,0,8,0,5,1,1,0,7,0,0,1,1,7,7,0,2,2,4,7,2,1,0
7320,1,2,2,4,0,2,1,0,1,0,1,0,2,1,6,7,0,2,1,0,7,4,4,1
7321,1,3,2,2,0,8,1,0,1,0,1,0,1,1,6,7,0,2,1,0,7,4,0,1
7322,1,3,2,4,0,2,1,0,1,0,1,0,2,2,6,6,0,2,1,0,7,4,2,1
7323,1,5,3,4,0,4,1,0,0,11,0,2,1,3,1,1,0,2,0,3,7,1,0,0
7324,1,3,3,4,0,2,1,0,1,0,1,0,1,2,7,6,0,2,1,0,7,4,2,1
7325,0,2,2,4,0,5,0,0,0,6,0,0,2,2,5,5,0,0,1,4,8,1,2,0
7326,1,5,3,2,0,2,1,0,1,0,1,0,2,2,6,7,0,2,1,0,7,4,0,1
7327,0,2,2,4,0,5,0,0,0,11,0,0,2,2,5,5,0,0,1,4,8,4,2,0
7328,0,0,2,8,0,5,1,1,0,2,0,0,2,2,7,7,0,2,2,4,7,2,1,2
7329,0,0,2,3,0,5,1,1,0,7,0,0,2,2,7,7,0,2,2,4,7,2,1,0
7330,1,3,3,2,0,7,1,0,1,0,1,0,1,1,7,6,0,2,1,0,7,4,2,1
7331,1,3,2,4,0,8,1,0,1,0,1,0,1,1,7,7,0,2,1,0,7,4,0,1
7332,1,3,2,2,0,2,1,0,1,0,1,0,2,2,6,7,0,2,1,0,7,4,4,1
7333,1,3,2,2,0,8,1,0,1,0,1,0,1,1,6,6,0,2,1,0,7,4,0,1
7334,0,0,0,8,0,5,1,1,0,2,0,0,2,2,7,7,0,2,2,4,7,3,1,2
7335,0,3,2,3,0,5,1,1,0,7,0,0,2,2,7,7,0,2,2,4,7,2,1,0
7336,1,2,3,2,0,4,1,0,0,10,0,2,1,3,1,1,0,2,0,3,7,1,0,0
7337,1,3,3,4,0,2,1,0,1,0,1,0,2,2,7,6,0,2,1,0,7,4,0,1
7338,1,3,3,4,0,2,1,0,1,0,1,0,2,1,6,6,0,2,1,0,7,4,4,1
7339,1,2,2,2,0,8,1,0,1,0,1,0,2,2,7,7,0,2,1,0,7,4,0,1
7340,1,5,2,4,0,7,1,0,1,0,1,0,2,1,6,6,0,2,1,0,7,4,0,1
7341,1,3,3,4,0,7,1,0,1,0,1,0,1,1,6,6,0,2,1,0,7,4,4,1
7342,1,3,3,1,0,4,1,0,0,11,0,2,1,3,1,1,0,2,0,3,7,1,0,0
7343,1,3,3,4,0,7,1,0,1,0,1,0,2,1,6,7,0,2,1,0,7,4,0,1
7344,0,3,2,8,0,5,1,1,0,2,0,0,2,2,7,7,0,2,2,4,7,2,1,2
7345,1,2,3,4,0,8,1,0,1,0,1,0,1,1,7,6,0,2,1,0,7,4,2,1
7346,0,0,0,3,0,5,1,1,0,7,0,0,2,2,7,7,0,2,2,4,7,3,1,0
7347,1,2,2,2,0,2,1,0,1,0,1,0,2,1,7,7,0,2,1,0,7,4,0,1
7348,1,3,2,2,0,8,1,0,1,0,1,0,1,1,6,6,0,2,1,0,7,4,2,1
7349,0,3,2,3,0,5,1,1,0,7,0,0,1,2,7,7,0,2,2,4,7,3,1,0
7350,0,5,2,3,0,5,1,1,0,7,0,0,2,2,7,7,0,2,2,4,7,3,1,0
7351,1,3,2,2,0,8,1,0,1,0,1,0,1,2,7,6,0,2,1,0,7,4,2,1
7352,0,3,2,4,0,5,0,0,0,5,0,0,2,2,5,5,0,0,1,4,8,1,2,0
7353,0,2,3,5,1,5,1,0,0,10,0,1,2,2,7,7,0,2,2,4,7,5,4,0
7354,0,0,2,8,0,5,1,1,0,2,0,0,2,1,7,7,0,2,2,4,7,2,1,2
7355,1,2,3,4,0,7,1,0,1,0,1,0,2,1,6,7,0,2,1,0,7,4,2,1
7356,1,2,2,2,0,2,1,0,1,0,1,0,1,1,7,6,0,2,1,0,7,4,4,1
7357,1,3,2,2,0,2,1,0,1,0,1,0,2,2,6,6,0,2,1,0,7,4,2,1
7358,0,3,0,3,0,5,1,1,0,7,0,0,2,2,7,7,0,2,2,4,7,2,1,0
7359,0,5,0,8,0,5,1,1,0,7,0,0,1,1,7,7,0,2,2,4,7,3,1,0
7360,0,5,2,1,1,5,1,0,0,10,0,1,2,2,7,7,0,2,2,4,7,5,4,0
7361,0,3,0,3,0,5,1,1,0,10,0,0,2,2,7,7,0,2,2,4,7,3,1,0
7362,1,3,2,2,0,8,1,0,1,0,1,0,2,2,6,7,0,2,1,0,7,4,2,1
7363,1,3,3,2,0,8,1,0,1,0,1,0,2,2,7,6,0,2,1,0,7,4,4,1
7364,1,3,2,4,0,8,1,0,1,0,1,0,2,2,7,6,0,2,1,0,7,4,4,1
7365,1,5,3,2,0,2,1,0,1,0,1,0,2,1,7,6,0,2,1,0,7,4,4,1
7366,0,3,2,4,0,5,0,0,0,6,0,0,2,2,5,5,0,1,1,4,4,1,2,0
7367,1,2,3,9,0,5,1,1,1,10,0,2,3,3,8,8,0,3,1,0,7,1,2,0
7368,1,5,3,1,0,4,0,0,0,10,0,2,1,3,1,1,0,2,0,3,7,1,0,0
7369,1,5,2,4,0,8,1,0,1,0,1,0,2,2,7,7,0,2,1,0,7,4,0,1
7370,0,5,3,5,1,5,1,0,0,10,0,1,2,2,7,7,0,2,2,4,7,4,4,0
7371,1,3,3,4,0,7,1,0,1,0,1,0,2,1,6,6,0,2,1,0,7,4,4,1
7372,0,3,2,3,0,5,1,1,0,2,0,0,2,1,7,7,0,2,2,4,7,2,1,1
7373,0,0,2,3,0,5,1,1,0,7,0,0,2,1,7,7,0,2,2,4,7,3,1,0
7374,1,3,2,2,0,2,1,0,1,0,1,0,1,2,6,7,0,2,1,0,7,4,4,1
7375,0,5,2,4,0,5,0,0,0,6,0,0,2,2,5,5,0,0,1,4,0,4,2,0
7376,0,0,2,4,0,5,0,0,0,6,0,0,2,2,5,5,0,0,1,4,0,4,2,0
7377,0,2,2,4,1,5,1,0,0,10,0,1,2,2,7,7,0,2,2,4,7,5,4,0
7378,0,3,2,3,0,5,1,1,0,2,0,0,2,2,7,7,0,2,2,4,7,3,1,1
7379,1,2,2,4,0,8,1,0,1,0,1,0,1,2,6,6,0,2,1,0,7,4,0,1
7380,1,3,2,4,0,2,1,0,1,0,1,0,2,2,7,6,0,2,1,0,7,4,0,1
7381,1,2,3,4,0,7,1,0,1,0,1,0,1,2,6,6,0,2,1,0,7,4,2,1
7382,1,3,3,2,0,8,1,0,1,0,1,0,1,2,7,6,0,2,1,0,7,4,0,1
7383,1,3,2,4,0,2,1,0,1,0,1,0,1,2,6,6,0,2,1,0,7,4,2,1
7384,1,3,2,2,0,8,1,0,1,0,1,0,1,2,7,7,0,2,1,0,7,4,4,1
7385,0,0,2,8,0,5,1,1,0,10,0,0,1,2,7,7,0,2,2,4,7,2,1,0
7386,1,3,3,4,0,4,1,0,0,11,0,2,1,3,1,1,0,2,0,3,7,1,0,0
7387,1,3,3,2,0,8,1,0,1,0,1,0,2,2,7,6,0,2,1,0,7,4,0,1
7388,0,3,2,4,0,5,0,0,0,6,0,0,2,2,5,5,0,1,1,4,8,4,2,0
7389,1,3,2,2,0,2,1,0,1,0,1,0,2,1,6,7,0,2,1,0,7,4,4,1
7390,0,0,2,8,0,5,1,1,0,10,0,0,1,1,7,7,0,2,2,4,7,3,1,0
7391,0,5,2,3,0,5,1,1,0,7,0,0,1,1,7,7,0,2,2,4,7,3,1,0
7392,1,3,2,4,0,7,1,0,1,0,1,0,2,1,7,7,0,2,1,0,7,4,2,1
7393,1,3,3,4,0,8,1,0,1,0,1,0,2,2,6,6,0,2,1,0,7,4,4,1
7394,1,3,2,4,0,2,1,0,1,0,1,0,2,1,7,7,0,2,1,0,7,4,0,1
7395,1,3,3,2,0,2,1,0,1,0,1,0,2,2,6,6,0,2,1,0,7,4,4,1
7396,1,3,2,2,0,7,1,0,1,0,1,0,1,1,7,6,0,2,1,0,7,4,2,1
7397,1,3,3,4,0,8,1,0,1,0,1,0,2,1,7,7,0,2,1,0,7,4,4,1
7398,0,0,2,3,0,5,1,1,0,7,0,0,1,1,7,7,0,2,2,4,7,3,1,0
7399,1,3,3,2,0,8,1,0,1,0,1,0,2,1,6,6,0,2,1,0,7,4,4,1
7400,0,0,0,8,0,5,1,1,0,2,0,0,2,1,7,7,0,2,2,4,7,3,1,2
7401,1,1,3,9,0,5,1,1,1,11,0,2,3,3,8,8,0,3,1,0,7,1,2,0
7402,1,5,2,4,0,7,1,0,1,0,1,0,2,1,7,6,0,2,1,0,7,4,4,1
7403,1,3,3,2,0,8,1,0,1,0,1,0,1,1,6,6,0,2,1,0,7,4,2,1
7404,0,5,2,3,0,5,1,1,0,2,0,0,2,2,7,7,0,2,2,4,7,3,1,1
7405,0,0,2,4,0,5,0,0,0,5,0,0,2,2,5,5,0,0,1,4,8,4,2,0
7406,1,3,3,2,0,8,1,0,1,0,1,0,2,1,6,6,0,2,1,0,7,4,2,1
7407,0,0,2,4,0,5,0,0,0,6,0,0,2,2,5,5,0,1,1,4,3,1,2,0
7408,1,3,3,2,0,8,1,0,1,0,1,0,2,2,6,7,0,2,1,0,7,4,2,1
7409,1,3,3,2,0,2,1,0,1,0,1,0,1,1,6,6,0,2,1,0,7,4,2,1
7410,1,3,2,2,0,8,1,0,1,0,1,0,2,2,7,7,0,2,1,0,7,4,4,1
7411,0,0,2,3,0,5,1,1,0,7,0,0,2,2,7,7,0,2,2,4,7,3,1,0
7412,0,3,2,4,0,5,0,0,0,5,0,0,2,2,5,5,0,1,1,4,3,1,2,0
7413,0,0,2,4,0,5,0,0,0,11,0,0,2,2,5,5,0,0,1,4,3,4,2,0
7414,1,5,2,4,0,2,1,0,1,0,1,0,2,1,7,6,0,2,1,0,7,4,0,1
7415,0,5,2,3,1,5,1,0,0,10,0,1,2,2,7,7,0,2,2,4,7,4,4,0
7416,0,5,0,3,0,5,1,1,0,10,0,0,1,2,7,7,0,2,2,4,7,3,1,0
7417,1,3,2,4,0,7,1,0,1,0,1,0,1,2,6,6,0,2,1,0,7,4,2,1
7418,0,3,0,3,0,5,1,1,0,7,0,0,1,2,7,7,0,2,2,4,7,2,1,0
7419,1,3,2,4,0,2,1,0,1,0,1,0,1,2,7,6,0,2,1,0,7,4,4,1
7420,1,3,3,2,0,8,1,0,1,0,1,0,2,2,6,6,0,2,1,0,7,4,0,1
7421,1,3,3,4,0,7,1,0,1,0,1,0,2,2,6,7,0,2,1,0,7,4,0,1
7422,0,2,2,5,1,5,1,0,0,10,0,1,2,2,7,7,0,2,2,4,7,5,4,0
7423,1,3,3,4,0,2,1,0,1,0,1,0,1,2,7,6,0,2,1,0,7,4,0,1
7424,1,3,3,2,0,2,1,0,1,0,1,0,2,2,6,7,0,2,1,0,7,4,4,1
7425,0,2,2,4,0,5,0,0,0,11,0,0,2,2,5,5,0,0,1,4,0,1,2,0
7426,1,3,3,2,0,2,1,0,1,0,1,0,1,1,6,7,0,2,1,0,7,4,2,1
7427,1,3,3,4,0,8,1,0,1,0,1,0,1,1,7,7,0,2,1,0,7,4,0,1
7428,1,3,3,4,0,8,1,0,1,0,1,0,1,1,6,6,0,2,1,0,7,4,0,1
7429,1,2,3,4,0,7,1,0,1,0,1,0,2,1,7,7,0,2,1,0,7,4,4,1
7430,1,3,2,2,0,2,1,0,1,0,1,0,1,1,6,6,0,2,1,0,7,4,4,1
7431,1,3,3,2,0,7,1,0,1,0,1,0,1,1,6,6,0,2,1,0,7,4,2,1
7432,0,5,2,4,0,5,0,0,0,5,0,0,2,2,5,5,0,1,1,4,4,1,2,0
7433,1,2,2,2,0,7,1,0,1,0,1,0,1,2,7,6,0,2,1,0,7,4,4,1
7434,0,3,2,3,0,5,1,1,0,7,0,0,2,2,7,7,0,2,2,4,7,3,1,0
7435,1,3,2,2,0,7,1,0,1,0,1,0,2,2,6,6,0,2,1,0,7,4,2,1
7436,1,3,2,2,0,8,1,0,1,0,1,0,2,1,6,7,0,2,1,0,7,4,2,1
7437,0,2,2,4,0,5,0,0,0,5,0,0,2,2,5,5,0,1,1,4,4,4,2,0
7438,1,3,2,4,0,7,1,0,1,0,1,0,2,1,6,6,0,2,1,0,7,4,2,1
7439,0,5,0,3,0,5,1,1,0,7,0,0,2,1,7,7,0,2,2,4,7,3,1,0
7440,0,3,2,4,0,5,0,0,0,5,0,0,2,2,5,5,0,1,1,4,4,4,2,0
7441,1,2,2,2,0,7,1,0,1,0,1,0,2,2,6,6,0,2,1,0,7,4,4,1
7442,1,3,2,4,0,7,1,0,1,0,1,0,2,2,7,7,0,2,1,0,7,4,0,1
7443,0,2,3,4,1,5,1,0,0,10,0,1,2,2,7,7,0,2,2,4,7,5,4,0
7444,0,5,0,3,0,5,1,1,0,2,0,0,2,1,7,7,0,2,2,4,7,2,1,1
7445,0,3,2,8,0,5,1,1,0,10,0,0,1,2,7,7,0,2,2,4,7,2,1,0
7446,0,0,2,4,0,5,0,0,0,5,0,0,2,2,5,5,0,0,1,4,0,1,2,2
7447,1,3,3,2,0,7,1,0,1,0,1,0,1,1,7,7,0,2,1,0,7,4,4,1
7448,1,3,3,2,0,8,1,0,1,0,1,0,2,2,7,7,0,2,1,0,7,4,2,1
7449,0,3,3,4,0,5,1,0,0,10,0,1,3,3,4,4,0,2,2,4,7,5,4,0
7450,0,5,0,3,0,5,1,1,0,7,0,0,1,1,7,7,0,2,2,4,7,3,1,0
7451,1,3,2,4,0,2,1,0,1,0,1,0,1,1,7,7,0,2,1,0,7,4,4,1
7452,1,3,3,2,0,2,1,0,1,0,1,0,2,1,6,6,0,2,1,0,7,4,2,1
7453,1,3,3,4,0,2,1,0,1,0,1,0,2,1,7,7,0,2,1,0,7,4,0,1
7454,1,2,3,4,0,2,1,0,1,0,1,0,2,1,7,6,0,2,1,0,7,4,2,1
7455,0,2,2,4,0,5,0,0,0,11,0,0,2,2,5,5,0,0,1,4,0,4,2,0
7456,1,2,3,2,0,2,1,0,1,0,1,0,2,2,7,6,0,2,1,0,7,4,0,1
7457,1,3,2,4,0,7,1,0,1,0,1,0,2,1,6,6,0,2,1,0,7,4,4,1
7458,1,3,2,4,0,2,1,0,1,0,1,0,2,1,7,6,0,2,1,0,7,4,2,1
7459,0,0,2,4,0,5,0,0,0,5,0,0,2,2,5,5,0,1,1,4,8,1,2,0
7460,0,5,0,3,0,5,1,1,0,2,0,0,1,2,7,7,0,2,2,4,7,2,1,1
7461,1,3,2,4,0,7,1,0,1,0,1,0,2,1,7,7,0,2,1,0,7,4,4,1
7462,1,3,3,4,0,2,1,0,1,0,1,0,2,2,7,7,0,2,1,0,7,4,4,1
7463,0,5,2,3,0,5,1,1,0,10,0,0,2,2,7,7,0,2,2,4,7,3,1,0
7464,1,3,3,4,0,7,1,0,1,0,1,0,1,1,7,7,0,2,1,0,7,4,0,1
7465,1,3,2,2,0,7,1,0,1,0,1,0,1,2,7,6,0,2,1,0,7,4,0,1
7466,1,3,3,2,0,8,1,0,1,0,1,0,2,1,7,6,0,2,1,0,7,4,2,1
7467,0,0,2,4,0,5,0,0,0,6,0,0,2,2,5,5,0,0,1,4,4,1,2,0
7468,0,0,2,3,0,5,1,1,0,2,0,0,2,1,7,7,0,2,2,4,7,3,1,1
7469,1,5,3,2,0,4,0,0,0,10,0,2,1,3,1,1,0,2,0,3,7,1,0,0
7470,1,3,2,4,0,2,1,0,1,0,1,0,1,2,6,6,0,2,1,0,7,4,4,1
7471,1,3,3,2,0,2,1,0,1,0,1,0,1,2,6,6,0,2,1,0,7,4,0,1
7472,1,3,3,2,0,8,1,0,1,0,1,0,2,1,7,6,0,2,1,0,7,4,0,1
7473,1,3,2,4,0,2,1,0,1,0,1,0,1,1,7,6,0,2,1,0,7,4,0,1
7474,1,3,3,2,0,7,1,0,1,0,1,0,1,2,6,6,0,2,1,0,7,4,2,1
7475,1,3,2,2,0,7,1,0,1,0,1,0,2,2,6,7,0,2,1,0,7,4,0,1
7476,1,5,2,2,0,8,1,0,1,0,1,0,1,2,6,7,0,2,1,0,7,4,4,1
7477,1,3,2,2,0,7,1,0,1,0,1,0,2,2,7,6,0,2,1,0,7,4,0,1
7478,1,3,2,4,0,8,1,0,1,0,1,0,2,2,6,7,0,2,1,0,7,4,0,1
7479,0,0,0,3,0,5,1,1,0,10,0,0,1,1,7,7,0,2,2,4,7,3,1,0
7480,1,3,3,4,0,4,0,0,0,11,0,2,1,3,1,1,0,2,0,3,7,1,0,0
7481,0,2,2,4,1,5,1,0,0,10,0,1,2,2,7,7,0,2,2,4,7,4,4,0
7482,1,3,2,4,0,8,1,0,1,0,1,0,1,1,6,6,0,2,1,0,7,4,4,1
7483,1,2,3,9,0,5,1,1,1,11,0,2,3,3,8,8,0,3,1,0,7,1,2,0
7484,1,3,2,4,0,7,1,0,1,0,1,0,1,2,7,7,0,2,1,0,7,4,2,1
7485,1,2,3,2,0,4,0,0,0,11,0,2,1,3,1,1,0,2,0,3,7,1,0,0
7486,0,5,0,3,0,5,1,1,0,7,0,0,2,2,7,7,0,2,2,4,7,2,1,0
7487,1,3,3,4,0,8,1,0,1,0,1,0,2,1,6,7,0,2,1,0,7,4,0,1
7488,1,3,2,4,0,7,1,0,1,0,1,0,1,2,7,6,0,2,1,0,7,4,2,1
7489,1,2,3,4,0,8,1,0,1,0,1,0,2,2,6,6,0,2,1,0,7,4,0,1
7490,0,2,2,4,0,5,0,0,0,5,0,0,2,2,5,5,0,1,1,4,8,1,2,0
7491,1,3,3,4,0,7,1,0,1,0,1,0,2,2,6,6,0,2,1,0,7,4,0,1
7492,1,2,3,4,0,2,1,0,1,0,1,0,1,1,6,7,0,2,1,0,7,4,0,1
7493,1,3,2,4,0,7,1,0,1,0,1,0,1,1,7,7,0,2,1,0,7,4,4,1
7494,1,2,3,2,0,7,1,0,1,0,1,0,2,1,6,7,0,2,1,0,7,4,2,1
7495,1,3,2,4,0,7,1,0,1,0,1,0,1,1,7,6,0,2,1,0,7,4,4,1
7496,1,5,3,2,0,7,1,0,1,0,1,0,2,2,6,6,0,2,1,0,7,4,0,1
7497,1,3,3,4,0,8,1,0,1,0,1,0,2,1,6,6,0,2,1,0,7,4,4,1
7498,0,5,2,8,0,5,1,1,0,7,0,0,1,2,7,7,0,2,2,4,7,3,1,0
7499,0,5,2,3,0,5,1,1,0,2,0,0,2,1,7,7,0,2,2,4,7,3,1,1
7500,0,5,0,8,0,5,1,1,0,10,0,0,1,1,7,7,0,2,2,4,7,3,1,0
7501,1,3,2,4,0,7,1,0,1,0,1,0,1,2,6,7,0,2,1,0,7,4,0,1
7502,1,3,2,2,0,2,1,0,1,0,1,0,1,1,7,6,0,2,1,0,7,4,0,1
7503,1,3,3,2,0,8,1,0,1,0,1,0,2,1,6,7,0,2,1,0,7,4,4,1
7504,1,3,2,2,0,2,1,0,1,0,1,0,2,2,6,6,0,2,1,0,7,4,0,1
7505,1,3,2,4,0,8,1,0,1,0,1,0,1,2,6,6,0,2,1,0,7,4,4,1
7506,1,3,3,4,0,2,1,0,1,0,1,0,1,1,7,6,0,2,1,0,7,4,2,1
7507,1,3,3,2,0,8,1,0,1,0,1,0,2,2,7,7,0,2,1,0,7,4,4,1
7508,1,3,2,4,0,8,1,0,1,0,1,0,2,1,7,7,0,2,1,0,7,4,0,1
7509,1,3,2,2,0,7,1,0,1,0,1,0,2,1,7,7,0,2,1,0,7,4,0,1
7510,0,2,2,4,0,5,0,0,0,6,0,0,2,2,5,5,0,0,1,4,4,1,2,0
7511,1,2,2,4,0,7,1,0,1,0,1,0,2,2,7,7,0,2,1,0,7,4,0,1
7512,1,3,2,4,0,7,1,0,1,0,1,0,1,1,6,7,0,2,1,0,7,4,2,1
7513,0,5,2,3,0,5,1,1,0,2,0,0,1,2,7,7,0,2,2,4,7,2,1,1
7514,0,5,0,8,0,5,1,1,0,7,0,0,2,2,7,7,0,2,2,4,7,2,1,0
7515,1,3,3,4,0,7,1,0,1,0,1,0,2,2,7,6,0,2,1,0,7,4,0,1
7516,0,5,2,4,0,5,0,0,0,5,0,0,2,2,5,5,0,0,1,4,4,1,2,0
7517,1,3,3,4,0,7,1,0,1,0,1,0,1,1,7,6,0,2,1,0,7,4,2,1
7518,1,3,3,4,0,7,1,0,1,0,1,0,2,2,6,7,0,2,1,0,7,4,2,1
7519,1,3,3,4,0,7,1,0,1,0,1,0,2,2,7,6,0,2,1,0,7,4,4,1
7520,1,3,3,2,0,7,1,0,1,0,1,0,1,2,6,7,0,2,1,0,7,4,2,1
7521,1,3,2,4,0,2,1,0,1,0,1,0,1,1,6,6,0,2,1,0,7,4,2,1
7522,0,0,2,4,0,5,0,0,0,11,0,0,2,2,5,5,0,0,1,4,0,1,2,0
7523,0,2,2,4,0,5,0,0,0,6,0,0,2,2,5,5,0,1,1,4,3,1,2,0
7524,0,0,2,8,0,5,1,1,0,2,0,0,1,1,7,7,0,2,2,4,7,3,1,2
7525,1,3,2,4,0,8,1,0,1,0,1,0,1,1,6,7,0,2,1,0,7,4,2,1
7526,0,5,2,4,0,5,0,0,0,5,0,0,2,2,5,5,0,0,1,4,3,1,2,0
7527,1,3,3,4,0,7,1,0,1,0,1,0,1,2,6,7,0,2,1,0,7,4,0,1
7528,0,0,0,3,0,5,1,1,0,2,0,0,1,1,7,7,0,2,2,4,7,3,1,1
7529,0,0,2,3,0,5,1,1,0,7,0,0,1,2,7,7,0,2,2,4,7,2,1,0
7530,1,5,2,4,0,7,1,0,1,0,1,0,1,1,7,6,0,2,1,0,7,4,0,1
7531,0,5,2,4,0,5,0,0,0,5,0,0,2,2,5,5,0,1,1,4,0,1,2,2
7532,0,5,2,8,0,5,1,1,0,7,0,0,2,1,7,7,0,2,2,4,7,2,1,0
7533,0,5,2,4,0,5,1,0,0,10,0,1,3,3,4,4,0,2,2,4,7,5,4,0
7534,0,3,2,3,0,5,1,1,0,2,0,0,2,1,7,7,0,2,2,4,7,3,1,1
7535,0,5,2,8,0,5,1,1,0,2,0,0,1,1,7,7,0,2,2,4,7,2,1,2
7536,1,2,3,1,0,4,1,0,0,11,0,2,1,3,1,1,0,2,0,3,7,1,0,0
7537,0,5,2,4,0,5,0,0,0,11,0,0,2,2,5,5,0,1,1,4,8,1,2,0
7538,1,3,2,2,0,8,1,0,1,0,1,0,2,1,6,6,0,2,1,0,7,4,2,1
7539,1,3,3,2,0,7,1,0,1,0,1,0,2,1,6,7,0,2,1,0,7,4,2,1
7540,0,5,2,8,0,5,1,1,0,7,0,0,1,2,7,7,0,2,2,4,7,2,1,0
7541,0,3,0,8,0,5,1,1,0,2,0,0,1,1,7,7,0,2,2,4,7,3,1,2
7542,0,0,0,3,0,5,1,1,0,7,0,0,1,2,7,7,0,2,2,4,7,3,1,0
7543,0,3,2,4,0,5,0,0,0,5,0,0,2,2,5,5,0,1,1,4,0,4,2,0
7544,1,3,3,4,0,2,1,0,1,0,1,0,2,2,6,6,0,2,1,0,7,4,4,1
7545,1,2,3,2,0,7,1,0,1,0,1,0,1,1,6,6,0,2,1,0,7,4,4,1
7546,1,3,2,2,0,7,1,0,1,0,1,0,2,1,6,6,0,2,1,0,7,4,2,1
7547,0,3,2,4,0,5,0,0,0,11,0,0,2,2,5,5,0,0,1,4,3,4,2,0
7548,0,2,2,5,1,5,1,0,0,10,0,1,2,2,7,7,0,2,2,4,7,4,4,0
7549,1,3,3,4,0,2,1,0,1,0,1,0,1,1,7,7,0,2,1,0,7,4,4,1
7550,0,0,2,8,0,5,1,1,0,2,0,0,1,2,7,7,0,2,2,4,7,3,1,2
7551,1,3,2,2,0,8,1,0,1,0,1,0,2,2,7,6,0,2,1,0,7,4,4,1
7552,0,3,2,8,0,5,1,1,0,7,0,0,1,1,7,7,0,2,2,4,7,3,1,0
7553,1,3,3,4,0,7,1,0,1,0,1,0,2,1,6,6,0,2,1,0,7,4,2,1
7554,1,3,2,4,0,7,1,0,1,0,1,0,2,2,6,7,0,2,1,0,7,4,2,1
7555,0,2,2,4,0,5,0,0,0,11,0,0,2,2,5,5,0,1,1,4,0,1,2,0
7556,1,3,2,4,0,8,1,0,1,0,1,0,1,1,7,6,0,2,1,0,7,4,2,1
7557,1,3,3,2,0,2,1,0,1,0,1,0,1,1,6,6,0,2,1,0,7,4,0,1
7558,0,5,2,4,0,5,0,0,0,5,0,0,2,2,5,5,0,0,1,4,8,4,2,0
7559,0,5,0,8,0,5,1,1,0,2,0,0,1,1,7,7,0,2,2,4,7,2,1,2
7560,0,5,0,3,0,5,1,1,0,10,0,0,1,2,7,7,0,2,2,4,7,2,1,0
7561,0,5,2,4,0,5,0,0,0,5,0,0,2,2,5,5,0,0,1,4,0,4,2,0
7562,1,3,2,4,0,8,1,0,1,0,1,0,2,2,6,6,0,2,1,0,7,4,4,1
7563,1,3,3,2,0,8,1,0,1,0,1,0,1,1,7,7,0,2,1,0,7,4,4,1
7564,0,5,2,8,0,5,1,1,0,2,0,0,2,2,7,7,0,2,2,4,7,3,1,2
7565,1,3,3,2,0,8,1,0,1,0,1,0,1,2,6,6,0,2,1,0,7,4,0,1
7566,0,5,0,3,0,5,1,1,0,10,0,0,2,2,7,7,0,2,2,4,7,3,1,0
7567,1,3,2,4,0,7,1,0,1,0,1,0,1,1,6,6,0,2,1,0,7,4,2,1
7568,1,2,3,4,0,2,1,0,1,0,1,0,2,1,7,7,0,2,1,0,7,4,0,1
7569,1,3,2,2,0,7,1,0,1,0,1,0,1,2,7,7,0,2,1,0,7,4,0,1
7570,0,3,2,4,0,5,1,0,0,10,0,1,3,3,4,4,0,2,2,4,7,5,4,0
7571,1,3,2,2,0,8,1,0,1,0,1,0,1,2,7,7,0,2,1,0,7,4,2,1
7572,1,3,2,4,0,8,1,0,1,0,1,0,1,2,7,7,0,2,1,0,7,4,4,1
7573,0,0,2,3,0,5,1,1,0,2,0,0,2,2,7,7,0,2,2,4,7,3,1,1
7574,1,3,3,4,0,7,1,0,1,0,1,0,1,1,6,7,0,2,1,0,7,4,2,1
7575,1,3,2,4,0,2,1,0,1,0,1,0,1,2,7,7,0,2,1,0,7,4,4,1
7576,0,3,0,3,0,5,1,1,0,10,0,0,1,2,7,7,0,2,2,4,7,2,1,0
7577,1,3,3,4,0,2,1,0,1,0,1,0,2,1,6,6,0,2,1,0,7,4,2,1
7578,1,3,2,2,0,8,1,0,1,0,1,0,2,1,7,6,0,2,1,0,7,4,2,1
7579,1,3,3,4,0,7,1,0,1,0,1,0,1,2,6,6,0,2,1,0,7,4,4,1
7580,1,3,2,2,0,8,1,0,1,0,1,0,2,2,6,6,0,2,1,0,7,4,0,1
7581,0,3,0,8,0,5,1,1,0,2,0,0,2,1,7,7,0,2,2,4,7,2,1,2
7582,1,3,3,2,0,8,1,0,1,0,1,0,1,2,6,7,0,2,1,0,7,4,0,1
7583,1,3,3,2,0,7,1,0,1,0,1,0,1,1,6,7,0,2,1,0,7,4,0,1
7584,0,0,0,8,0,5,1,1,0,2,0,0,1,2,7,7,0,2,2,4,7,3,1,2
7585,0,5,2,3,0,5,1,1,0,2,0,0,2,2,7,7,0,2,2,4,7,2,1,1
7586,0,0,2,3,0,5,1,1,0,10,0,0,1,2,7,7,0,2,2,4,7,3,1,0
7587,1,3,3,2,0,7,1,0,1,0,1,0,2,1,6,6,0,2,1,0,7,4,4,1
7588,1,3,2,4,0,8,1,0,1,0,1,0,2,1,7,7,0,2,1,0,7,4,4,1
7589,1,3,3,2,0,8,1,0,1,0,1,0,1,1,7,7,0,2,1,0,7,4,0,1
7590,0,0,2,8,0,5,1,1,0,10,0,0,2,1,7,7,0,2,2,4,7,3,1,0
7591,1,2,2,2,0,2,1,0,1,0,1,0,2,2,6,7,0,2,1,0,7,4,0,1
7592,1,3,2,4,0,7,1,0,1,0,1,0,1,1,7,6,0,2,1,0,7,4,0,1
7593,0,3,2,8,0,5,1,1,0,7,0,0,2,1,7,7,0,2,2,4,7,3,1,0
7594,1,3,3,2,0,8,1,0,1,0,1,0,2,1,6,6,0,2,1,0,7,4,0,1
7595,1,3,2,2,0,2,1,0,1,0,1,0,1,2,7,7,0,2,1,0,7,4,2,1
7596,1,3,2,4,0,7,1,0,1,0,1,0,2,1,6,6,0,2,1,0,7,4,0,1
7597,0,5,2,4,1,5,1,0,0,10,0,1,2,2,7,7,0,2,2,4,7,4,4,0
7598,1,3,2,4,0,2,1,0,1,0,1,0,1,1,7,6,0,2,1,0,7,4,4,1
7599,1,3,3,2,0,2,1,0,1,0,1,0,1,1,6,6,0,2,1,0,7,4,4,1
7600,1,0,3,9,0,5,1,1,1,10,0,2,3,3,8,8,0,3,1,0,7,1,2,0
7601,1,3,3,2,0,2,1,0,1,0,1,0,1,1,7,6,0,2,1,0,7,4,2,1
7602,0,5,2,4,1,5,1,0,0,10,0,1,2,2,7,7,0,2,2,4,7,5,4,0
7603,1,3,2,2,0,2,1,0,1,0,1,0,2,2,6,6,0,2,1,0,7,4,4,1
7604,0,3,0,3,0,5,1,1,0,7,0,0,1,1,7,7,0,2,2,4,7,3,1,0
7605,1,3,2,2,0,7,1,0,1,0,1,0,2,2,6,6,0,2,1,0,7,4,0,1
7606,1,3,2,2,0,2,1,0,1,0,1,0,1,1,6,7,0,2,1,0,7,4,0,1
7607,1,3,2,4,0,8,1,0,1,0,1,0,2,2,7,6,0,2,1,0,7,4,2,1
7608,1,3,3,4,0,8,1,0,1,0,1,0,2,2,7,6,0,2,1,0,7,4,2,1
7609,0,5,0,3,0,5,1,1,0,7,0,0,1,2,7,7,0,2,2,4,7,2,1,0
7610,0,0,2,8,0,5,1,1,0,2,0,0,1,2,7,7,0,2,2,4,7,2,1,2
7611,1,3,3,2,0,7,1,0,1,0,1,0,1,2,7,6,0,2,1,0,7,4,0,1
7612,0,0,2,4,0,5,0,0,0,11,0,0,2,2,5,5,0,1,1,4,3,1,2,0
7613,1,3,3,2,0,8,1,0,1,0,1,0,1,1,6,6,0,2,1,0,7,4,4,1
7614,1,3,2,2,0,8,1,0,1,0,1,0,2,1,6,6,0,2,1,0,7,4,4,1
7615,0,0,2,3,0,5,1,1,0,2,0,0,1,2,7,7,0,2,2,4,7,3,1,1
7616,1,3,2,2,0,8,1,0,1,0,1,0,2,2,6,7,0,2,1,0,7,4,4,1
7617,0,0,2,4,0,5,0,0,0,5,0,0,2,2,5,5,0,0,1,4,4,4,2,0
7618,1,2,2,4,0,8,1,0,1,0,1,0,2,2,6,6,0,2,1,0,7,4,4,1
7619,1,3,2,2,0,8,1,0,1,0,1,0,1,2,7,7,0,2,1,0,7,4,0,1
7620,1,3,2,4,0,8,1,0,1,0,1,0,1,2,7,7,0,2,1,0,7,4,2,1
7621,1,3,3,4,0,8,1,0,1,0,1,0,2,2,6,6,0,2,1,0,7,4,2,1
7622,0,0,0,3,0,5,1,1,0,2,0,0,2,2,7,7,0,2,2,4,7,2,1,1
7623,0,3,2,8,0,5,1,1,0,2,0,0,2,2,7,7,0,2,2,4,7,3,1,2
7624,1,3,2,4,0,8,1,0,1,0,1,0,2,1,6,7,0,2,1,0,7,4,2,1
7625,1,2,3,4,0,2,1,0,1,0,1,0,1,1,6,6,0,2,1,0,7,4,0,1
7626,0,5,2,8,0,5,1,1,0,7,0,0,1,1,7,7,0,2,2,4,7,3,1,0
7627,0,5,2,4,0,5,0,0,0,6,0,0,2,2,5,5,0,1,1,4,0,1,2,0
7628,1,3,2,4,0,7,1,0,1,0,1,0,1,2,7,7,0,2,1,0,7,4,4,1
7629,1,3,3,4,0,7,1,0,1,0,1,0,2,2,7,7,0,2,1,0,7,4,2,1
7630,0,3,2,4,0,5,0,0,0,6,0,0,2,2,5,5,0,1,1,4,0,4,2,0
7631,0,0,0,8,0,5,1,1,0,10,0,0,1,1,7,7,0,2,2,4,7,3,1,0
7632,0,5,2,8,0,5,1,1,0,10,0,0,1,1,7,7,0,2,2,4,7,2,1,0
7633,1,2,3,2,0,8,1,0,1,0,1,0,2,2,6,7,0,2,1,0,7,4,4,1
7634,1,3,3,2,0,2,1,0,1,0,1,0,2,2,7,6,0,2,1,0,7,4,2,1
7635,1,5,3,2,0,4,1,0,0,11,0,2,1,3,1,1,0,2,0,3,7,1,0,0
7636,0,2,2,4,0,5,0,0,0,11,0,0,2,2,5,5,0,0,1,4,8,1,2,0
7637,1,3,2,4,0,2,1,0,1,0,1,0,2,1,6,6,0,2,1,0,7,4,0,1
7638,1,5,2,4,0,7,1,0,1,0,1,0,1,1,6,7,0,2,1,0,7,4,0,1
7639,1,3,3,2,0,7,1,0,1,0,1,0,2,1,6,7,0,2,1,0,7,4,0,1
7640,0,0,2,8,0,5,1,1,0,7,0,0,2,2,7,7,0,2,2,4,7,3,1,0
7641,0,0,2,3,0,5,1,1,0,7,0,0,1,2,7,7,0,2,2,4,7,3,1,0
7642,0,3,0,3,0,5,1,1,0,2,0,0,1,2,7,7,0,2,2,4,7,2,1,1
7643,0,3,0,3,0,5,1,1,0,7,0,0,1,1,7,7,0,2,2,4,7,2,1,0
7644,0,5,0,8,0,5,1,1,0,10,0,0,1,2,7,7,0,2,2,4,7,2,1,0
7645,1,3,3,2,0,7,1,0,1,0,1,0,1,2,6,6,0,2,1,0,7,4,4,1
7646,1,2,3,2,0,7,1,0,1,0,1,0,1,2,6,6,0,2,1,0,7,4,2,1
7647,1,3,3,2,0,7,1,0,1,0,1,0,2,2,6,7,0,2,1,0,7,4,2,1
7648,1,2,2,4,0,2,1,0,1,0,1,0,1,1,6,7,0,2,1,0,7,4,2,1
7649,0,0,2,8,0,5,1,1,0,7,0,0,1,2,7,7,0,2,2,4,7,3,1,0
7650,0,3,2,8,0,5,1,1,0,10,0,0,1,1,7,7,0,2,2,4,7,3,1,0
7651,0,0,0,8,0,5,1,1,0,7,0,0,2,2,7,7,0,2,2,4,7,2,1,0
7652,0,2,2,4,0,5,0,0,0,5,0,0,2,2,5,5,0,0,1,4,0,1,2,2
7653,1,3,3,2,0,7,1,0,1,0,1,0,2,2,6,7,0,2,1,0,7,4,0,1
7654,1,3,2,4,0,2,1,0,1,0,1,0,2,2,7,7,0,2,1,0,7,4,4,1
7655,1,3,2,4,0,8,1,0,1,0,1,0,2,1,7,6,0,2,1,0,7,4,4,1
7656,1,2,3,4,0,8,1,0,1,0,1,0,2,1,7,6,0,2,1,0,7,4,0,1
7657,1,5,2,2,0,2,1,0,1,0,1,0,1,1,6,7,0,2,1,0,7,4,2,1
7658,0,2,2,4,0,5,0,0,0,11,0,0,2,2,5,5,0,1,1,4,4,4,2,0
7659,0,3,0,8,0,5,1,1,0,10,0,0,2,1,7,7,0,2,2,4,7,3,1,0
7660,1,3,2,4,0,8,1,0,1,0,1,0,1,2,7,6,0,2,1,0,7,4,0,1
7661,1,5,2,4,0,8,1,0,1,0,1,0,1,2,7,7,0,2,1,0,7,4,0,1
7662,0,0,0,3,0,5,1,1,0,10,0,0,2,1,7,7,0,2,2,4,7,3,1,0
7663,1,3,3,4,0,7,1,0,1,0,1,0,1,1,6,6,0,2,1,0,7,4,0,1
7664,0,0,2,4,0,5,0,0,0,6,0,0,2,2,5,5,0,1,1,4,8,1,2,0
7665,0,2,2,4,0,5,0,0,0,11,0,0,2,2,5,5,0,1,1,4,3,4,2,0
7666,1,3,3,2,0,7,1,0,1,0,1,0,1,1,6,7,0,2,1,0,7,4,4,1
7667,1,3,2,2,0,7,1,0,1,0,1,0,1,1,6,6,0,2,1,0,7,4,0,1
7668,1,3,3,4,0,7,1,0,1,0,1,0,1,2,6,7,0,2,1,0,7,4,4,1
7669,1,3,3,2,0,7,1,0,1,0,1,0,2,1,7,7,0,2,1,0,7,4,4,1
7670,1,3,3,4,0,2,1,0,1,0,1,0,1,1,6,6,0,2,1,0,7,4,0,1
7671,0,5,2,3,0,5,1,1,0,10,0,0,1,1,7,7,0,2,2,4,7,3,1,0
7672,1,3,3,4,0,2,1,0,1,0,1,0,2,2,7,7,0,2,1,0,7,4,0,1
7673,0,2,3,1,1,5,1,0,0,10,0,1,2,2,7,7,0,2,2,4,7,4,4,0
7674,0,0,2,4,0,5,0,0,0,5,0,0,2,2,5,5,0,0,1,4,3,4,2,0
7675,1,3,2,2,0,8,1,0,1,0,1,0,2,1,7,7,0,2,1,0,7,4,2,1
7676,1,3,2,4,0,2,1,0,1,0,1,0,2,2,6,7,0,2,1,0,7,4,0,1
7677,1,3,3,4,0,2,1,0,1,0,1,0,2,2,7,6,0,2,1,0,7,4,4,1
7678,0,0,0,3,0,5,1,1,0,2,0,0,2,1,7,7,0,2,2,4,7,3,1,1
7679,1,3,3,4,0,7,1,0,1,0,1,0,1,1,7,7,0,2,1,0,7,4,4,1
7680,0,0,0,8,0,5,1,1,0,7,0,0,1,1,7,7,0,2,2,4,7,3,1,0
7681,1,3,2,2,0,2,1,0,1,0,1,0,2,1,6,6,0,2,1,0,7,4,2,1
7682,0,5,2,8,0,5,1,1,0,7,0,0,2,1,7,7,0,2,2,4,7,3,1,0
7683,1,3,3,2,0,2,1,0,1,0,1,0,2,1,7,7,0,2,1,0,7,4,2,1
7684,1,3,3,2,0,7,1,0,1,0,1,0,2,1,6,6,0,2,1,0,7,4,0,1
7685,0,5,2,8,0,5,1,1,0,10,0,0,1,2,7,7,0,2,2,4,7,2,1,0
7686,1,3,3,2,0,2,1,0,1,0,1,0,2,2,7,7,0,2,1,0,7,4,0,1
7687,1,3,3,4,0,7,1,0,1,0,1,0,2,1,7,6,0,2,1,0,7,4,4,1
7688,0,3,2,4,0,5,0,0,0,6,0,0,2,2,5,5,0,0,1,4,4,4,2,0
7689,0,3,2,4,0,5,0,0,0,6,0,0,2,2,5,5,0,0,1,4,3,4,2,0
7690,1,3,2,2,0,8,1,0,1,0,1,0,1,2,6,6,0,2,1,0,7,4,2,1
7691,1,3,2,2,0,7,1,0,1,0,1,0,1,2,7,6,0,2,1,0,7,4,4,1
7692,0,3,2,4,0,5,0,0,0,11,0,0,2,2,5,5,0,0,1,4,3,1,2,0
7693,1,3,2,4,0,8,1,0,1,0,1,0,2,1,6,7,0,2,1,0,7,4,0,1
7694,1,3,2,2,0,2,1,0,1,0,1,0,2,2,7,6,0,2,1,0,7,4,0,1
7695,1,3,3,2,0,7,1,0,1,0,1,0,1,1,6,6,0,2,1,0,7,4,0,1
7696,1,3,3,2,0,2,1,0,1,0,1,0,2,2,6,6,0,2,1,0,7,4,0,1
7697,1,3,3,2,0,2,1,0,1,0,1,0,2,1,7,6,0,2,1,0,7,4,2,1
7698,0,3,0,8,0,5,1,1,0,10,0,0,2,1,7,7,0,2,2,4,7,2,1,0
7699,0,0,2,4,0,5,0,0,0,6,0,0,2,2,5,5,0,1,1,4,3,4,2,0
7700,1,3,2,2,0,7,1,0,1,0,1,0,1,1,6,7,0,2,1,0,7,4,0,1
7701,0,2,2,4,0,5,0,0,0,11,0,0,2,2,5,5,0,1,1,4,0,4,2,0
7702,0,2,3,4,0,5,1,0,0,10,0,1,3,3,4,4,0,2,2,4,7,5,4,0
7703,1,3,3,2,0,8,1,0,1,0,1,0,1,2,7,7,0,2,1,0,7,4,2,1
7704,0,2,2,3,1,5,1,0,0,10,0,1,2,2,7,7,0,2,2,4,7,5,4,0
7705,0,5,2,5,1,5,1,0,0,10,0,1,2,2,7,7,0,2,2,4,7,4,4,0
7706,1,1,3,9,0,5,1,1,1,10,0,2,3,3,8,8,0,3,1,0,7,1,2,0
7707,1,3,2,2,0,2,1,0,1,0,1,0,1,2,6,6,0,2,1,0,7,4,4,1
7708,1,3,3,2,0,2,1,0,1,0,1,0,2,1,7,6,0,2,1,0,7,4,0,1
7709,1,3,3,2,0,4,0,0,0,11,0,2,1,3,1,1,0,2,0,3,7,1,0,0
7710,0,0,2,4,0,5,0,0,0,11,0,0,2,2,5,5,0,0,1,4,4,4,2,0
7711,1,3,2,4,0,7,1,0,1,0,1,0,2,1,6,7,0,2,1,0,7,4,2,1
7712,0,5,2,8,0,5,1,1,0,2,0,0,2,1,7,7,0,2,2,4,7,3,1,2
7713,1,5,2,2,0,2,1,0,1,0,1,0,2,2,7,7,0,2,1,0,7,4,2,1
7714,1,5,3,1,0,4,1,0,0,10,0,2,1,3,1,1,0,2,0,3,7,1,0,0
7715,1,2,2,4,0,7,1,0,1,0,1,0,2,2,6,6,0,2,1,0,7,4,2,1
7716,0,3,2,4,0,5,0,0,0,6,0,0,2,2,5,5,0,1,1,4,0,1,2,0
7717,0,0,3,4,0,5,1,0,0,10,0,1,3,3,4,4,0,2,2,4,7,5,0,0
7718,1,2,2,4,0,7,1,0,1,0,1,0,1,2,6,6,0,2,1,0,7,4,0,1
7719,1,3,2,4,0,8,1,0,1,0,1,0,2,2,6,7,0,2,1,0,7,4,4,1
7720,0,0,2,3,0,5,1,1,0,10,0,0,1,1,7,7,0,2,2,4,7,3,1,0
7721,0,5,3,4,1,5,1,0,0,10,0,1,2,2,7,7,0,2,2,4,7,4,4,0
7722,1,2,2,4,0,7,1,0,1,0,1,0,1,2,6,7,0,2,1,0,7,4,4,1
7723,0,3,2,4,0,5,0,0,0,6,0,0,2,2,5,5,0,0,1,4,8,1,2,0
7724,0,0,0,8,0,5,1,1,0,10,0,0,1,2,7,7,0,2,2,4,7,2,1,0
7725,0,5,0,8,0,5,1,1,0,2,0,0,2,2,7,7,0,2,2,4,7,2,1,2
7726,1,3,2,4,0,8,1,0,1,0,1,0,1,2,6,6,0,2,1,0,7,4,0,1
7727,1,5,3,4,0,4,0,0,0,11,0,2,1,3,1,1,0,2,0,3,7,1,0,0
7728,1,3,3,2,0,7,1,0,1,0,1,0,2,2,7,6,0,2,1,0,7,4,4,1
7729,0,5,2,4,0,5,0,0,0,6,0,0,2,2,5,5,0,0,1,4,0,1,2,0
7730,1,3,2,2,0,2,1,0,1,0,1,0,2,2,7,6,0,2,1,0,7,4,4,1
7731,1,5,2,2,0,7,1,0,1,0,1,0,1,2,6,6,0,2,1,0,7,4,2,1
7732,1,3,2,4,0,8,1,0,1,0,1,0,1,2,6,7,0,2,1,0,7,4,2,1
7733,1,3,3,2,0,7,1,0,1,0,1,0,1,1,7,7,0,2,1,0,7,4,0,1
7734,1,3,3,4,0,2,1,0,1,0,1,0,1,1,6,7,0,2,1,0,7,4,2,1
7735,1,3,2,2,0,2,1,0,1,0,1,0,2,1,6,6,0,2,1,0,7,4,0,1
7736,0,0,0,3,0,5,1,1,0,7,0,0,2,2,7,7,0,2,2,4,7,2,1,0
7737,0,3,2,4,0,5,0,0,0,6,0,0,2,2,5,5,0,0,1,4,8,4,2,0
7738,1,3,3,4,0,7,1,0,1,0,1,0,1,1,7,6,0,2,1,0,7,4,4,1
7739,1,3,3,9,0,5,1,1,1,10,0,2,3,3,8,8,0,3,1,0,7,1,2,0
7740,0,3,2,8,0,5,1,1,0,7,0,0,1,2,7,7,0,2,2,4,7,2,1,0
7741,0,5,2,4,0,5,0,0,0,5,0,0,2,2,5,5,0,1,1,4,8,1,2,0
7742,1,3,2,4,0,7,1,0,1,0,1,0,1,2,6,7,0,2,1,0,7,4,4,1
7743,0,3,0,3,0,5,1,1,0,7,0,0,2,1,7,7,0,2,2,4,7,3,1,0
7744,0,3,0,8,0,5,1,1,0,10,0,0,2,2,7,7,0,2,2,4,7,2,1,0
7745,0,2,2,4,0,5,0,0,0,6,0,0,2,2,5,5,0,0,1,4,0,1,2,0
7746,0,5,2,8,0,5,1,1,0,7,0,0,1,1,7,7,0,2,2,4,7,2,1,0
7747,0,0,2,3,0,5,1,1,0,10,0,0,1,1,7,7,0,2,2,4,7,2,1,0
7748,0,5,0,8,0,5,1,1,0,10,0,0,2,1,7,7,0,2,2,4,7,2,1,0
7749,0,3,0,8,0,5,1,1,0,7,0,0,1,2,7,7,0,2,2,4,7,2,1,0
7750,1,3,2,4,0,2,1,0,1,0,1,0,2,2,6,6,0,2,1,0,7,4,0,1
7751,1,3,3,2,0,7,1,0,1,0,1,0,2,2,7,6,0,2,1,0,7,4,0,1
7752,0,3,0,3,0,5,1,1,0,7,0,0,2,2,7,7,0,2,2,4,7,3,1,0
7753,0,5,2,8,0,5,1,1,0,7,0,0,2,2,7,7,0,2,2,4,7,3,1,0
7754,1,3,2,4,0,2,1,0,1,0,1,0,2,2,6,7,0,2,1,0,7,4,4,1
7755,1,3,3,4,0,7,1,0,1,0,1,0,1,2,7,6,0,2,1,0,7,4,0,1
7756,1,3,3,4,0,2,1,0,1,0,1,0,1,1,6,7,0,2,1,0,7,4,4,1
7757,1,3,2,2,0,2,1,0,1,0,1,0,1,1,7,6,0,2,1,0,7,4,4,1
7758,1,3,2,2,0,7,1,0,1,0,1,0,1,2,7,7,0,2,1,0,7,4,2,1
7759,0,0,2,4,0,5,0,0,0,11,0,0,2,2,5,5,0,1,1,4,3,4,2,0
7760,1,3,2,2,0,7,1,0,1,0,1,0,2,1,7,7,0,2,1,0,7,4,4,1
7761,0,5,2,3,0,5,1,1,0,7,0,0,2,2,7,7,0,2,2,4,7,2,1,0
7762,0,5,2,4,0,5,0,0,0,6,0,0,2,2,5,5,0,1,1,4,8,4,2,0
7763,0,0,2,8,0,5,1,1,0,10,0,0,1,1,7,7,0,2,2,4,7,2,1,0
7764,1,3,2,2,0,7,1,0,1,0,1,0,1,2,6,7,0,2,1,0,7,4,4,1
7765,0,5,2,4,0,5,0,0,0,11,0,0,2,2,5,5,0,1,1,4,3,4,2,0
7766,1,3,2,4,0,2,1,0,1,0,1,0,1,1,7,7,0,2,1,0,7,4,0,1
7767,1,3,2,2,0,2,1,0,1,0,1,0,1,2,6,6,0,2,1,0,7,4,0,1
7768,1,3,3,2,0,7,1,0,1,0,1,0,2,1,7,6,0,2,1,0,7,4,4,1
7769,0,0,0,8,0,5,1,1,0,7,0,0,2,2,7,7,0,2,2,4,7,3,1,0
7770,1,3,3,4,0,2,1,0,1,0,1,0,1,2,7,7,0,2,1,0,7,4,0,1
7771,1,3,2,2,0,7,1,0,1,0,1,0,1,1,7,6,0,2,1,0,7,4,0,1
7772,0,0,2,3,0,5,1,1,0,10,0,0,2,1,7,7,0,2,2,4,7,3,1,0
7773,1,3,2,4,0,8,1,0,1,0,1,0,1,1,6,6,0,2,1,0,7,4,0,1
7774,1,5,2,4,0,8,1,0,1,0,1,0,2,1,7,7,0,2,1,0,7,4,4,1
7775,1,3,3,2,0,2,1,0,1,0,1,0,1,2,6,7,0,2,1,0,7,4,2,1
7776,0,5,2,8,0,5,1,1,0,7,0,0,2,2,7,7,0,2,2,4,7,2,1,0
7777,0,5,2,8,0,5,1,1,0,2,0,0,1,1,7,7,0,2,2,4,7,3,1,2
7778,1,3,3,4,0,7,1,0,1,0,1,0,1,2,7,6,0,2,1,0,7,4,4,1
7779,0,3,2,4,0,5,1,0,0,10,0,1,3,3,4,4,0,2,2,4,7,5,0,0
7780,1,3,2,2,0,8,1,0,1,0,1,0,2,1,7,6,0,2,1,0,7,4,0,1
7781,1,3,3,2,0,7,1,0,1,0,1,0,2,2,7,6,0,2,1,0,7,4,2,1
7782,0,0,2,4,0,5,0,0,0,11,0,0,2,2,5,5,0,1,1,4,4,4,2,0
7783,0,0,0,3,0,5,1,1,0,10,0,0,2,1,7,7,0,2,2,4,7,2,1,0
7784,1,3,2,2,0,2,1,0,1,0,1,0,2,2,6,7,0,2,1,0,7,4,2,1
7785,1,3,2,4,0,7,1,0,1,0,1,0,2,2,7,6,0,2,1,0,7,4,2,1
7786,1,2,3,4,0,2,1,0,1,0,1,0,1,1,6,7,0,2,1,0,7,4,4,1
7787,1,2,3,4,0,2,1,0,1,0,1,0,2,1,6,7,0,2,1,0,7,4,0,1
7788,0,2,2,4,0,5,0,0,0,6,0,0,2,2,5,5,0,1,1,4,8,1,2,0
7789,1,3,3,4,0,8,1,0,1,0,1,0,2,2,7,7,0,2,1,0,7,4,0,1
7790,0,3,2,8,0,5,1,1,0,10,0,0,2,2,7,7,0,2,2,4,7,3,1,0
7791,0,0,2,4,0,5,0,0,0,11,0,0,2,2,5,5,0,1,1,4,0,1,2,0
7792,1,3,3,4,0,7,1,0,1,0,1,0,1,1,6,7,0,2,1,0,7,4,4,1
7793,1,3,2,4,0,8,1,0,1,0,1,0,1,2,7,6,0,2,1,0,7,4,4,1
7794,1,3,2,2,0,7,1,0,1,0,1,0,2,1,6,6,0,2,1,0,7,4,0,1
7795,0,3,2,8,0,5,1,1,0,7,0,0,2,1,7,7,0,2,2,4,7,2,1,0
7796,1,3,3,2,0,8,1,0,1,0,1,0,1,2,6,6,0,2,1,0,7,4,2,1
7797,0,5,2,8,0,5,1,1,0,10,0,0,2,2,7,7,0,2,2,4,7,3,1,0
7798,1,3,3,2,0,7,1,0,1,0,1,0,1,2,6,7,0,2,1,0,7,4,0,1
7799,1,3,3,2,0,7,1,0,1,0,1,0,1,1,7,6,0,2,1,0,7,4,0,1
7800,1,3,3,4,0,7,1,0,1,0,1,0,1,2,7,7,0,2,1,0,7,4,0,1
7801,1,2,3,1,0,4,0,0,0,10,0,2,1,3,1,1,0,2,0,3,7,1,0,0
7802,1,5,2,4,0,7,1,0,1,0,1,0,2,1,6,7,0,2,1,0,7,4,0,1
7803,0,3,0,3,0,5,1,1,0,10,0,0,1,2,7,7,0,2,2,4,7,3,1,0
7804,1,3,2,2,0,8,1,0,1,0,1,0,2,2,7,7,0,2,1,0,7,4,2,1
7805,1,5,3,4,0,4,1,0,0,10,0,2,1,3,1,1,0,2,0,3,7,1,0,0
7806,1,2,3,2,0,8,1,0,1,0,1,0,2,2,7,7,0,2,1,0,7,4,2,1
7807,0,3,2,4,0,5,0,0,0,5,0,0,2,2,5,5,0,0,1,4,0,1,2,2
7808,1,3,2,4,0,7,1,0,1,0,1,0,2,2,6,6,0,2,1,0,7,4,4,1
7809,0,0,0,3,0,5,1,1,0,2,0,0,2,1,7,7,0,2,2,4,7,2,1,1
7810,0,0,0,8,0,5,1,1,0,7,0,0,2,1,7,7,0,2,2,4,7,2,1,0
7811,0,5,2,4,0,5,0,0,0,11,0,0,2,2,5,5,0,1,1,4,8,4,2,0
7812,1,3,3,4,0,7,1,0,1,0,1,0,2,1,7,6,0,2,1,0,7,4,2,1
7813,0,2,2,4,0,5,0,0,0,11,0,0,2,2,5,5,0,0,1,4,4,1,2,0
7814,0,5,2,8,0,5,1,1,0,2,0,0,2,2,7,7,0,2,2,4,7,2,1,2
7815,1,3,2,2,0,7,1,0,1,0,1,0,2,2,7,7,0,2,1,0,7,4,2,1
7816,1,3,2,2,0,8,1,0,1,0,1,0,1,1,7,6,0,2,1,0,7,4,4,1
7817,0,5,2,3,0,5,1,1,0,10,0,0,1,1,7,7,0,2,2,4,7,2,1,0
7818,0,0,2,3,0,5,1,1,0,2,0,0,2,2,7,7,0,2,2,4,7,2,1,1
7819,1,3,3,4,0,2,1,0,1,0,1,0,2,1,6,6,0,2,1,0,7,4,0,1
7820,1,3,3,2,0,4,1,0,0,10,0,2,1,3,1,1,0,2,0,3,7,1,0,0
7821,1,3,3,2,0,2,1,0,1,0,1,0,2,2,7,6,0,2,1,0,7,4,4,1
7822,1,3,3,4,0,2,1,0,1,0,1,0,2,1,7,6,0,2,1,0,7,4,4,1
7823,0,5,0,8,0,5,1,1,0,7,0,0,1,2,7,7,0,2,2,4,7,3,1,0
7824,1,3,3,2,0,2,1,0,1,0,1,0,1,2,7,7,0,2,1,0,7,4,2,1
7825,0,0,2,4,0,5,0,0,0,11,0,0,2,2,5,5,0,0,1,4,0,4,2,0
7826,1,3,3,4,0,7,1,0,1,0,1,0,1,1,7,6,0,2,1,0,7,4,0,1
7827,1,3,2,4,0,7,1,0,1,0,1,0,2,2,7,6,0,2,1,0,7,4,4,1
7828,0,0,2,4,0,5,0,0,0,11,0,0,2,2,5,5,0,0,1,4,8,4,2,0
7829,0,2,2,4,0,5,0,0,0,6,0,0,2,2,5,5,0,0,1,4,3,4,2,0
7830,0,3,2,3,0,5,1,1,0,10,0,0,1,1,7,7,0,2,2,4,7,2,1,0
7831,0,2,2,4,0,5,0,0,0,11,0,0,2,2,5,5,0,1,1,4,8,1,2,0
7832,1,3,3,2,0,8,1,0,1,0,1,0,2,1,6,7,0,2,1,0,7,4,2,1
7833,0,0,2,4,0,5,0,0,0,5,0,0,2,2,5,5,0,0,1,4,0,4,2,0
7834,0,3,2,4,0,5,0,0,0,11,0,0,2,2,5,5,0,1,1,4,3,1,2,0
7835,1,3,3,2,0,8,1,0,1,0,1,0,2,1,7,7,0,2,1,0,7,4,0,1
7836,0,2,2,4,0,5,0,0,0,11,0,0,2,2,5,5,0,1,1,4,3,1,2,0
7837,1,3,2,2,0,2,1,0,1,0,1,0,1,2,7,6,0,2,1,0,7,4,0,1
7838,0,0,0,3,0,5,1,1,0,2,0,0,1,1,7,7,0,2,2,4,7,2,1,1
7839,1,3,3,4,0,8,1,0,1,0,1,0,2,2,7,6,0,2,1,0,7,4,0,1
7840,0,2,2,4,0,5,0,0,0,5,0,0,2,2,5,5,0,1,1,4,0,4,2,0
7841,1,3,2,4,0,7,1,0,1,0,1,0,1,1,7,6,0,2,1,0,7,4,2,1
7842,0,5,2,3,0,5,1,1,0,10,0,0,1,2,7,7,0,2,2,4,7,3,1,0
7843,0,5,2,3,0,5,1,1,0,2,0,0,1,1,7,7,0,2,2,4,7,3,1,1
7844,0,3,2,4,0,5,0,0,0,11,0,0,2,2,5,5,0,0,1,4,0,4,2,0
7845,0,5,2,4,0,5,0,0,0,11,0,0,2,2,5,5,0,0,1,4,0,1,2,0
7846,1,3,3,2,0,8,1,0,1,0,1,0,2,2,7,7,0,2,1,0,7,4,0,1
7847,0,5,0,3,0,5,1,1,0,10,0,0,1,1,7,7,0,2,2,4,7,2,1,0
7848,1,3,2,4,0,2,1,0,1,0,1,0,1,2,7,6,0,2,1,0,7,4,0,1
7849,1,3,3,2,0,7,1,0,1,0,1,0,1,2,6,6,0,2,1,0,7,4,0,1
7850,1,3,3,4,0,2,1,0,1,0,1,0,2,2,6,7,0,2,1,0,7,4,4,1
7851,1,3,2,2,0,2,1,0,1,0,1,0,1,2,6,7,0,2,1,0,7,4,0,1
7852,1,3,3,4,0,7,1,0,1,0,1,0,2,1,7,7,0,2,1,0,7,4,2,1
7853,1,3,3,2,0,7,1,0,1,0,1,0,2,2,6,6,0,2,1,0,7,4,2,1
7854,0,5,2,8,0,5,1,1,0,2,0,0,1,2,7,7,0,2,2,4,7,2,1,2
7855,1,3,2,4,0,7,1,0,1,0,1,0,2,2,6,6,0,2,1,0,7,4,2,1
7856,1,3,2,2,0,8,1,0,1,0,1,0,1,2,7,6,0,2,1,0,7,4,4,1
7857,1,3,2,2,0,7,1,0,1,0,1,0,2,2,7,7,0,2,1,0,7,4,4,1
7858,0,5,0,3,0,5,1,1,0,10,0,0,2,2,7,7,0,2,2,4,7,2,1,0
7859,0,5,2,4,0,5,0,0,0,6,0,0,2,2,5,5,0,1,1,4,4,1,2,0
7860,0,0,2,8,0,5,1,1,0,7,0,0,1,1,7,7,0,2,2,4,7,2,1,0
7861,1,3,2,4,0,2,1,0,1,0,1,0,2,1,7,7,0,2,1,0,7,4,2,1
7862,1,3,3,4,0,2,1,0,1,0,1,0,2,2,7,7,0,2,1,0,7,4,2,1
7863,1,3,2,4,0,7,1,0,1,0,1,0,2,2,7,6,0,2,1,0,7,4,0,1
7864,1,5,3,2,0,2,1,0,1,0,1,0,1,2,7,7,0,2,1,0,7,4,4,1
7865,1,3,3,2,0,2,1,0,1,0,1,0,1,2,6,7,0,2,1,0,7,4,0,1
7866,0,5,2,4,0,5,0,0,0,6,0,0,2,2,5,5,0,1,1,4,0,4,2,0
7867,0,5,2,3,0,5,1,1,0,2,0,0,1,2,7,7,0,2,2,4,7,3,1,1
7868,1,3,2,2,0,2,1,0,1,0,1,0,1,2,7,6,0,2,1,0,7,4,2,1
7869,1,3,3,2,0,2,1,0,1,0,1,0,1,2,6,6,0,2,1,0,7,4,2,1
7870,0,3,2,8,0,5,1,1,0,2,0,0,1,2,7,7,0,2,2,4,7,2,1,2
7871,0,0,2,4,0,5,0,0,0,11,0,0,2,2,5,5,0,1,1,4,0,4,2,0
7872,0,3,2,8,0,5,1,1,0,7,0,0,1,1,7,7,0,2,2,4,7,2,1,0
7873,1,3,2,2,0,7,1,0,1,0,1,0,2,1,6,7,0,2,1,0,7,4,0,1
7874,1,3,3,4,0,2,1,0,1,0,1,0,2,1,7,7,0,2,1,0,7,4,4,1
7875,1,3,2,2,0,8,1,0,1,0,1,0,2,2,6,6,0,2,1,0,7,4,2,1
7876,1,3,2,4,0,8,1,0,1,0,1,0,1,2,6,7,0,2,1,0,7,4,0,1
7877,1,5,2,4,0,7,1,0,1,0,1,0,1,1,6,7,0,2,1,0,7,4,2,1
7878,0,3,2,4,0,5,0,0,0,6,0,0,2,2,5,5,0,1,1,4,3,1,2,0
7879,1,3,2,4,0,2,1,0,1,0,1,0,1,2,7,7,0,2,1,0,7,4,0,1
7880,1,3,2,4,0,7,1,0,1,0,1,0,1,1,7,7,0,2,1,0,7,4,0,1
7881,1,3,3,2,0,2,1,0,1,0,1,0,2,1,6,7,0,2,1,0,7,4,2,1
7882,0,5,0,8,0,5,1,1,0,7,0,0,2,1,7,7,0,2,2,4,7,3,1,0
7883,1,2,2,2,0,8,1,0,1,0,1,0,1,2,7,6,0,2,1,0,7,4,0,1
7884,1,3,2,4,0,8,1,0,1,0,1,0,1,2,6,6,0,2,1,0,7,4,2,1
7885,1,3,2,2,0,2,1,0,1,0,1,0,2,2,7,7,0,2,1,0,7,4,0,1
7886,0,2,2,4,0,5,0,0,0,6,0,0,2,2,5,5,0,1,1,4,0,4,2,0
7887,0,5,3,4,0,5,1,0,0,10,0,1,3,3,4,4,0,2,2,4,7,5,0,0
7888,1,3,3,4,0,7,1,0,1,0,1,0,1,2,6,6,0,2,1,0,7,4,0,1
7889,1,3,2,2,0,7,1,0,1,0,1,0,1,1,6,7,0,2,1,0,7,4,2,1
7890,0,0,2,8,0,5,1,1,0,2,0,0,2,1,7,7,0,2,2,4,7,3,1,2
7891,1,3,3,4,0,7,1,0,1,0,1,0,2,2,7,7,0,2,1,0,7,4,4,1
7892,1,3,2,4,0,8,1,0,1,0,1,0,2,2,7,7,0,2,1,0,7,4,4,1
7893,0,5,2,4,0,5,0,0,0,6,0,0,2,2,5,5,0,1,1,4,3,1,2,0
7894,0,5,2,3,0,5,1,1,0,7,0,0,2,1,7,7,0,2,2,4,7,3,1,0
7895,0,5,2,3,0,5,1,1,0,2,0,0,1,1,7,7,0,2,2,4,7,2,1,1
7896,1,2,3,4,0,8,1,0,1,0,1,0,1,1,6,6,0,2,1,0,7,4,4,1
7897,1,2,3,4,0,7,1,0,1,0,1,0,2,2,7,6,0,2,1,0,7,4,0,1
7898,0,2,3,3,1,5,1,0,0,10,0,1,2,2,7,7,0,2,2,4,7,4,4,0
7899,1,3,2,2,0,8,1,0,1,0,1,0,2,2,6,7,0,2,1,0,7,4,0,1
7900,0,5,0,8,0,5,1,1,0,10,0,0,1,2,7,7,0,2,2,4,7,3,1,0
7901,1,3,3,4,0,7,1,0,1,0,1,0,2,1,6,7,0,2,1,0,7,4,4,1
7902,1,3,2,4,0,8,1,0,1,0,1,0,2,1,6,7,0,2,1,0,7,4,4,1
7903,1,5,2,2,0,2,1,0,1,0,1,0,2,1,6,7,0,2,1,0,7,4,4,1
7904,0,5,0,3,0,5,1,1,0,7,0,0,1,2,7,7,0,2,2,4,7,3,1,0
7905,0,2,2,4,0,5,0,0,0,5,0,0,2,2,5,5,0,1,1,4,3,4,2,0
7906,1,5,3,2,0,2,1,0,1,0,1,0,1,2,6,7,0,2,1,0,7,4,4,1
7907,0,0,0,8,0,5,1,1,0,10,0,0,2,2,7,7,0,2,2,4,7,3,1,0
7908,1,3,2,2,0,2,1,0,1,0,1,0,2,2,7,7,0,2,1,0,7,4,2,1
7909,0,5,0,3,0,5,1,1,0,7,0,0,2,2,7,7,0,2,2,4,7,3,1,0
7910,1,2,3,4,0,4,0,0,0,11,0,2,1,3,1,1,0,2,0,3,7,1,0,0
7911,0,5,2,4,0,5,0,0,0,11,0,0,2,2,5,5,0,0,1,4,4,4,2,0
7912,0,0,2,3,0,5,1,1,0,7,0,0,2,1,7,7,0,2,2,4,7,2,1,0
7913,0,0,2,4,0,5,0,0,0,5,0,0,2,2,5,5,0,1,1,4,4,4,2,0
7914,1,3,2,2,0,2,1,0,1,0,1,0,1,1,6,6,0,2,1,0,7,4,0,1
7915,0,2,2,4,0,5,0,0,0,6,0,0,2,2,5,5,0,1,1,4,4,4,2,0
7916,0,5,0,3,0,5,1,1,0,10,0,0,2,1,7,7,0,2,2,4,7,2,1,0
7917,1,3,2,4,0,2,1,0,1,0,1,0,2,1,7,7,0,2,1,0,7,4,4,1
7918,0,5,0,8,0,5,1,1,0,7,0,0,2,1,7,7,0,2,2,4,7,2,1,0
7919,0,2,3,5,1,5,1,0,0,10,0,1,2,2,7,7,0,2,2,4,7,4,4,0
7920,1,3,3,2,0,2,1,0,1,0,1,0,2,2,6,7,0,2,1,0,7,4,2,1
7921,0,3,0,3,0,5,1,1,0,10,0,0,2,1,7,7,0,2,2,4,7,2,1,0
7922,0,3,2,4,0,5,0,0,0,6,0,0,2,2,5,5,0,1,1,4,8,1,2,0
7923,1,3,2,4,0,2,1,0,1,0,1,0,1,1,6,7,0,2,1,0,7,4,0,1
7924,1,3,2,4,0,8,1,0,1,0,1,0,2,1,7,7,0,2,1,0,7,4,2,1
7925,1,3,2,2,0,7,1,0,1,0,1,0,2,1,7,6,0,2,1,0,7,4,4,1
7926,1,3,3,4,0,7,1,0,1,0,1,0,2,1,6,6,0,2,1,0,7,4,0,1
7927,0,3,2,4,0,5,0,0,0,6,0,0,2,2,5,5,0,0,1,4,4,1,2,0
7928,1,3,3,4,0,7,1,0,1,0,1,0,1,2,7,7,0,2,1,0,7,4,4,1
7929,0,3,0,8,0,5,1,1,0,7,0,0,2,1,7,7,0,2,2,4,7,3,1,0
7930,1,3,3,2,0,2,1,0,1,0,1,0,1,1,6,7,0,2,1,0,7,4,4,1
7931,0,2,2,4,0,5,1,0,0,10,0,1,3,3,4,4,0,2,2,4,7,5,4,0
7932,1,3,2,2,0,7,1,0,1,0,1,0,2,1,6,7,0,2,1,0,7,4,4,1
7933,0,5,0,3,0,5,1,1,0,10,0,0,1,1,7,7,0,2,2,4,7,3,1,0
7934,1,3,3,2,0,2,1,0,1,0,1,0,2,2,6,7,0,2,1,0,7,4,0,1
7935,1,3,3,2,0,8,1,0,1,0,1,0,1,2,7,7,0,2,1,0,7,4,0,1
7936,1,3,2,4,0,2,1,0,1,0,1,0,2,2,7,6,0,2,1,0,7,4,2,1
7937,0,0,2,4,0,5,0,0,0,5,0,0,2,2,5,5,0,0,1,4,4,1,2,0
7938,0,3,2,8,0,5,1,1,0,10,0,0,2,2,7,7,0,2,2,4,7,2,1,0
7939,0,0,2,4,0,5,0,0,0,11,0,0,2,2,5,5,0,1,1,4,4,1,2,0
7940,0,2,3,3,1,5,1,0,0,10,0,1,2,2,7,7,0,2,2,4,7,5,4,0
7941,1,3,3,2,0,4,0,0,0,10,0,2,1,3,1,1,0,2,0,3,7,1,0,0
7942,1,5,3,2,0,8,1,0,1,0,1,0,2,2,7,6,0,2,1,0,7,4,0,1
7943,1,3,3,4,0,2,1,0,1,0,1,0,1,2,6,7,0,2,1,0,7,4,4,1
7944,0,3,2,4,0,5,0,0,0,11,0,0,2,2,5,5,0,1,1,4,8,4,2,0
7945,0,3,2,4,0,5,0,0,0,5,0,0,2,2,5,5,0,1,1,4,4,1,2,0
7946,0,5,3,1,1,5,1,0,0,10,0,1,2,2,7,7,0,2,2,4,7,4,4,0
7947,1,3,2,2,0,7,1,0,1,0,1,0,1,2,7,6,0,2,1,0,7,4,2,1
7948,1,3,3,4,0,8,1,0,1,0,1,0,2,1,6,6,0,2,1,0,7,4,2,1
7949,1,3,2,2,0,7,1,0,1,0,1,0,2,2,6,7,0,2,1,0,7,4,2,1
7950,1,3,3,4,0,8,1,0,1,0,1,0,2,1,7,6,0,2,1,0,7,4,0,1
7951,1,3,3,2,0,2,1,0,1,0,1,0,1,2,7,6,0,2,1,0,7,4,4,1
7952,0,2,2,1,1,5,1,0,0,10,0,1,2,2,7,7,0,2,2,4,7,4,4,0
7953,0,5,2,4,0,5,0,0,0,6,0,0,2,2,5,5,0,0,1,4,3,1,2,0
7954,0,0,0,8,0,5,1,1,0,10,0,0,2,1,7,7,0,2,2,4,7,2,1,0
7955,0,3,0,3,0,5,1,1,0,2,0,0,2,1,7,7,0,2,2,4,7,3,1,1
7956,0,2,2,4,0,5,0,0,0,11,0,0,2,2,5,5,0,1,1,4,4,1,2,0
7957,0,3,2,4,0,5,0,0,0,5,0,0,2,2,5,5,0,0,1,4,4,1,2,0
7958,0,3,0,8,0,5,1,1,0,2,0,0,2,2,7,7,0,2,2,4,7,2,1,2
7959,1,3,3,2,0,2,1,0,1,0,1,0,1,2,7,6,0,2,1,0,7,4,2,1
7960,0,0,0,8,0,5,1,1,0,2,0,0,1,1,7,7,0,2,2,4,7,3,1,2
7961,1,3,3,4,0,8,1,0,1,0,1,0,2,2,7,6,0,2,1,0,7,4,4,1
7962,1,3,3,2,0,8,1,0,1,0,1,0,1,1,7,6,0,2,1,0,7,4,0,1
7963,1,3,3,4,0,2,1,0,1,0,1,0,2,1,7,6,0,2,1,0,7,4,0,1
7964,0,5,2,4,0,5,0,0,0,6,0,0,2,2,5,5,0,0,1,4,8,4,2,0
7965,0,5,3,4,1,5,1,0,0,10,0,1,2,2,7,7,0,2,2,4,7,5,4,0
7966,0,0,2,8,0,5,1,1,0,7,0,0,2,1,7,7,0,2,2,4,7,2,1,0
7967,1,2,3,4,0,2,1,0,1,0,1,0,1,2,7,6,0,2,1,0,7,4,0,1
7968,1,3,2,4,0,2,1,0,1,0,1,0,2,1,6,7,0,2,1,0,7,4,2,1
7969,1,3,2,2,0,8,1,0,1,0,1,0,2,1,6,7,0,2,1,0,7,4,4,1
7970,0,5,2,4,0,5,0,0,0,6,0,0,2,2,5,5,0,0,1,4,8,1,2,0
7971,0,5,2,4,0,5,0,0,0,11,0,0,2,2,5,5,0,0,1,4,3,4,2,0
7972,0,0,2,8,0,5,1,1,0,10,0,0,2,2,7,7,0,2,2,4,7,3,1,0
7973,1,5,3,2,0,2,1,0,1,0,1,0,2,2,6,6,0,2,1,0,7,4,4,1
7974,0,0,0,8,0,5,1,1,0,10,0,0,1,2,7,7,0,2,2,4,7,3,1,0
7975,0,0,0,8,0,5,1,1,0,2,0,0,2,1,7,7,0,2,2,4,7,2,1,2
7976,0,0,0,8,0,5,1,1,0,2,0,0,1,2,7,7,0,2,2,4,7,2,1,2
7977,0,3,2,4,0,5,0,0,0,6,0,0,2,2,5,5,0,1,1,4,4,4,2,0
7978,1,3,3,2,0,7,1,0,1,0,1,0,2,1,6,7,0,2,1,0,7,4,4,1
7979,0,3,2,4,0,5,0,0,0,11,0,0,2,2,5,5,0,0,1,4,4,4,2,0
7980,1,3,2,2,0,2,1,0,1,0,1,0,1,2,7,7,0,2,1,0,7,4,0,1
7981,1,3,3,1,0,4,0,0,0,11,0,2,1,3,1,1,0,2,0,3,7,1,0,0
7982,1,3,2,4,0,8,1,0,1,0,1,0,2,2,6,6,0,2,1,0,7,4,0,1
7983,0,5,2,3,0,5,1,1,0,2,0,0,2,1,7,7,0,2,2,4,7,2,1,1
7984,0,2,2,4,0,5,1,0,0,10,0,1,3,3,4,4,0,2,2,4,7,5,0,0
7985,0,3,2,4,0,5,0,0,0,11,0,0,2,2,5,5,0,0,1,4,8,1,2,0
7986,0,0,3,4,0,5,1,0,0,10,0,1,3,3,4,4,0,2,2,4,7,5,4,0
7987,1,5,2,4,0,2,1,0,1,0,1,0,1,1,6,6,0,2,1,0,7,4,2,1
7988,0,0,2,4,0,5,0,0,0,6,0,0,2,2,5,5,0,1,1,4,0,1,2,0
7989,1,2,2,4,0,8,1,0,1,0,1,0,1,1,7,7,0,2,1,0,7,4,4,1
7990,1,3,3,4,0,2,1,0,1,0,1,0,1,2,6,6,0,2,1,0,7,4,4,1
7991,0,3,2,3,0,5,1,1,0,10,0,0,1,2,7,7,0,2,2,4,7,2,1,0
7992,1,3,3,4,0,2,1,0,1,0,1,0,2,1,7,7,0,2,1,0,7,4,2,1
7993,0,3,0,3,0,5,1,1,0,2,0,0,1,2,7,7,0,2,2,4,7,3,1,1
7994,0,5,2,4,0,5,0,0,0,11,0,0,2,2,5,5,0,0,1,4,4,1,2,0
7995,1,3,2,2,0,8,1,0,1,0,1,0,2,1,7,7,0,2,1,0,7,4,4,1
7996,0,2,2,4,0,5,0,0,0,6,0,0,2,2,5,5,0,0,1,4,8,4,2,0
7997,1,3,2,4,0,8,1,0,1,0,1,0,1,1,6,6,0,2,1,0,7,4,2,1
7998,1,3,3,4,0,7,1,0,1,0,1,0,2,2,6,6,0,2,1,0,7,4,4,1
7999,0,3,2,4,0,5,0,0,0,5,0,0,2,2,5,5,0,0,1,4,3,4,2,0
8000,0,0,2,4,0,5,0,0,0,5,0,0,2,2,5,5,0,1,1,4,3,1,2,0
8001,0,5,3,4,0,5,1,0,0,10,0,1,3,3,4,4,0,2,2,4,7,5,4,0
8002,0,5,2,8,0,5,1,1,0,10,0,0,1,2,7,7,0,2,2,4,7,3,1,0
8003,0,2,2,4,0,5,0,0,0,5,0,0,2,2,5,5,0,0,1,4,4,4,2,0
8004,1,2,2,4,0,2,1,0,1,0,1,0,2,1,7,6,0,2,1,0,7,4,4,1
8005,1,5,3,2,0,7,1,0,1,0,1,0,2,2,7,6,0,2,1,0,7,4,0,1
8006,1,3,3,2,0,8,1,0,1,0,1,0,2,1,7,6,0,2,1,0,7,4,4,1
8007,1,3,2,2,0,2,1,0,1,0,1,0,2,1,6,7,0,2,1,0,7,4,0,1
8008,1,3,2,2,0,2,1,0,1,0,1,0,1,1,6,7,0,2,1,0,7,4,4,1
8009,0,0,2,4,0,5,0,0,0,6,0,0,2,2,5,5,0,0,1,4,3,4,2,0
8010,0,5,2,4,0,5,0,0,0,11,0,0,2,2,5,5,0,0,1,4,8,4,2,0
8011,0,2,2,4,0,5,0,0,0,6,0,0,2,2,5,5,0,1,1,4,8,4,2,0
8012,1,3,2,4,0,7,1,0,1,0,1,0,2,2,7,7,0,2,1,0,7,4,2,1
8013,0,0,2,4,0,5,0,0,0,5,0,0,2,2,5,5,0,1,1,4,0,4,2,0
8014,0,3,2,3,0,5,1,1,0,10,0,0,2,2,7,7,0,2,2,4,7,3,1,0
8015,0,3,0,8,0,5,1,1,0,7,0,0,1,1,7,7,0,2,2,4,7,3,1,0
8016,1,3,2,2,0,7,1,0,1,0,1,0,1,2,6,6,0,2,1,0,7,4,4,1
8017,0,0,0,8,0,5,1,1,0,2,0,0,1,1,7,7,0,2,2,4,7,2,1,2
8018,0,5,2,8,0,5,1,1,0,10,0,0,2,1,7,7,0,2,2,4,7,3,1,0
8019,0,0,0,8,0,5,1,1,0,7,0,0,2,1,7,7,0,2,2,4,7,3,1,0
8020,1,3,3,4,0,8,1,0,1,0,1,0,2,2,6,6,0,2,1,0,7,4,0,1
8021,1,2,2,4,0,8,1,0,1,0,1,0,1,2,6,7,0,2,1,0,7,4,2,1
8022,1,2,3,2,0,8,1,0,1,0,1,0,1,1,6,6,0,2,1,0,7,4,4,1
8023,1,3,2,2,0,8,1,0,1,0,1,0,2,1,7,6,0,2,1,0,7,4,4,1
8024,1,3,3,4,0,2,1,0,1,0,1,0,1,2,6,6,0,2,1,0,7,4,0,1
8025,0,5,2,4,0,5,0,0,0,11,0,0,2,2,5,5,0,0,1,4,8,1,2,0
8026,0,2,2,4,0,5,0,0,0,11,0,0,2,2,5,5,0,0,1,4,3,4,2,0
8027,1,3,3,4,0,2,1,0,1,0,1,0,1,2,6,6,0,2,1,0,7,4,2,1
8028,1,3,2,4,0,2,1,0,1,0,1,0,2,2,6,7,0,2,1,0,7,4,2,1
8029,0,5,0,3,0,5,1,1,0,2,0,0,2,2,7,7,0,2,2,4,7,2,1,1
8030,0,3,2,8,0,5,1,1,0,10,0,0,2,1,7,7,0,2,2,4,7,3,1,0
8031,1,3,3,2,0,2,1,0,1,0,1,0,2,1,6,6,0,2,1,0,7,4,4,1
8032,1,5,2,4,0,2,1,0,1,0,1,0,2,2,7,7,0,2,1,0,7,4,0,1
8033,1,3,3,4,0,2,1,0,1,0,1,0,2,2,6,7,0,2,1,0,7,4,2,1
8034,0,3,2,4,0,5,0,0,0,5,0,0,2,2,5,5,0,1,1,4,0,1,2,2
8035,0,0,0,8,0,5,1,1,0,7,0,0,1,2,7,7,0,2,2,4,7,2,1,0
8036,0,3,2,4,0,5,0,0,0,5,0,0,2,2,5,5,0,0,1,4,0,4,2,0
8037,1,3,3,2,0,8,1,0,1,0,1,0,1,1,6,7,0,2,1,0,7,4,0,1
8038,0,5,3,3,1,5,1,0,0,10,0,1,2,2,7,7,0,2,2,4,7,5,4,0
8039,1,3,2,2,0,2,1,0,1,0,1,0,2,1,7,7,0,2,1,0,7,4,2,1
8040,0,0,2,4,0,5,0,0,0,5,0,0,2,2,5,5,0,1,1,4,8,4,2,0
8041,1,3,3,2,0,8,1,0,1,0,1,0,1,2,6,7,0,2,1,0,7,4,4,1
8042,0,5,2,4,0,5,0,0,0,11,0,0,2,2,5,5,0,1,1,4,0,1,2,0
8043,0,2,2,4,0,5,0,0,0,5,0,0,2,2,5,5,0,0,1,4,0,4,2,0
8044,0,2,2,4,0,5,0,0,0,5,0,0,2,2,5,5,0,0,1,4,8,1,2,0
8045,1,3,3,2,0,8,1,0,1,0,1,0,1,2,7,6,0,2,1,0,7,4,4,1
8046,0,0,0,3,0,5,1,1,0,2,0,0,1,2,7,7,0,2,2,4,7,2,1,1
8047,1,3,2,2,0,8,1,0,1,0,1,0,2,1,6,7,0,2,1,0,7,4,0,1
8048,1,3,2,4,0,8,1,0,1,0,1,0,2,1,7,6,0,2,1,0,7,4,0,1
8049,1,3,3,4,0,2,1,0,1,0,1,0,1,2,7,7,0,2,1,0,7,4,2,1
8050,1,3,2,4,0,7,1,0,1,0,1,0,2,1,7,6,0,2,1,0,7,4,0,1
8051,0,5,0,8,0,5,1,1,0,10,0,0,2,1,7,7,0,2,2,4,7,3,1,0
8052,0,2,2,4,0,5,0,0,0,11,0,0,2,2,5,5,0,0,1,4,4,4,2,0
8053,1,3,3,4,0,2,1,0,1,0,1,0,1,1,7,6,0,2,1,0,7,4,0,1
8054,0,5,2,4,0,5,0,0,0,5,0,0,2,2,5,5,0,0,1,4,3,4,2,0
8055,0,0,0,3,0,5,1,1,0,10,0,0,1,2,7,7,0,2,2,4,7,2,1,0
8056,0,0,2,4,0,5,0,0,0,6,0,0,2,2,5,5,0,1,1,4,8,4,2,0
8057,0,5,2,4,0,5,0,0,0,6,0,0,2,2,5,5,0,0,1,4,4,4,2,0
8058,1,3,2,2,0,7,1,0,1,0,1,0,2,1,7,6,0,2,1,0,7,4,2,1
8059,1,3,2,4,0,2,1,0,1,0,1,0,2,2,7,6,0,2,1,0,7,4,4,1
8060,1,3,2,4,0,7,1,0,1,0,1,0,1,2,6,6,0,2,1,0,7,4,0,1
8061,1,3,2,4,0,7,1,0,1,0,1,0,1,1,6,6,0,2,1,0,7,4,4,1
8062,1,3,3,4,0,8,1,0,1,0,1,0,2,1,6,7,0,2,1,0,7,4,2,1
8063,0,3,0,8,0,5,1,1,0,10,0,0,1,2,7,7,0,2,2,4,7,3,1,0
8064,1,3,3,2,0,2,1,0,1,0,1,0,2,2,6,6,0,2,1,0,7,4,2,1
8065,0,3,2,4,0,5,0,0,0,11,0,0,2,2,5,5,0,1,1,4,0,4,2,0
8066,1,3,2,2,0,2,1,0,1,0,1,0,1,1,7,7,0,2,1,0,7,4,4,1
8067,0,0,2,4,0,5,0,0,0,5,0,0,2,2,5,5,0,1,1,4,0,1,2,2
8068,0,2,2,4,0,5,0,0,0,6,0,0,2,2,5,5,0,1,1,4,0,1,2,0
8069,0,3,2,4,0,5,0,0,0,5,0,0,2,2,5,5,0,0,1,4,3,1,2,0
8070,1,3,3,2,0,7,1,0,1,0,1,0,1,1,7,7,0,2,1,0,7,4,2,1
8071,0,3,2,4,0,5,0,0,0,5,0,0,2,2,5,5,0,1,1,4,8,4,2,0
8072,1,3,3,2,0,2,1,0,1,0,1,0,1,1,7,7,0,2,1,0,7,4,4,1
8073,0,3,2,4,0,5,0,0,0,5,0,0,2,2,5,5,0,0,1,4,8,4,2,0
8074,0,0,0,3,0,5,1,1,0,10,0,0,1,1,7,7,0,2,2,4,7,2,1,0
8075,0,2,2,4,0,5,0,0,0,6,0,0,2,2,5,5,0,1,1,4,4,1,2,0
8076,0,0,2,4,0,5,0,0,0,6,0,0,2,2,5,5,0,0,1,4,8,1,2,0
8077,0,2,2,4,0,5,0,0,0,6,0,0,2,2,5,5,0,0,1,4,4,4,2,0
8078,0,0,0,3,0,5,1,1,0,2,0,0,2,2,7,7,0,2,2,4,7,3,1,1
8079,1,3,3,2,0,2,1,0,1,0,1,0,2,2,7,7,0,2,1,0,7,4,2,1
8080,1,3,2,4,0,7,1,0,1,0,1,0,2,1,6,7,0,2,1,0,7,4,0,1
8081,1,3,3,4,0,2,1,0,1,0,1,0,1,2,7,7,0,2,1,0,7,4,4,1
8082,1,3,2,2,0,7,1,0,1,0,1,0,1,1,6,6,0,2,1,0,7,4,4,1
8083,1,3,3,4,0,8,1,0,1,0,1,0,2,2,7,7,0,2,1,0,7,4,2,1
8084,0,0,0,3,0,5,1,1,0,7,0,0,1,1,7,7,0,2,2,4,7,3,1,0
8085,0,3,0,8,0,5,1,1,0,2,0,0,2,1,7,7,0,2,2,4,7,3,1,2
8086,0,3,2,4,0,5,0,0,0,5,0,0,2,2,5,5,0,0,1,4,4,4,2,0
8087,1,5,2,2,0,2,1,0,1,0,1,0,1,2,7,6,0,2,1,0,7,4,4,1
8088,0,3,2,4,0,5,0,0,0,5,0,0,2,2,5,5,0,1,1,4,3,4,2,0
8089,1,3,3,2,0,2,1,0,1,0,1,0,1,1,7,6,0,2,1,0,7,4,0,1
8090,1,3,2,4,0,2,1,0,1,0,1,0,1,2,6,6,0,2,1,0,7,4,0,1
8091,1,3,3,2,0,2,1,0,1,0,1,0,2,1,7,7,0,2,1,0,7,4,4,1
8092,1,3,3,2,0,8,1,0,1,0,1,0,2,2,6,6,0,2,1,0,7,4,4,1
8093,1,5,2,4,0,8,1,0,1,0,1,0,1,1,7,7,0,2,1,0,7,4,0,1
8094,0,0,2,3,0,5,1,1,0,2,0,0,1,2,7,7,0,2,2,4,7,2,1,1
8095,1,5,3,1,0,4,1,0,0,11,0,2,1,3,1,1,0,2,0,3,7,1,0,0
8096,0,3,0,8,0,5,1,1,0,10,0,0,1,2,7,7,0,2,2,4,7,2,1,0
8097,1,3,3,4,0,7,1,0,1,0,1,0,1,1,6,6,0,2,1,0,7,4,2,1
8098,1,3,2,2,0,8,1,0,1,0,1,0,1,1,7,6,0,2,1,0,7,4,0,1
8099,0,3,0,8,0,5,1,1,0,10,0,0,1,1,7,7,0,2,2,4,7,3,1,0
8100,0,2,2,4,0,5,0,0,0,6,0,0,2,2,5,5,0,0,1,4,0,4,2,0
8101,1,3,2,2,0,7,1,0,1,0,1,0,2,2,6,7,0,2,1,0,7,4,4,1
8102,0,5,2,4,0,5,0,0,0,11,0,0,2,2,5,5,0,0,1,4,3,1,2,0
8103,0,3,2,4,0,5,0,0,0,11,0,0,2,2,5,5,0,0,1,4,4,1,2,0
8104,0,3,2,4,0,5,0,0,0,11,0,0,2,2,5,5,0,1,1,4,3,4,2,0
8105,0,3,2,4,0,5,0,0,0,11,0,0,2,2,5,5,0,0,1,4,8,4,2,0
8106,0,3,2,4,0,5,0,0,0,6,0,0,2,2,5,5,0,1,1,4,3,4,2,0
8107,0,5,2,4,0,5,0,0,0,11,0,0,2,2,5,5,0,1,1,4,3,1,2,0
8108,1,3,3,2,0,8,1,0,1,0,1,0,1,2,6,7,0,2,1,0,7,4,2,1
8109,0,0,2,8,0,5,1,1,0,10,0,0,2,2,7,7,0,2,2,4,7,2,1,0
8110,0,5,2,4,0,5,0,0,0,6,0,0,2,2,5,5,0,1,1,4,3,4,2,0
8111,0,3,2,8,0,5,1,1,0,7,0,0,2,2,7,7,0,2,2,4,7,2,1,0
8112,0,3,2,4,0,5,0,0,0,6,0,0,2,2,5,5,0,0,1,4,0,4,2,0
8113,1,3,3,2,0,8,1,0,1,0,1,0,1,1,6,6,0,2,1,0,7,4,0,1
8114,1,2,3,1,0,4,0,0,0,11,0,2,1,3,1,1,0,2,0,3,7,1,0,0
8115,0,5,2,4,0,5,0,0,0,11,0,0,2,2,5,5,0,1,1,4,4,4,2,0
8116,1,3,3,4,0,7,1,0,1,0,1,0,2,1,6,7,0,2,1,0,7,4,2,1
8117,1,3,2,2,0,8,1,0,1,0,1,0,1,2,6,7,0,2,1,0,7,4,0,1
8118,1,3,3,4,0,2,1,0,1,0,1,0,1,2,6,7,0,2,1,0,7,4,0,1
8119,0,3,2,4,0,5,0,0,0,11,0,0,2,2,5,5,0,1,1,4,0,1,2,0
8120,0,5,2,4,0,5,0,0,0,11,0,0,2,2,5,5,0,0,1,4,0,4,2,0
8121,0,2,2,4,0,5,0,0,0,5,0,0,2,2,5,5,0,1,1,4,0,1,2,2
8122,1,3,3,4,0,8,1,0,1,0,1,0,2,1,7,7,0,2,1,0,7,4,2,1
8123,0,5,2,4,0,5,0,0,0,11,0,0,2,2,5,5,0,1,1,4,4,1,2,0
